referencing_file,referenced_path,reference_type,path_exists,is_ignored,is_generated,notes
AGENTS.md,docs/literature,inline-path,true,false,false,
AGENTS.md,docs/literature/pdf,inline-path,true,false,false,
AGENTS.md,docs/literature/pdf/2003JSVb.pdf,inline-path,true,false,false,
AGENTS.md,docs/literature/source_index.md,inline-path,true,false,false,
AGENTS.md,docs/project_log/journal.md,inline-path,true,false,false,
AGENTS.md,docs/project_rules.md,inline-path,true,false,false,
AGENTS.md,docs/theory,inline-path,true,false,false,
AGENTS.md,docs/theory/assumptions.md,inline-path,true,false,false,
AGENTS.md,docs/theory/equations.tex,inline-path,true,false,false,
AGENTS.md,scripts/lib/analytic_branch_tracking.py,inline-path,true,false,false,
AGENTS.md,skills/external_writing_general.md,inline-path,true,false,false,
AGENTS.md,skills/paper_dorofeev_style_article_writing.md,inline-path,true,false,false,
AGENTS.md,skills/thickness_mismatch_timoshenko_article_writing.md,inline-path,true,false,false,
AGENTS.md,src/my_project,inline-path,true,true,false,
AGENTS.md,src/my_project/analytic,inline-path,true,true,false,
AGENTS.md,src/my_project/fem,inline-path,true,false,false,
CHANGELOG.md,docs/literature/pdf/2003JSVb.pdf,inline-path,true,false,false,
CHANGELOG.md,docs/project_rules.md,inline-path,true,false,false,
CHANGELOG.md,docs/theory/assumptions.md,inline-path,true,false,false,
CHANGELOG.md,docs/theory/equations.tex,inline-path,true,false,false,
CHANGELOG.md,docs/theory/main_note.md,inline-path,true,false,false,
CHANGELOG.md,docs/thickness_mismatch/README.md,inline-path,true,false,false,
CHANGELOG.md,paper_dorofeev_style/bib/references.bib,inline-path,false,false,false,broken_or_not_present_in_snapshot
CHANGELOG.md,paper_dorofeev_style/dorofeev_article_journal_template.tex,inline-path,false,false,false,broken_or_not_present_in_snapshot
CHANGELOG.md,paper_dorofeev_style/figures,inline-path,false,false,false,broken_or_not_present_in_snapshot
CHANGELOG.md,paper_dorofeev_style/generate_article_spectral_figures.py,inline-path,false,false,false,broken_or_not_present_in_snapshot
CHANGELOG.md,paper_dorofeev_style/generate_descendant5_vibration_shape_figures.py,inline-path,false,false,false,broken_or_not_present_in_snapshot
CHANGELOG.md,paper_dorofeev_style/generate_fixed_fixed_reference_spectral_figures.py,inline-path,false,false,false,broken_or_not_present_in_snapshot
CHANGELOG.md,paper_dorofeev_style/generate_targeted_analysis_figures.py,inline-path,false,false,false,broken_or_not_present_in_snapshot
CHANGELOG.md,paper_dorofeev_style/main.tex,inline-path,false,false,false,broken_or_not_present_in_snapshot
CHANGELOG.md,paper_dorofeev_style/manuscript.tex,inline-path,false,false,false,broken_or_not_present_in_snapshot
CHANGELOG.md,paper_dorofeev_style/sections/analytic_model.tex,inline-path,false,false,false,broken_or_not_present_in_snapshot
CHANGELOG.md,paper_dorofeev_style/sections/baseline_spectral_picture_mu0.tex,inline-path,false,false,false,broken_or_not_present_in_snapshot
CHANGELOG.md,paper_dorofeev_style/sections/introduction.tex,inline-path,false,false,false,broken_or_not_present_in_snapshot
CHANGELOG.md,paper_dorofeev_style/sections/mode_shapes_and_frequency_shift.tex,inline-path,false,false,false,broken_or_not_present_in_snapshot
CHANGELOG.md,results/_smoke,inline-path,true,true,true,
CHANGELOG.md,results/_smoke/3d_fem_environment_check,inline-path,true,true,true,
CHANGELOG.md,results/article_fig3_with_fp_and_ff_refs.png,inline-path,false,false,true,broken_or_not_present_in_snapshot
CHANGELOG.md,results/article_shape_validation_beta15_report.md,inline-path,false,false,true,broken_or_not_present_in_snapshot
CHANGELOG.md,results/article_shape_validation_beta15_summary.csv,inline-path,false,false,true,broken_or_not_present_in_snapshot
CHANGELOG.md,results/beta90_in_plane_single_rod_reference_comparison,inline-path,false,false,true,broken_or_not_present_in_snapshot
CHANGELOG.md,results/debug,inline-path,false,false,true,broken_or_not_present_in_snapshot
CHANGELOG.md,results/eb_epsilon_apriori_pilot,inline-path,true,true,true,
CHANGELOG.md,results/eb_rule_ab_exact_pareto,inline-path,true,true,true,
CHANGELOG.md,results/eb_timo_clean_mode_shapes,inline-path,true,true,true,
CHANGELOG.md,results/eb_timo_mode_shapes_eps0p03_beta45_eta0_modes4_6,inline-path,true,true,true,
CHANGELOG.md,results/eb_validity_fixed_epsilon_geometry_scan,inline-path,true,true,true,
CHANGELOG.md,results/eb_validity_vs_timoshenko_stage1,inline-path,true,true,true,
CHANGELOG.md,results/eb_validity_vs_timoshenko_stage1/cache,inline-path,true,true,true,
CHANGELOG.md,results/eb_vs_timoshenko_3d_validation/stepped_beta0_mu0p5_eta0p1,inline-path,true,true,true,
CHANGELOG.md,results/eb_vs_timoshenko_3d_validation/uniform_beta0_eps0p05,inline-path,true,true,true,
CHANGELOG.md,results/eb_vs_timoshenko_lambda_beta_cases,inline-path,true,true,true,
CHANGELOG.md,results/eb_vs_timoshenko_lambda_beta_cases/cache,inline-path,true,true,true,
CHANGELOG.md,results/eb_vs_timoshenko_lambda_mu_cases,inline-path,true,true,true,
CHANGELOG.md,results/eb_vs_timoshenko_longitudinal_suspect_modes,inline-path,true,true,true,
CHANGELOG.md,results/fem_spectrum.csv,inline-path,false,false,true,broken_or_not_present_in_snapshot
CHANGELOG.md,results/full_spectrum_analytic_vs_3d_fem/coupled_mu0p3_eta0_beta15,inline-path,false,false,true,broken_or_not_present_in_snapshot
CHANGELOG.md,results/full_spectrum_analytic_vs_3d_fem/smoke_straight_uniform,inline-path,false,false,true,broken_or_not_present_in_snapshot
CHANGELOG.md,results/full_spectrum_analytic_vs_3d_fem/straight_uniform_mesh_convergence,inline-path,false,false,true,broken_or_not_present_in_snapshot
CHANGELOG.md,results/in_plane_mode_shapes_beta90_mu0p3_eta0p1_first6,inline-path,false,false,true,broken_or_not_present_in_snapshot
CHANGELOG.md,results/in_plane_vs_out_of_plane_lambda_beta,inline-path,false,false,true,broken_or_not_present_in_snapshot
CHANGELOG.md,results/lambda_eta_beta90_mu_scan_single_rod_refs,inline-path,false,false,true,broken_or_not_present_in_snapshot
CHANGELOG.md,results/lambda_mu_beta15_eps0p0025_modes7_dash7.,inline-path,false,false,true,broken_or_not_present_in_snapshot
CHANGELOG.md,results/lambda_mu_beta90_eta_scan_single_rod_refs,inline-path,false,false,true,broken_or_not_present_in_snapshot
CHANGELOG.md,results/right_arm_force_projection_sign_audit.md,inline-path,false,false,true,broken_or_not_present_in_snapshot
CHANGELOG.md,results/single_beam_exact_shape_residual_axial.csv,inline-path,false,false,true,broken_or_not_present_in_snapshot
CHANGELOG.md,results/single_beam_exact_shape_residual_bending.csv,inline-path,false,false,true,broken_or_not_present_in_snapshot
CHANGELOG.md,results/single_rod_reference_audit,inline-path,false,false,true,broken_or_not_present_in_snapshot
CHANGELOG.md,results/solid_fem_joint_constraint_bracketing_audit,inline-path,false,false,true,broken_or_not_present_in_snapshot
CHANGELOG.md,results/solid_fem_joint_coupling_models_audit,inline-path,false,false,true,broken_or_not_present_in_snapshot
CHANGELOG.md,results/solid_fem_point_joint_mu0_eps0p01_audit,inline-path,false,false,true,broken_or_not_present_in_snapshot
CHANGELOG.md,results/solid_fem_rigid_joint_equal_thickness_beta15_lambda_mu,inline-path,false,false,true,broken_or_not_present_in_snapshot
CHANGELOG.md,results/solid_fem_rigid_joint_thickness_trend,inline-path,false,false,true,broken_or_not_present_in_snapshot
CHANGELOG.md,results/thickness_mismatch_lambda_eta_tracking_report.md,inline-path,false,false,true,broken_or_not_present_in_snapshot
CHANGELOG.md,results/thickness_mismatch_lambda_mu_eta_sweep_tracking_report.md,inline-path,false,false,true,broken_or_not_present_in_snapshot
CHANGELOG.md,results/timoshenko_mode_shape_diagnostics,inline-path,true,true,true,
CHANGELOG.md,results/timoshenko_shape_construction_audit,inline-path,true,true,true,
CHANGELOG.md,scripts/README.md,inline-path,true,false,false,
CHANGELOG.md,scripts/analysis,inline-path,true,true,false,
CHANGELOG.md,scripts/analysis/audit_mode_shape_branch2_beta_transition_eta0p1_mu0p3.py,inline-path,true,false,false,
CHANGELOG.md,scripts/analysis/check_analytic_shape_in_fem_residual.py,inline-path,true,false,false,
CHANGELOG.md,scripts/analysis/check_beta0_single_rod_limit.py,inline-path,true,false,false,
CHANGELOG.md,scripts/analysis/check_fem_right_transform_variants.py,inline-path,true,false,false,
CHANGELOG.md,scripts/analysis/check_mu_to_one_single_rod_limit.py,inline-path,true,false,false,
CHANGELOG.md,scripts/analysis/check_single_beam_exact_shape_residual.py,inline-path,true,false,false,
CHANGELOG.md,scripts/analysis/compare_analytic_fem_tracked_descendant_shape.py,inline-path,true,false,false,
CHANGELOG.md,scripts/analysis/compare_joint_dynamic_stiffness_analytic_fem.py,inline-path,true,false,false,
CHANGELOG.md,scripts/analysis/plot_article_fig3_with_fp_and_ff_refs.py,inline-path,true,false,false,
CHANGELOG.md,scripts/analysis/plot_desc05_full_shapes_beta15_eps_sweep.py,inline-path,true,false,false,
CHANGELOG.md,scripts/analysis/plot_lambda_vs_beta_fixed_mu.py,inline-path,true,false,false,
CHANGELOG.md,scripts/analysis/plot_mode_shapes_eta_beta_scan.py,inline-path,true,false,false,
CHANGELOG.md,scripts/analysis/plot_mode_shapes_eta_beta_scan_sorted_modes.py,inline-path,true,false,false,
CHANGELOG.md,scripts/analysis/plot_thickness_mismatch_branch5_shapes.py,inline-path,true,false,false,
CHANGELOG.md,scripts/analysis/thickness_mismatch,inline-path,true,true,false,
CHANGELOG.md,scripts/analysis/thickness_mismatch/audits/analyze_universal_eb_validity_parameters_stage1.py,inline-path,true,false,false,
CHANGELOG.md,scripts/analysis/thickness_mismatch/audits/audit_eb_validity_fixed_epsilon_geometry_scan.py,inline-path,true,false,false,
CHANGELOG.md,scripts/analysis/thickness_mismatch/audits/audit_eb_validity_vs_timoshenko_stage1.py,inline-path,true,false,false,
CHANGELOG.md,scripts/analysis/thickness_mismatch/postprocess/analyze_eb_safe_prefix_certification.py,inline-path,true,false,false,
CHANGELOG.md,scripts/analysis/track_lambda_eta_thickness_mismatch.py,inline-path,true,false,false,
CHANGELOG.md,scripts/analysis/track_lambda_mu_thickness_mismatch_eta_sweep.py,inline-path,true,false,false,
CHANGELOG.md,scripts/analysis/validate_article_shape_cases_beta15.py,inline-path,true,false,false,
CHANGELOG.md,scripts/analyze_branchwise_fem_spectrum.py,inline-path,true,false,false,
CHANGELOG.md,scripts/analyze_target_descendants_beta15_r5.py,inline-path,true,false,false,
CHANGELOG.md,scripts/compare_beta0_analytic_vs_fem.py,inline-path,true,false,false,
CHANGELOG.md,scripts/compare_beta_positive_type_aware.py,inline-path,true,false,false,
CHANGELOG.md,scripts/lib/analytic_branch_tracking.py,inline-path,true,false,false,
CHANGELOG.md,scripts/lib/analytic_coupled_rods_shapes.py,inline-path,true,false,false,
CHANGELOG.md,scripts/lib/diagnostic_common.py,inline-path,true,false,false,
CHANGELOG.md,scripts/lib/in_plane_shape_geometry.py,inline-path,true,false,false,
CHANGELOG.md,scripts/lib/tracked_bending_descendant_shapes.py,inline-path,true,false,false,
CHANGELOG.md,scripts/plot_beta_sweep_mu0_compare.py,inline-path,true,false,false,
CHANGELOG.md,scripts/plot_beta_sweep_mu0_four_radii_compare.py,inline-path,true,false,false,
CHANGELOG.md,scripts/plot_flat_mu_bending_desc,inline-path,false,false,false,broken_or_not_present_in_snapshot
CHANGELOG.md,scripts/plot_flat_mu_bending_desc_01_mu0_0p1_0p2_ru.py,inline-path,true,false,false,
CHANGELOG.md,scripts/plot_flat_mu_bending_desc_02_mu0_0p1_0p2_ru.py,inline-path,true,false,false,
CHANGELOG.md,scripts/plot_freq_mu_vs_fem.py,inline-path,true,false,false,
CHANGELOG.md,scripts/plot_mu_sweep_beta0_four_radii_compare.py,inline-path,true,false,false,
CHANGELOG.md,scripts/plot_mu_sweep_beta_fixed_four_radii_compare.py,inline-path,true,false,false,
CHANGELOG.md,scripts/plot_tracked_bending_descendant_shapes_ru.py,inline-path,true,false,false,
CHANGELOG.md,scripts/run,inline-path,true,true,false,
CHANGELOG.md,scripts/run/run_analytic_coupled_rods_mode_shape_ru.py,inline-path,true,false,false,
CHANGELOG.md,scripts/run/run_analytic_coupled_rods_vibration_shapes_beta15_mu06_eps0025_001_ru.py,inline-path,true,false,false,
CHANGELOG.md,scripts/run/run_lambda_mu_beta15_eps001_fixed_fixed_ref.py,inline-path,true,false,false,
CHANGELOG.md,scripts/run/run_lambda_mu_fixed_beta_analytic.py,inline-path,true,false,false,
CHANGELOG.md,scripts/run/run_tracked_bending_descendant_shape_ru.py,inline-path,true,false,false,
CHANGELOG.md,src/my_project/analytic,inline-path,true,true,false,
CHANGELOG.md,src/my_project/analytic/FreqFromAngle.py,inline-path,true,false,false,
CHANGELOG.md,src/my_project/analytic/FreqFromMu.py,inline-path,true,false,false,
CHANGELOG.md,src/my_project/analytic/FreqMuNet.py,inline-path,true,false,false,
CHANGELOG.md,src/my_project/analytic/formulas.py,inline-path,true,false,false,
CHANGELOG.md,src/my_project/analytic/formulas_thickness_mismatch.py,inline-path,true,false,false,
CHANGELOG.md,src/my_project/analytic/solvers.py,inline-path,true,false,false,
CHANGELOG.md,src/my_project/fem/python_fem.py,inline-path,true,false,false,
CHANGELOG.md,tests/test_analytic_branch_tracking_regression.py,inline-path,true,false,false,
CHANGELOG.md,tests/test_analytic_smoke.py,inline-path,true,false,false,
CHANGELOG.md,tests/test_eb_validity_fixed_epsilon_scan.py,inline-path,true,false,false,
CHANGELOG.md,tests/test_eb_validity_metrics.py,inline-path,true,false,false,
CHANGELOG.md,tests/test_fem_right_transform_convention.py,inline-path,true,false,false,
CHANGELOG.md,tests/test_universal_eb_validity_parameters.py,inline-path,true,false,false,
README.md,docs/literature,inline-path,true,false,false,
README.md,docs/literature/pdf,inline-path,true,false,false,
README.md,docs/literature/pdf/2003JSVb.pdf,inline-path,true,false,false,
README.md,docs/project_rules.md,inline-path,true,false,false,
README.md,docs/theory,inline-path,true,false,false,
README.md,docs/writing,inline-path,true,false,false,
README.md,results/fem_spectrum.csv,inline-path,false,false,true,broken_or_not_present_in_snapshot
README.md,scripts/README.md,inline-path,true,false,false,
README.md,scripts/run/run_beta_sweep_mu0_four_radii.py,inline-path,true,false,false,
README.md,scripts/run/run_branchwise_fem_audit.py,inline-path,true,false,false,
README.md,scripts/run/run_mu_sweep_beta0_four_radii.py,inline-path,true,false,false,
README.md,scripts/run/run_mu_sweep_fixed_beta_four_radii.py,inline-path,true,false,false,
README.md,scripts/run/run_mu_sweep_four_betas_analytic.py,inline-path,true,false,false,
README.md,scripts/run/run_tracked_bending_descendant_shape_ru.py,inline-path,true,false,false,
README.md,src/my_project/analytic,inline-path,true,true,false,
README.md,src/my_project/analytic/FreqFromAngle.py,inline-path,true,false,false,
README.md,src/my_project/analytic/FreqFromMu.py,inline-path,true,false,false,
README.md,src/my_project/analytic/FreqMuNet.py,inline-path,true,false,false,
README.md,src/my_project/analytic/formulas.py,inline-path,true,false,false,
README.md,src/my_project/analytic/solvers.py,inline-path,true,false,false,
README.md,src/my_project/fem,inline-path,true,false,false,
README.md,src/my_project/fem/python_fem.py,inline-path,true,false,false,
README.md,tests/test_analytic_smoke.py,inline-path,true,false,false,
docs/literature/notes/ehrhardt_2018_clamped_beam_veering.md,docs/literature/pdf/ehrhardt2018.pdf,inline-path,true,false,false,
docs/literature/notes/fontanela_2021_nonlinear_localisation_coupled_beams.md,docs/literature/pdf/s11071-020-05760-x.pdf,inline-path,true,false,false,
docs/literature/notes/lacarbonara_2005_imperfect_beams_veering.md,docs/literature/pdf/lacarbonara2005.pdf,inline-path,true,false,false,
docs/literature/notes/manconi_2017_veering_strong_coupling.md,docs/literature/pdf/vib_139_02_021009.pdf,inline-path,true,false,false,
docs/literature/notes/nair_1973_quasi_degeneracies.md,docs/literature/pdf/nair1973.pdf,inline-path,true,false,false,
docs/literature/source_index.md,docs/literature/bibliography.bib,inline-path,true,false,false,
docs/literature/source_index.md,docs/literature/pdf,inline-path,true,false,false,
docs/literature/source_index.md,docs/literature/pdf/02.-Dissertatsiya_M.-K.-CHien-_21.03.25_.pdf,inline-path,false,false,false,broken_or_not_present_in_snapshot
docs/literature/source_index.md,docs/literature/pdf/1.pdf,inline-path,true,false,false,
docs/literature/source_index.md,docs/literature/pdf/2003JSVb.pdf,inline-path,true,false,false,
docs/literature/source_index.md,docs/literature/pdf/2104.01275v2.pdf,inline-path,true,false,false,
docs/literature/source_index.md,docs/literature/pdf/A2-1.pdf,inline-path,true,false,false,
docs/literature/source_index.md,docs/literature/pdf/A2-2.pdf,inline-path,true,false,false,
docs/literature/source_index.md,docs/literature/pdf/A2-3.pdf,inline-path,true,false,false,
docs/literature/source_index.md,docs/literature/pdf/A2-4.pdf,inline-path,true,false,false,
docs/literature/source_index.md,docs/literature/pdf/Dissertatsiya-Pavlov-A.M.pdf,inline-path,true,false,false,
docs/literature/source_index.md,docs/literature/pdf/Vibration_Analysis_of_a_Jib_Crane_using.pdf,inline-path,true,false,false,
docs/literature/source_index.md,docs/literature/pdf/Vibrations_of_elastically_restrained_fra.pdf,inline-path,true,false,false,
docs/literature/source_index.md,docs/literature/pdf/Wave-basedin-planevibrationanalysisofmultiplecoupledbeamstructureswitharbitraryconnectionangleandelastic__boundaryrestraints.pdf,inline-path,true,false,false,
docs/literature/source_index.md,docs/literature/pdf/ehrhardt2018.pdf,inline-path,true,false,false,
docs/literature/source_index.md,docs/literature/pdf/lacarbonara2005.pdf,inline-path,true,false,false,
docs/literature/source_index.md,docs/literature/pdf/lfmo8.pdf,inline-path,true,false,false,
docs/literature/source_index.md,docs/literature/pdf/nair1973.pdf,inline-path,true,false,false,
docs/literature/source_index.md,docs/literature/pdf/opredelenie-spektra-svobodnyh-kolebaniy-prostranstvennoy-sistemy-pryamyh-odnorodnyh-sterzhney.pdf,inline-path,true,false,false,
docs/literature/source_index.md,docs/literature/pdf/s0894-91662960007-x.pdf,inline-path,true,false,false,
docs/literature/source_index.md,docs/literature/pdf/s11071-020-05760-x.pdf,inline-path,true,false,false,
docs/literature/source_index.md,docs/literature/pdf/vgsa2015-3-8.pdf,inline-path,true,false,false,
docs/literature/source_index.md,docs/literature/pdf/vib_139_02_021009.pdf,inline-path,true,false,false,
docs/literature/source_index.md,docs/literature/timoshenko_shear_sources.md,inline-path,true,false,false,
docs/literature/timoshenko_shear_sources.md,docs/literature/pdf,inline-path,true,false,false,
docs/project_log/journal.md,docs/thickness_mismatch/eb_safe_spectrum_prefix_research_plan.md,inline-path,true,false,false,
docs/project_log/journal.md,scripts/analysis/thickness_mismatch/audits/data/eb_epsilon_lower_envelope_step3_cases.csv,inline-path,true,false,false,
docs/project_log/journal.md,scripts/analysis/thickness_mismatch/postprocess/analyze_eb_safe_prefix_certification.py,inline-path,true,false,false,
docs/project_rules.md,docs/literature/source_index.md,inline-path,true,false,false,
docs/project_rules.md,docs/theory/AGENTS.md,inline-path,true,false,false,
docs/project_rules.md,docs/theory/assumptions.md,inline-path,true,false,false,
docs/project_rules.md,docs/theory/equations.tex,inline-path,true,false,false,
docs/project_rules.md,docs/thickness_mismatch/README.md,inline-path,true,false,false,
docs/project_rules.md,docs/veering/literature_assessment.md,inline-path,true,false,false,
docs/project_rules.md,docs/veering/strict_veering_assessment.md,inline-path,true,false,false,
docs/project_rules.md,docs/veering/terminology.md,inline-path,true,false,false,
docs/project_rules.md,docs/writing/article_workflow.md,inline-path,true,false,false,
docs/project_rules.md,paper_dorofeev_style/figures,inline-path,false,false,false,broken_or_not_present_in_snapshot
docs/project_rules.md,paper_thickness_mismatch_timoshenko/README.md,inline-path,false,false,false,broken_or_not_present_in_snapshot
docs/project_rules.md,scripts/README.md,inline-path,true,false,false,
docs/project_rules.md,scripts/analysis/thickness_mismatch/README.md,inline-path,true,false,false,
docs/project_rules.md,scripts/lib/README.md,inline-path,true,false,false,
docs/theory/AGENTS.md,docs/literature/pdf,inline-path,true,false,false,
docs/theory/AGENTS.md,docs/literature/pdf/2003JSVb.pdf,inline-path,true,false,false,
docs/theory/AGENTS.md,docs/literature/source_index.md,inline-path,true,false,false,
docs/theory/AGENTS.md,docs/theory,inline-path,true,false,false,
docs/theory/AGENTS.md,docs/theory/assumptions.md,inline-path,true,false,false,
docs/theory/AGENTS.md,docs/theory/equations.tex,inline-path,true,false,false,
docs/theory/AGENTS.md,docs/theory/veering_bridge,inline-path,true,false,false,
docs/theory/AGENTS.md,src/my_project/analytic,inline-path,true,true,false,
docs/theory/AGENTS.md,src/my_project/fem,inline-path,true,false,false,
docs/theory/assumptions.md,docs/literature/pdf,inline-path,true,false,false,
docs/theory/assumptions.md,docs/literature/pdf/2003JSVb.pdf,inline-path,true,false,false,
docs/theory/assumptions.md,docs/theory/out_of_plane_eb_torsion.md,inline-path,true,false,false,
docs/theory/assumptions.md,docs/thickness_mismatch/README.md,inline-path,true,false,false,
docs/theory/main_note.md,docs/theory/equations.tex,inline-path,true,false,false,
docs/theory/out_of_plane_eb_torsion.md,results/out_of_plane_fem_validation,inline-path,false,false,true,broken_or_not_present_in_snapshot
docs/theory/out_of_plane_eb_torsion.md,scripts/analysis/thickness_mismatch/audits/compare_full_spectrum_analytic_vs_3d_fem.py,inline-path,true,false,false,
docs/theory/out_of_plane_eb_torsion.md,scripts/analysis/thickness_mismatch/audits/compare_out_of_plane_analytic_vs_1d_fem.py,inline-path,true,false,false,
docs/theory/out_of_plane_eb_torsion.md,scripts/analysis/thickness_mismatch/maps/plot_out_of_plane_mode_character_beta.py,inline-path,true,false,false,
docs/theory/veering_bridge/README.md,docs/literature/source_index.md,inline-path,true,false,false,
docs/theory/veering_bridge/README.md,docs/theory/assumptions.md,inline-path,true,false,false,
docs/theory/veering_bridge/README.md,docs/theory/equations.tex,inline-path,true,false,false,
docs/theory/veering_bridge/README.md,docs/theory/veering_bridge/foundations.md,markdown-link,true,false,false,
docs/theory/veering_bridge/README.md,docs/theory/veering_bridge/lemma_statements.md,markdown-link,true,false,false,
docs/theory/veering_bridge/README.md,docs/theory/veering_bridge/proof_notes.md,markdown-link,true,false,false,
docs/theory/veering_bridge/README.md,docs/theory/veering_bridge/theorem_map.md,markdown-link,true,false,false,
docs/theory/veering_bridge/README.md,src/my_project/analytic/formulas.py,inline-path,true,false,false,
docs/theory/veering_bridge/foundations.md,docs/theory/assumptions.md,inline-path,true,false,false,
docs/theory/veering_bridge/foundations.md,docs/theory/equations.tex,inline-path,true,false,false,
docs/theory/veering_bridge/lemma_statements.md,docs/theory/veering_bridge/foundations.md,markdown-link,true,false,false,
docs/theory/veering_bridge/migration_log.md,docs/theory/veering_bridge,inline-path,true,false,false,
docs/theory/veering_bridge/proof_notes.md,docs/theory/veering_bridge/lemma_statements.md,markdown-link,true,false,false,
docs/theory/veering_bridge/proof_notes.md,docs/veering,inline-path,true,false,false,
docs/theory/veering_bridge/proof_notes.md,docs/veering/README.md,inline-path,true,false,false,
docs/theory/veering_bridge/proof_notes.md,docs/veering/candidate_cases.md,inline-path,true,false,false,
docs/theory/veering_bridge/proof_notes.md,docs/veering/data/dataset_index.md,inline-path,true,false,false,
docs/thickness_mismatch/README.md,docs/project_rules.md,markdown-link,true,false,false,
docs/thickness_mismatch/README.md,docs/thickness_mismatch/eb_safe_prefix_stage_closure.md,markdown-link,true,false,false,
docs/thickness_mismatch/README.md,docs/thickness_mismatch/eb_safe_spectrum_prefix_research_plan.md,markdown-link,true,false,false,
docs/thickness_mismatch/README.md,docs/thickness_mismatch/fem_validation_status.md,markdown-link,true,false,false,
docs/thickness_mismatch/README.md,docs/thickness_mismatch/frequency_crossing_verification_status.md,markdown-link,true,false,false,
docs/thickness_mismatch/README.md,results/thickness_mismatch_branch5_shapes_beta15_eps0p0025_mu0p0.png,inline-path,false,false,true,broken_or_not_present_in_snapshot
docs/thickness_mismatch/README.md,results/thickness_mismatch_branch5_shapes_beta15_eps0p0025_mu0p1.png,inline-path,false,false,true,broken_or_not_present_in_snapshot
docs/thickness_mismatch/README.md,results/thickness_mismatch_branch_identity_eta_p0p5_beta15_refined.csv,inline-path,false,false,true,broken_or_not_present_in_snapshot
docs/thickness_mismatch/README.md,results/thickness_mismatch_branch_identity_eta_p0p5_beta15_refined.png,inline-path,false,false,true,broken_or_not_present_in_snapshot
docs/thickness_mismatch/README.md,results/thickness_mismatch_branch_identity_eta_p0p5_beta15_refined_report.md,inline-path,false,false,true,broken_or_not_present_in_snapshot
docs/thickness_mismatch/README.md,results/thickness_mismatch_eta_p0p5_beta15_global_spectrum_8modes.csv,inline-path,false,false,true,broken_or_not_present_in_snapshot
docs/thickness_mismatch/README.md,results/thickness_mismatch_eta_p0p5_beta15_global_spectrum_8modes.png,inline-path,false,false,true,broken_or_not_present_in_snapshot
docs/thickness_mismatch/README.md,results/thickness_mismatch_eta_p0p5_beta15_global_spectrum_8modes_report.md,inline-path,false,false,true,broken_or_not_present_in_snapshot
docs/thickness_mismatch/README.md,results/thickness_mismatch_eta_p0p5_beta15_global_spectrum_8modes_zoom_4_8.png,inline-path,false,false,true,broken_or_not_present_in_snapshot
docs/thickness_mismatch/README.md,results/thickness_mismatch_eta_zero_roots_check.csv,inline-path,false,false,true,broken_or_not_present_in_snapshot
docs/thickness_mismatch/README.md,results/thickness_mismatch_fem_check_beta15_eps0p0025_eta_p0p5.csv,inline-path,false,false,true,broken_or_not_present_in_snapshot
docs/thickness_mismatch/README.md,results/thickness_mismatch_fem_check_beta15_eps0p0025_eta_p0p5.png,inline-path,false,false,true,broken_or_not_present_in_snapshot
docs/thickness_mismatch/README.md,results/thickness_mismatch_fem_check_beta15_eps0p0025_eta_p0p5_report.md,inline-path,false,false,true,broken_or_not_present_in_snapshot
docs/thickness_mismatch/README.md,results/thickness_mismatch_lambda_eta_beta15_eps0p0025.csv,inline-path,false,false,true,broken_or_not_present_in_snapshot
docs/thickness_mismatch/README.md,results/thickness_mismatch_lambda_eta_beta15_eps0p0025.png,inline-path,false,false,true,broken_or_not_present_in_snapshot
docs/thickness_mismatch/README.md,results/thickness_mismatch_lambda_eta_beta15_eps0p0025_sorted_for_tracking.csv,inline-path,false,false,true,broken_or_not_present_in_snapshot
docs/thickness_mismatch/README.md,results/thickness_mismatch_lambda_eta_beta15_eps0p0025_tracked.csv,inline-path,false,false,true,broken_or_not_present_in_snapshot
docs/thickness_mismatch/README.md,results/thickness_mismatch_lambda_eta_beta15_eps0p0025_tracked.png,inline-path,false,false,true,broken_or_not_present_in_snapshot
docs/thickness_mismatch/README.md,results/thickness_mismatch_lambda_eta_tracking_report.md,inline-path,false,false,true,broken_or_not_present_in_snapshot
docs/thickness_mismatch/README.md,results/thickness_mismatch_lambda_mu_beta,inline-path,false,false,true,broken_or_not_present_in_snapshot
docs/thickness_mismatch/README.md,results/thickness_mismatch_lambda_mu_beta15_eps0p0025_eta_m0p5_0_p0p5_mac_tracking_report.md,inline-path,false,false,true,broken_or_not_present_in_snapshot
docs/thickness_mismatch/README.md,results/thickness_mismatch_lambda_mu_beta15_eps0p0025_eta_m0p5_0_p0p5_mac_tracking_warnings.csv,inline-path,false,false,true,broken_or_not_present_in_snapshot
docs/thickness_mismatch/README.md,results/thickness_mismatch_lambda_mu_beta15_eps0p0025_eta_m0p5_0_p0p5_thickness_ratio_split.png,inline-path,false,false,true,broken_or_not_present_in_snapshot
docs/thickness_mismatch/README.md,results/thickness_mismatch_lambda_mu_beta15_eps0p0025_eta_sweep.csv,inline-path,false,false,true,broken_or_not_present_in_snapshot
docs/thickness_mismatch/README.md,results/thickness_mismatch_lambda_mu_beta15_eps0p0025_eta_sweep.png,inline-path,false,false,true,broken_or_not_present_in_snapshot
docs/thickness_mismatch/README.md,results/thickness_mismatch_swap_symmetry_check.csv,inline-path,false,false,true,broken_or_not_present_in_snapshot
docs/thickness_mismatch/README.md,results/timoshenko_energy_partition_beta15_eps0p01_eta0_eta0p5.,inline-path,false,false,true,broken_or_not_present_in_snapshot
docs/thickness_mismatch/README.md,results/timoshenko_energy_partition_beta15_eps0p01_eta0_eta0p5.csv,inline-path,false,false,true,broken_or_not_present_in_snapshot
docs/thickness_mismatch/README.md,results/timoshenko_energy_partition_beta15_eps0p01_eta0_eta0p5_report.md,inline-path,false,false,true,broken_or_not_present_in_snapshot
docs/thickness_mismatch/README.md,results/timoshenko_energy_partition_beta15_eps0p01_eta0_eta0p5_rod_energy_fraction.png,inline-path,false,false,true,broken_or_not_present_in_snapshot
docs/thickness_mismatch/README.md,results/timoshenko_energy_partition_beta15_eps0p01_eta0_eta0p5_shear_fraction.png,inline-path,false,false,true,broken_or_not_present_in_snapshot
docs/thickness_mismatch/README.md,results/variable_length_thickness_timoshenko_limits_audit.csv,inline-path,false,false,true,broken_or_not_present_in_snapshot
docs/thickness_mismatch/README.md,results/variable_length_thickness_timoshenko_limits_audit.md,inline-path,false,false,true,broken_or_not_present_in_snapshot
docs/thickness_mismatch/README.md,results/variable_length_timoshenko_limits_audit.md,inline-path,true,true,true,
docs/thickness_mismatch/README.md,scripts/analysis/audit_timoshenko_energy_partition_beta15_eps0p01_eta0_eta0p5.py,inline-path,true,false,false,
docs/thickness_mismatch/README.md,scripts/analysis/audit_variable_length_thickness_timoshenko_limits.py,inline-path,true,false,false,
docs/thickness_mismatch/README.md,scripts/analysis/check_thickness_mismatch_branch_identity_eta_p0p5.py,inline-path,true,false,false,
docs/thickness_mismatch/README.md,scripts/analysis/check_thickness_mismatch_eta_zero_limit.py,inline-path,true,false,false,
docs/thickness_mismatch/README.md,scripts/analysis/fem_check_thickness_mismatch_eta_p0p5_beta15.py,inline-path,true,false,false,
docs/thickness_mismatch/README.md,scripts/analysis/plot_lambda_eta_thickness_mismatch.py,inline-path,true,false,false,
docs/thickness_mismatch/README.md,scripts/analysis/plot_lambda_mu_thickness_mismatch_beta15_eta_descendants.py,inline-path,true,false,false,
docs/thickness_mismatch/README.md,scripts/analysis/plot_lambda_mu_thickness_mismatch_beta15_eta_large_slenderness.py,inline-path,true,false,false,
docs/thickness_mismatch/README.md,scripts/analysis/plot_lambda_mu_thickness_mismatch_beta45_eta_p0p5_with_isolated_rods.py,inline-path,true,false,false,
docs/thickness_mismatch/README.md,scripts/analysis/plot_lambda_mu_thickness_mismatch_beta45_eta_p0p5_with_isolated_rods_fixed_fixed.py,inline-path,true,false,false,
docs/thickness_mismatch/README.md,scripts/analysis/plot_lambda_mu_thickness_mismatch_eta_p0p5_with_isolated_rods.py,inline-path,true,false,false,
docs/thickness_mismatch/README.md,scripts/analysis/plot_thickness_mismatch_branch5_shapes.py,inline-path,true,false,false,
docs/thickness_mismatch/README.md,scripts/analysis/plot_thickness_mismatch_branch_shapes_vs_eta.py,inline-path,true,false,false,
docs/thickness_mismatch/README.md,scripts/analysis/plot_thickness_mismatch_eta_p0p5_global_spectrum.py,inline-path,true,false,false,
docs/thickness_mismatch/README.md,scripts/analysis/plot_thickness_mismatch_fem_comparison_eta_p0p5_beta15.py,inline-path,true,false,false,
docs/thickness_mismatch/README.md,scripts/analysis/track_lambda_eta_thickness_mismatch.py,inline-path,true,false,false,
docs/thickness_mismatch/README.md,scripts/analysis/track_lambda_mu_thickness_mismatch_eta_sweep.py,inline-path,true,false,false,
docs/thickness_mismatch/README.md,scripts/lib/variable_length_timoshenko.py,inline-path,true,false,false,
docs/thickness_mismatch/README.md,src/my_project/analytic/formulas.py,inline-path,true,false,false,
docs/thickness_mismatch/README.md,src/my_project/analytic/formulas_thickness_mismatch.py,inline-path,true,false,false,
docs/thickness_mismatch/eb_safe_prefix_stage_closure.md,docs/theory/assumptions.md,markdown-link,true,false,false,
docs/thickness_mismatch/eb_safe_prefix_stage_closure.md,docs/theory/equations.tex,markdown-link,true,false,false,
docs/thickness_mismatch/eb_safe_prefix_stage_closure.md,docs/thickness_mismatch/README.md,markdown-link,true,false,false,
docs/thickness_mismatch/eb_safe_prefix_stage_closure.md,docs/thickness_mismatch/eb_safe_spectrum_prefix_research_plan.md,inline-path,true,false,false,
docs/thickness_mismatch/eb_safe_prefix_stage_closure.md,docs/thickness_mismatch/eb_safe_spectrum_prefix_research_plan.md,markdown-link,true,false,false,
docs/thickness_mismatch/eb_safe_prefix_stage_closure.md,results/eb_epsilon_lower_envelope_step3a/eb_epsilon_lower_envelope_step3a_report.md,inline-path,true,true,true,
docs/thickness_mismatch/eb_safe_prefix_stage_closure.md,results/eb_epsilon_lower_envelope_step3a/eb_epsilon_lower_envelope_step3a_report.md,markdown-link,true,true,true,
docs/thickness_mismatch/eb_safe_prefix_stage_closure.md,results/eb_rule_ab_exact_pareto/data_partition_audit.csv,inline-path,true,true,true,
docs/thickness_mismatch/eb_safe_prefix_stage_closure.md,results/eb_rule_ab_exact_pareto/data_partition_audit.csv,markdown-link,true,true,true,
docs/thickness_mismatch/eb_safe_prefix_stage_closure.md,results/eb_rule_ab_exact_pareto/eb_rule_ab_exact_pareto_report.md,inline-path,true,true,true,
docs/thickness_mismatch/eb_safe_prefix_stage_closure.md,results/eb_rule_ab_exact_pareto/eb_rule_ab_exact_pareto_report.md,markdown-link,true,true,true,
docs/thickness_mismatch/eb_safe_prefix_stage_closure.md,results/eb_rule_ab_exact_pareto/operation_counts.csv,inline-path,true,true,true,
docs/thickness_mismatch/eb_safe_prefix_stage_closure.md,results/eb_rule_ab_exact_pareto/operation_counts.csv,markdown-link,true,true,true,
docs/thickness_mismatch/eb_safe_prefix_stage_closure.md,results/eb_rule_ab_exact_pareto/rule_B_dominance_witnesses.csv,inline-path,true,true,true,
docs/thickness_mismatch/eb_safe_prefix_stage_closure.md,results/eb_rule_ab_exact_pareto/rule_B_dominance_witnesses.csv,markdown-link,true,true,true,
docs/thickness_mismatch/eb_safe_prefix_stage_closure.md,results/eb_rule_ab_exact_pareto/rule_S_exact_search.csv,inline-path,true,true,true,
docs/thickness_mismatch/eb_safe_prefix_stage_closure.md,results/eb_rule_ab_exact_pareto/rule_S_exact_search.csv,markdown-link,true,true,true,
docs/thickness_mismatch/eb_safe_prefix_stage_closure.md,results/eb_rule_ab_exact_pareto/rule_S_predictions.csv,inline-path,true,true,true,
docs/thickness_mismatch/eb_safe_prefix_stage_closure.md,results/eb_rule_ab_exact_pareto/rule_S_predictions.csv,markdown-link,true,true,true,
docs/thickness_mismatch/eb_safe_prefix_stage_closure.md,results/eb_rule_ab_exact_pareto/rule_S_validation_summary.csv,inline-path,true,true,true,
docs/thickness_mismatch/eb_safe_prefix_stage_closure.md,results/eb_rule_ab_exact_pareto/rule_S_validation_summary.csv,markdown-link,true,true,true,
docs/thickness_mismatch/eb_safe_prefix_stage_closure.md,results/eb_rule_s_cost_break_even/aggregate_operation_counts.csv,inline-path,true,true,true,
docs/thickness_mismatch/eb_safe_prefix_stage_closure.md,results/eb_rule_s_cost_break_even/aggregate_operation_counts.csv,markdown-link,true,true,true,
docs/thickness_mismatch/eb_safe_prefix_stage_closure.md,results/eb_rule_s_cost_break_even/cost_break_even_summary.csv,inline-path,true,true,true,
docs/thickness_mismatch/eb_safe_prefix_stage_closure.md,results/eb_rule_s_cost_break_even/cost_break_even_summary.csv,markdown-link,true,true,true,
docs/thickness_mismatch/eb_safe_prefix_stage_closure.md,results/eb_rule_s_cost_break_even/rule_S_cost_break_even_report.md,inline-path,true,true,true,
docs/thickness_mismatch/eb_safe_prefix_stage_closure.md,results/eb_rule_s_cost_break_even/rule_S_cost_break_even_report.md,markdown-link,true,true,true,
docs/thickness_mismatch/eb_safe_prefix_stage_closure.md,scripts/analysis/thickness_mismatch/audits/audit_eb_validity_fixed_epsilon_geometry_scan.py,markdown-link,true,false,false,
docs/thickness_mismatch/eb_safe_prefix_stage_closure.md,scripts/analysis/thickness_mismatch/benchmarks/benchmark_rule_s_cost_break_even.py,inline-path,true,false,false,
docs/thickness_mismatch/eb_safe_prefix_stage_closure.md,scripts/analysis/thickness_mismatch/benchmarks/benchmark_rule_s_cost_break_even.py,markdown-link,true,false,false,
docs/thickness_mismatch/eb_safe_prefix_stage_closure.md,scripts/analysis/thickness_mismatch/postprocess/analyze_eb_rule_ab_exact_pareto.py,inline-path,true,false,false,
docs/thickness_mismatch/eb_safe_prefix_stage_closure.md,scripts/analysis/thickness_mismatch/postprocess/analyze_eb_rule_ab_exact_pareto.py,markdown-link,true,false,false,
docs/thickness_mismatch/eb_safe_prefix_stage_closure.md,scripts/lib/variable_length_timoshenko.py,markdown-link,true,false,false,
docs/thickness_mismatch/eb_safe_prefix_stage_closure.md,tests/test_eb_rule_ab_exact_pareto.py,inline-path,true,false,false,
docs/thickness_mismatch/eb_safe_prefix_stage_closure.md,tests/test_eb_rule_ab_exact_pareto.py,markdown-link,true,false,false,
docs/thickness_mismatch/eb_safe_spectrum_prefix_research_plan.md,docs/project_rules.md,markdown-link,true,false,false,
docs/thickness_mismatch/eb_safe_spectrum_prefix_research_plan.md,docs/thickness_mismatch/eb_safe_prefix_stage_closure.md,markdown-link,true,false,false,
docs/thickness_mismatch/eb_safe_spectrum_prefix_research_plan.md,docs/thickness_mismatch/fem_validation_status.md,markdown-link,true,false,false,
docs/thickness_mismatch/eb_safe_spectrum_prefix_research_plan.md,docs/thickness_mismatch/frequency_plot_computation_policy.md,markdown-link,true,false,false,
docs/thickness_mismatch/eb_safe_spectrum_prefix_research_plan.md,results/eb_rule_ab_exact_pareto,inline-path,true,true,true,
docs/thickness_mismatch/eb_safe_spectrum_prefix_research_plan.md,scripts/analysis/thickness_mismatch/audits/analyze_universal_eb_validity_parameters_stage1.py,markdown-link,true,false,false,
docs/thickness_mismatch/eb_safe_spectrum_prefix_research_plan.md,scripts/analysis/thickness_mismatch/audits/audit_eb_epsilon_baseline_thresholds.py,markdown-link,true,false,false,
docs/thickness_mismatch/eb_safe_spectrum_prefix_research_plan.md,scripts/analysis/thickness_mismatch/audits/audit_eb_timo_branch_continuation_gateway.py,markdown-link,true,false,false,
docs/thickness_mismatch/eb_safe_spectrum_prefix_research_plan.md,scripts/analysis/thickness_mismatch/audits/audit_eb_timo_general_spectrum_completeness.py,markdown-link,true,false,false,
docs/thickness_mismatch/eb_safe_spectrum_prefix_research_plan.md,scripts/analysis/thickness_mismatch/audits/audit_eb_validity_fixed_epsilon_geometry_scan.py,markdown-link,true,false,false,
docs/thickness_mismatch/eb_safe_spectrum_prefix_research_plan.md,scripts/analysis/thickness_mismatch/audits/audit_eb_validity_vs_timoshenko_stage1.py,markdown-link,true,false,false,
docs/thickness_mismatch/eb_safe_spectrum_prefix_research_plan.md,scripts/analysis/thickness_mismatch/audits/data/eb_epsilon_lower_envelope_step3_cases.csv,markdown-link,true,false,false,
docs/thickness_mismatch/eb_safe_spectrum_prefix_research_plan.md,scripts/analysis/thickness_mismatch/audits/run_eb_epsilon_apriori_pilot.py,markdown-link,true,false,false,
docs/thickness_mismatch/eb_safe_spectrum_prefix_research_plan.md,scripts/analysis/thickness_mismatch/benchmarks/benchmark_rule_s_cost_break_even.py,markdown-link,true,false,false,
docs/thickness_mismatch/eb_safe_spectrum_prefix_research_plan.md,scripts/analysis/thickness_mismatch/postprocess/analyze_eb_epsilon_apriori_pilot.py,markdown-link,true,false,false,
docs/thickness_mismatch/eb_safe_spectrum_prefix_research_plan.md,scripts/analysis/thickness_mismatch/postprocess/analyze_eb_rule_ab_exact_pareto.py,markdown-link,true,false,false,
docs/thickness_mismatch/eb_safe_spectrum_prefix_research_plan.md,scripts/analysis/thickness_mismatch/postprocess/analyze_eb_safe_prefix_certification.py,inline-path,true,false,false,
docs/thickness_mismatch/eb_safe_spectrum_prefix_research_plan.md,scripts/analysis/thickness_mismatch/postprocess/analyze_eb_safe_prefix_certification.py,markdown-link,true,false,false,
docs/thickness_mismatch/fem_validation_status.md,results/3d_fem_joint_coupling_models_audit.md,inline-path,false,false,true,broken_or_not_present_in_snapshot
docs/thickness_mismatch/fem_validation_status.md,results/3d_fem_point_joint_mu0_eps0p01_audit.md,inline-path,false,false,true,broken_or_not_present_in_snapshot
docs/thickness_mismatch/fem_validation_status.md,results/3d_fem_rigid_joint_thickness_trend_report.md,inline-path,false,false,true,broken_or_not_present_in_snapshot
docs/thickness_mismatch/fem_validation_status.md,results/coupled_equal_rods_3d_solid_fem_in_plane_comparison_by_beta.csv,inline-path,false,false,true,broken_or_not_present_in_snapshot
docs/thickness_mismatch/fem_validation_status.md,results/coupled_equal_rods_3d_solid_fem_report.md,inline-path,false,false,true,broken_or_not_present_in_snapshot
docs/thickness_mismatch/fem_validation_status.md,results/coupled_equal_rods_point_joint_3d_solid_fem_mac_matches.csv,inline-path,false,false,true,broken_or_not_present_in_snapshot
docs/thickness_mismatch/fem_validation_status.md,results/coupled_equal_rods_point_joint_3d_solid_fem_mac_matrix_eb.csv,inline-path,false,false,true,broken_or_not_present_in_snapshot
docs/thickness_mismatch/fem_validation_status.md,results/coupled_equal_rods_point_joint_3d_solid_fem_mac_matrix_timoshenko.csv,inline-path,false,false,true,broken_or_not_present_in_snapshot
docs/thickness_mismatch/fem_validation_status.md,results/coupled_equal_rods_point_joint_3d_solid_fem_report.md,inline-path,false,false,true,broken_or_not_present_in_snapshot
docs/thickness_mismatch/fem_validation_status.md,results/coupled_equal_rods_point_joint_mesh_convergence_report.md,inline-path,false,false,true,broken_or_not_present_in_snapshot
docs/thickness_mismatch/fem_validation_status.md,results/coupled_equal_rods_point_joint_planar_3d_solid_fem_report.md,inline-path,false,false,true,broken_or_not_present_in_snapshot
docs/thickness_mismatch/fem_validation_status.md,results/coupled_equal_thickness_beta15_eps0p01_eb_timoshenko_3d_fem_vs_mu_corrected_report.md,inline-path,false,false,true,broken_or_not_present_in_snapshot
docs/thickness_mismatch/fem_validation_status.md,results/coupled_equal_thickness_beta15_eps0p01_mu0_fem_sanity_audit.md,inline-path,false,false,true,broken_or_not_present_in_snapshot
docs/thickness_mismatch/fem_validation_status.md,results/rigid_joint_equal_thickness_beta15_eps0p01_lambda_mu_eb_timoshenko_fem.png,inline-path,false,false,true,broken_or_not_present_in_snapshot
docs/thickness_mismatch/fem_validation_status.md,results/rigid_joint_equal_thickness_beta15_eps0p025_lambda_mu_eb_timoshenko_fem.png,inline-path,false,false,true,broken_or_not_present_in_snapshot
docs/thickness_mismatch/fem_validation_status.md,results/rigid_joint_equal_thickness_beta15_eps0p05_lambda_mu_eb_timoshenko_fem.png,inline-path,false,false,true,broken_or_not_present_in_snapshot
docs/thickness_mismatch/fem_validation_status.md,results/rigid_joint_equal_thickness_beta15_frequency_comparison_eps_trend_report.md,inline-path,false,false,true,broken_or_not_present_in_snapshot
docs/thickness_mismatch/fem_validation_status.md,results/rigid_joint_equal_thickness_beta15_lambda_mu_eb_timoshenko_fem.csv,inline-path,false,false,true,broken_or_not_present_in_snapshot
docs/thickness_mismatch/fem_validation_status.md,results/rigid_joint_equal_thickness_beta15_lambda_mu_eb_timoshenko_fem_report.md,inline-path,false,false,true,broken_or_not_present_in_snapshot
docs/thickness_mismatch/fem_validation_status.md,results/single_rod_fixed_fixed_3d_solid_fem_bending_doublet_comparison.csv,inline-path,false,false,true,broken_or_not_present_in_snapshot
docs/thickness_mismatch/fem_validation_status.md,results/single_rod_fixed_fixed_3d_solid_fem_report.md,inline-path,false,false,true,broken_or_not_present_in_snapshot
docs/thickness_mismatch/fem_validation_status.md,results/variable_length_thickness_timoshenko_limits_audit.md,inline-path,false,false,true,broken_or_not_present_in_snapshot
docs/thickness_mismatch/fem_validation_status.md,results/variable_length_timoshenko_limits_audit.md,inline-path,true,true,true,
docs/thickness_mismatch/frequency_crossing_verification_status.md,paper_thickness_mismatch_article/main.tex,inline-path,false,false,false,broken_or_not_present_in_snapshot
docs/thickness_mismatch/frequency_crossing_verification_status.md,results/eta0_eps0p0025_mu_positive_gap_lambda_beta_selected.png,inline-path,false,false,true,broken_or_not_present_in_snapshot
docs/thickness_mismatch/frequency_crossing_verification_status.md,results/eta0_eps0p0025_mu_positive_gap_min_beta.png,inline-path,false,false,true,broken_or_not_present_in_snapshot
docs/thickness_mismatch/frequency_crossing_verification_status.md,results/eta0_eps0p0025_mu_positive_gap_scaling.png,inline-path,false,false,true,broken_or_not_present_in_snapshot
docs/thickness_mismatch/frequency_crossing_verification_status.md,results/eta0_eps0p0025_mu_positive_gap_verification_details.csv,inline-path,false,false,true,broken_or_not_present_in_snapshot
docs/thickness_mismatch/frequency_crossing_verification_status.md,results/eta0_eps0p0025_mu_positive_gap_verification_report.md,inline-path,false,false,true,broken_or_not_present_in_snapshot
docs/thickness_mismatch/frequency_crossing_verification_status.md,results/eta0_eps0p0025_mu_positive_gap_verification_summary.csv,inline-path,false,false,true,broken_or_not_present_in_snapshot
docs/thickness_mismatch/frequency_crossing_verification_status.md,results/eta_parameter_positive_gap_classification_map.png,inline-path,false,false,true,broken_or_not_present_in_snapshot
docs/thickness_mismatch/frequency_crossing_verification_status.md,results/eta_parameter_positive_gap_lambda_beta_selected.png,inline-path,false,false,true,broken_or_not_present_in_snapshot
docs/thickness_mismatch/frequency_crossing_verification_status.md,results/eta_parameter_positive_gap_lambda_eta_selected.png,inline-path,false,false,true,broken_or_not_present_in_snapshot
docs/thickness_mismatch/frequency_crossing_verification_status.md,results/eta_parameter_positive_gap_lambda_mu_selected.png,inline-path,false,false,true,broken_or_not_present_in_snapshot
docs/thickness_mismatch/frequency_crossing_verification_status.md,results/eta_parameter_positive_gap_min_gap_vs_beta_eta_scan.png,inline-path,false,false,true,broken_or_not_present_in_snapshot
docs/thickness_mismatch/frequency_crossing_verification_status.md,results/eta_parameter_positive_gap_min_gap_vs_eta.png,inline-path,false,false,true,broken_or_not_present_in_snapshot
docs/thickness_mismatch/frequency_crossing_verification_status.md,results/eta_parameter_positive_gap_min_gap_vs_mu_eta_scan.png,inline-path,false,false,true,broken_or_not_present_in_snapshot
docs/thickness_mismatch/frequency_crossing_verification_status.md,results/eta_parameter_positive_gap_verification_details.csv,inline-path,false,false,true,broken_or_not_present_in_snapshot
docs/thickness_mismatch/frequency_crossing_verification_status.md,results/eta_parameter_positive_gap_verification_report.md,inline-path,false,false,true,broken_or_not_present_in_snapshot
docs/thickness_mismatch/frequency_crossing_verification_status.md,results/eta_parameter_positive_gap_verification_summary.csv,inline-path,false,false,true,broken_or_not_present_in_snapshot
docs/thickness_mismatch/frequency_crossing_verification_status.md,src/my_project/analytic/formulas.py,inline-path,true,false,false,
docs/thickness_mismatch/frequency_plot_computation_policy.md,docs/project_rules.md,inline-path,true,false,false,
docs/thickness_mismatch/frequency_plot_computation_policy.md,docs/project_rules.md,markdown-link,true,false,false,
docs/thickness_mismatch/frequency_plot_computation_policy.md,docs/thickness_mismatch/eb_safe_spectrum_prefix_research_plan.md,markdown-link,true,false,false,
docs/thickness_mismatch/frequency_plot_computation_policy.md,results/eb_timo_counterexample_dimensional_frequency_beta/S3_12_dimensional_frequency_vs_beta.pdf,markdown-link,true,true,true,
docs/thickness_mismatch/frequency_plot_computation_policy.md,results/eb_timo_counterexample_dimensional_frequency_beta/S3_14_dimensional_frequency_vs_beta.pdf,markdown-link,true,true,true,
docs/thickness_mismatch/frequency_plot_computation_policy.md,scripts/analysis/thickness_mismatch/README.md,markdown-link,true,false,false,
docs/thickness_mismatch/frequency_plot_computation_policy.md,scripts/analysis/thickness_mismatch/audits/audit_eb_timo_branch_continuation_gateway.py,markdown-link,true,false,false,
docs/thickness_mismatch/frequency_plot_computation_policy.md,scripts/analysis/thickness_mismatch/maps/plot_counterexample_dimensional_frequency_beta.py,markdown-link,true,false,false,
docs/thickness_mismatch/frequency_plot_computation_policy.md,scripts/lib/branch_informed_spectrum_continuation.py,markdown-link,true,false,false,
docs/thickness_mismatch/solid_fem_audit.md,results/single_rod_fixed_fixed_3d_solid_fem_comparison.csv,inline-path,false,false,true,broken_or_not_present_in_snapshot
docs/thickness_mismatch/solid_fem_audit.md,results/single_rod_fixed_fixed_3d_solid_fem_report.md,inline-path,false,false,true,broken_or_not_present_in_snapshot
docs/thickness_mismatch/solid_fem_audit.md,results/solid_fem_single_rod/eps_,inline-path,false,false,true,broken_or_not_present_in_snapshot
docs/thickness_mismatch/solid_fem_audit.md,results/solid_fem_single_rod/eps_0p025/single_rod_fixed_fixed_eps0p025.geo,inline-path,false,false,true,broken_or_not_present_in_snapshot
docs/thickness_mismatch/solid_fem_audit.md,results/solid_fem_single_rod/eps_0p025/single_rod_fixed_fixed_eps0p025_mesh.inp,inline-path,false,false,true,broken_or_not_present_in_snapshot
docs/thickness_mismatch/solid_fem_audit.md,scripts/analysis/fem_check_thickness_mismatch_eta_p0p5_beta15.py,inline-path,true,false,false,
docs/thickness_mismatch/solid_fem_audit.md,scripts/analysis/plot_thickness_mismatch_fem_comparison_eta_p0p5_beta15.py,inline-path,true,false,false,
docs/thickness_mismatch/solid_fem_audit.md,scripts/analysis/solid_fem_single_rod_fixed_fixed.py,inline-path,true,false,false,
docs/thickness_mismatch/solid_fem_audit.md,src/my_project/analytic/formulas.py,inline-path,true,false,false,
docs/thickness_mismatch/solid_fem_audit.md,src/my_project/fem/python_fem.py,inline-path,true,false,false,
docs/veering/bending_desc_04_pair_assessment.md,docs/veering/data/bending_desc_04_pair_search_beta15_r5.csv,inline-path,true,false,false,
docs/veering/bending_desc_04_pair_assessment.md,docs/veering/data/flat_mu_bending_energy_cases.csv,inline-path,true,false,false,
docs/veering/bending_desc_04_pair_assessment.md,docs/veering/data/pair_mac_beta15_r5.csv,inline-path,true,false,false,
docs/veering/bending_desc_04_pair_assessment.md,docs/veering/data/paired_branch_candidates_beta15_r5.csv,inline-path,true,false,false,
docs/veering/bending_desc_04_pair_assessment.md,docs/veering/data/paired_gap_scan_beta15_r5.csv,inline-path,true,false,false,
docs/veering/bending_desc_04_pair_assessment.md,docs/veering/data/target_descendants_beta15_r5_analysis.csv,inline-path,true,false,false,
docs/veering/bending_desc_04_pair_assessment.md,results/branchwise_fem_grid.csv,inline-path,false,false,true,broken_or_not_present_in_snapshot
docs/veering/bending_desc_04_pair_assessment.md,results/branchwise_fem_min_gap_map.csv,inline-path,false,false,true,broken_or_not_present_in_snapshot
docs/veering/bending_desc_04_pair_assessment.md,results/branchwise_fem_near_crossings.csv,inline-path,false,false,true,broken_or_not_present_in_snapshot
docs/veering/data/dataset_index.md,results/flat_mu_bending_energy_cases.csv,inline-path,false,false,true,broken_or_not_present_in_snapshot
docs/veering/data/dataset_index.md,results/target_descendants_beta15_r5_analysis.csv,inline-path,false,false,true,broken_or_not_present_in_snapshot
docs/veering/data/dataset_index.md,results/target_descendants_beta15_r5_selected_points.csv,inline-path,false,false,true,broken_or_not_present_in_snapshot
docs/veering/figures/figure_index.md,data/dataset_index.md,inline-path,false,false,false,broken_or_not_present_in_snapshot
docs/veering/figures/figure_index.md,paper_dorofeev_style/figures/lambda_mu_beta15_r5mm.png,inline-path,false,false,false,broken_or_not_present_in_snapshot
docs/veering/figures/figure_index.md,results/flat_mu_bending_energy_summary.png,inline-path,false,false,true,broken_or_not_present_in_snapshot
docs/veering/figures/figure_index.md,results/target_descendant_beta15_r5_bending_desc_01_selected_shapes.png,inline-path,false,false,true,broken_or_not_present_in_snapshot
docs/veering/figures/figure_index.md,results/target_descendant_beta15_r5_bending_desc_02_selected_shapes.png,inline-path,false,false,true,broken_or_not_present_in_snapshot
docs/veering/figures/figure_index.md,results/target_descendant_beta15_r5_bending_desc_04_selected_shapes.png,inline-path,false,false,true,broken_or_not_present_in_snapshot
docs/veering/mu_slow_evolution_assessment.md,docs/literature/notes/ehrhardt_2018_clamped_beam_veering.md,inline-path,true,false,false,
docs/veering/mu_slow_evolution_assessment.md,docs/literature/notes/fontanela_2021_nonlinear_localisation_coupled_beams.md,inline-path,true,false,false,
docs/veering/mu_slow_evolution_assessment.md,docs/literature/notes/lacarbonara_2005_imperfect_beams_veering.md,inline-path,true,false,false,
docs/veering/mu_slow_evolution_assessment.md,docs/literature/notes/manconi_2017_veering_strong_coupling.md,inline-path,true,false,false,
docs/veering/mu_slow_evolution_assessment.md,docs/literature/notes/nair_1973_quasi_degeneracies.md,inline-path,true,false,false,
docs/veering/mu_slow_evolution_assessment.md,docs/veering/README.md,inline-path,true,false,false,
docs/veering/mu_slow_evolution_assessment.md,docs/veering/bending_desc_04_pair_assessment.md,inline-path,true,false,false,
docs/veering/mu_slow_evolution_assessment.md,docs/veering/candidate_cases.md,inline-path,true,false,false,
docs/veering/mu_slow_evolution_assessment.md,docs/veering/data/bending_desc_04_pair_search_beta15_r5.csv,inline-path,true,false,false,
docs/veering/mu_slow_evolution_assessment.md,docs/veering/data/flat_mu_bending_energy_cases.csv,inline-path,true,false,false,
docs/veering/mu_slow_evolution_assessment.md,docs/veering/data/mu_sweep_interpretation_beta15_r5.csv,inline-path,true,false,false,
docs/veering/mu_slow_evolution_assessment.md,docs/veering/data/paired_branch_candidates_beta15_r5.csv,inline-path,true,false,false,
docs/veering/mu_slow_evolution_assessment.md,docs/veering/data/paired_gap_scan_beta15_r5.csv,inline-path,true,false,false,
docs/veering/mu_slow_evolution_assessment.md,docs/veering/data/strict_veering_decision_table_beta15_r5.csv,inline-path,true,false,false,
docs/veering/mu_slow_evolution_assessment.md,docs/veering/data/target_descendants_beta15_r5_analysis.csv,inline-path,true,false,false,
docs/veering/mu_slow_evolution_assessment.md,docs/veering/data/target_descendants_beta15_r5_selected_points.csv,inline-path,true,false,false,
docs/veering/mu_slow_evolution_assessment.md,docs/veering/literature_assessment.md,inline-path,true,false,false,
docs/veering/mu_slow_evolution_assessment.md,docs/veering/strict_veering_assessment.md,inline-path,true,false,false,
docs/veering/mu_slow_evolution_assessment.md,docs/veering/terminology.md,inline-path,true,false,false,
docs/veering/mu_slow_evolution_assessment.md,results/branchwise_fem_grid.csv,inline-path,false,false,true,broken_or_not_present_in_snapshot
docs/veering/mu_slow_evolution_assessment.md,results/branchwise_fem_min_gap_map.csv,inline-path,false,false,true,broken_or_not_present_in_snapshot
docs/veering/mu_slow_evolution_assessment.md,results/branchwise_fem_near_crossings.csv,inline-path,false,false,true,broken_or_not_present_in_snapshot
docs/veering/strict_veering_assessment.md,docs/veering/data/flat_mu_bending_energy_cases.csv,inline-path,true,false,false,
docs/veering/strict_veering_assessment.md,docs/veering/data/target_descendants_beta15_r5_analysis.csv,inline-path,true,false,false,
docs/veering/strict_veering_assessment.md,docs/veering/data/target_descendants_beta15_r5_selected_points.csv,inline-path,true,false,false,
docs/veering/strict_veering_assessment.md,docs/veering/figures,inline-path,true,false,false,
docs/veering/strict_veering_assessment.md,results/branchwise_fem_grid.csv,inline-path,false,false,true,broken_or_not_present_in_snapshot
docs/veering/strict_veering_assessment.md,results/branchwise_fem_min_gap_map.csv,inline-path,false,false,true,broken_or_not_present_in_snapshot
docs/veering/strict_veering_assessment.md,results/branchwise_fem_near_crossings.csv,inline-path,false,false,true,broken_or_not_present_in_snapshot
scripts/README.md,paper_dorofeev_style/figures,inline-path,false,false,false,broken_or_not_present_in_snapshot
scripts/README.md,paper_dorofeev_style/generate_article_spectral_figures.py,inline-path,false,false,false,broken_or_not_present_in_snapshot
scripts/README.md,paper_dorofeev_style/generate_descendant5_vibration_shape_figures.py,inline-path,false,false,false,broken_or_not_present_in_snapshot
scripts/README.md,results/_smoke,inline-path,true,true,true,
scripts/README.md,results/analytic_fem_shape_compare_beta..._,inline-path,false,false,true,broken_or_not_present_in_snapshot
scripts/README.md,results/analytic_full_shapes_desc05_beta15_eps_sweep_summary.csv,inline-path,false,false,true,broken_or_not_present_in_snapshot
scripts/README.md,results/analytic_mode_shape_,inline-path,false,false,true,broken_or_not_present_in_snapshot
scripts/README.md,results/analytic_shape_in_fem_residual_beta..._,inline-path,false,false,true,broken_or_not_present_in_snapshot
scripts/README.md,results/article_fig3_with_fp_and_ff_refs.csv,inline-path,false,false,true,broken_or_not_present_in_snapshot
scripts/README.md,results/article_fig3_with_fp_and_ff_refs.png,inline-path,false,false,true,broken_or_not_present_in_snapshot
scripts/README.md,results/article_shape_validation_beta15_report.md,inline-path,false,false,true,broken_or_not_present_in_snapshot
scripts/README.md,results/article_shape_validation_beta15_summary.csv,inline-path,false,false,true,broken_or_not_present_in_snapshot
scripts/README.md,results/beta0_single_rod_limit_roots.csv,inline-path,false,false,true,broken_or_not_present_in_snapshot
scripts/README.md,results/beta0_single_rod_limit_shape_samples.csv,inline-path,false,false,true,broken_or_not_present_in_snapshot
scripts/README.md,results/beta0_single_rod_limit_shapes.csv,inline-path,false,false,true,broken_or_not_present_in_snapshot
scripts/README.md,results/beta0_single_rod_limit_summary.csv,inline-path,false,false,true,broken_or_not_present_in_snapshot
scripts/README.md,results/beta_sweep_mu0_four_radii_compare.csv,inline-path,false,false,true,broken_or_not_present_in_snapshot
scripts/README.md,results/beta_sweep_mu0_four_radii_compare.png,inline-path,false,false,true,broken_or_not_present_in_snapshot
scripts/README.md,results/branchwise_,inline-path,false,false,true,broken_or_not_present_in_snapshot
scripts/README.md,results/constrained_determinant_force_row_audit_,inline-path,false,false,true,broken_or_not_present_in_snapshot
scripts/README.md,results/constrained_null_vector_force_check_,inline-path,false,false,true,broken_or_not_present_in_snapshot
scripts/README.md,results/debug,inline-path,false,false,true,broken_or_not_present_in_snapshot
scripts/README.md,results/debug/analytic_tracking_failure_,inline-path,false,false,true,broken_or_not_present_in_snapshot
scripts/README.md,results/desc05_beta30_all_diag.csv,inline-path,false,false,true,broken_or_not_present_in_snapshot
scripts/README.md,results/desc05_beta30_components_diag.csv,inline-path,false,false,true,broken_or_not_present_in_snapshot
scripts/README.md,results/determinant_as_joint_system_..._matrix.csv,inline-path,false,false,true,broken_or_not_present_in_snapshot
scripts/README.md,results/determinant_as_joint_system_variants_....csv,inline-path,false,false,true,broken_or_not_present_in_snapshot
scripts/README.md,results/determinant_nullspace_conditioning_,inline-path,false,false,true,broken_or_not_present_in_snapshot
scripts/README.md,results/eb_vs_timoshenko_lambda_mu_beta45_eta0_eps_scan,inline-path,true,true,true,
scripts/README.md,results/fem_right_transform_variant_audit_beta15_bending_desc_05.csv,inline-path,false,false,true,broken_or_not_present_in_snapshot
scripts/README.md,results/fem_right_transform_variant_sanity.csv,inline-path,false,false,true,broken_or_not_present_in_snapshot
scripts/README.md,results/fem_spectrum.csv,inline-path,false,false,true,broken_or_not_present_in_snapshot
scripts/README.md,results/force_row_scaling_audit_,inline-path,false,false,true,broken_or_not_present_in_snapshot
scripts/README.md,results/joint_dynamic_stiffness_compare_...csv,inline-path,false,false,true,broken_or_not_present_in_snapshot
scripts/README.md,results/joint_nullspace_compare_..._matrix.csv,inline-path,false,false,true,broken_or_not_present_in_snapshot
scripts/README.md,results/joint_nullspace_reconstruction_residual_....csv,inline-path,false,false,true,broken_or_not_present_in_snapshot
scripts/README.md,results/lambda_beta_fixed_mu_branch_paths_eps0p0025.csv,inline-path,false,false,true,broken_or_not_present_in_snapshot
scripts/README.md,results/lambda_beta_fixed_mu_eps0p0025.csv,inline-path,false,false,true,broken_or_not_present_in_snapshot
scripts/README.md,results/lambda_beta_fixed_mu_report.md,inline-path,false,false,true,broken_or_not_present_in_snapshot
scripts/README.md,results/lambda_mu_beta15_eps0p0025_modes7_dash7.csv,inline-path,false,false,true,broken_or_not_present_in_snapshot
scripts/README.md,results/lambda_mu_beta15_eps0p0025_modes7_dash7.png,inline-path,false,false,true,broken_or_not_present_in_snapshot
scripts/README.md,results/lambda_mu_beta15_eps0p01_fixed_fixed_L2_compact_mu06split_article.csv,inline-path,false,false,true,broken_or_not_present_in_snapshot
scripts/README.md,results/lambda_mu_beta15_eps0p01_fixed_fixed_L2_compact_mu06split_article.png,inline-path,false,false,true,broken_or_not_present_in_snapshot
scripts/README.md,results/lambda_mu_beta15_eps0p01_fixed_fixed_L2_compact_mu06split_article_refs.csv,inline-path,false,false,true,broken_or_not_present_in_snapshot
scripts/README.md,results/mu_sweep_beta0_four_radii_compare.csv,inline-path,false,false,true,broken_or_not_present_in_snapshot
scripts/README.md,results/mu_sweep_beta0_four_radii_compare.png,inline-path,false,false,true,broken_or_not_present_in_snapshot
scripts/README.md,results/mu_sweep_beta15_four_radii_compare.png,inline-path,false,false,true,broken_or_not_present_in_snapshot
scripts/README.md,results/mu_sweep_beta7p5_four_radii_compare.png,inline-path,false,false,true,broken_or_not_present_in_snapshot
scripts/README.md,results/mu_sweep_r015_selected_betas_analytic.csv,inline-path,false,false,true,broken_or_not_present_in_snapshot
scripts/README.md,results/mu_sweep_r015_selected_betas_analytic.png,inline-path,false,false,true,broken_or_not_present_in_snapshot
scripts/README.md,results/mu_to_one_single_rod_limit_branches.csv,inline-path,false,false,true,broken_or_not_present_in_snapshot
scripts/README.md,results/mu_to_one_single_rod_limit_fem_roots.csv,inline-path,false,false,true,broken_or_not_present_in_snapshot
scripts/README.md,results/mu_to_one_single_rod_limit_report.md,inline-path,false,false,true,broken_or_not_present_in_snapshot
scripts/README.md,results/mu_to_one_single_rod_limit_roots.csv,inline-path,false,false,true,broken_or_not_present_in_snapshot
scripts/README.md,results/single_beam_exact_shape_residual_axial.csv,inline-path,false,false,true,broken_or_not_present_in_snapshot
scripts/README.md,results/single_beam_exact_shape_residual_bending.csv,inline-path,false,false,true,broken_or_not_present_in_snapshot
scripts/README.md,results/smoke,inline-path,false,false,true,broken_or_not_present_in_snapshot
scripts/README.md,results/tracked_bending_descendant_shape_,inline-path,false,false,true,broken_or_not_present_in_snapshot
scripts/README.md,results/tracked_bending_descendant_shapes_beta..._ru.png,inline-path,false,false,true,broken_or_not_present_in_snapshot
scripts/README.md,results/vibration_shapes_descendant5_beta15_mu0p6_eps0p0025_0p01.png,inline-path,false,false,true,broken_or_not_present_in_snapshot
scripts/README.md,scripts/analysis,inline-path,true,true,false,
scripts/README.md,scripts/analysis/audit_article_beta5_eta0p5_desc1_desc2_crossing.py,inline-path,true,false,false,
scripts/README.md,scripts/analysis/audit_desc6_veering_localization.py,inline-path,true,false,false,
scripts/README.md,scripts/analysis/audit_eta0_mu_positive_gap_rearrangement_verification.py,inline-path,true,false,false,
scripts/README.md,scripts/analysis/audit_eta0p5_eps0p0025_lambda_mu_crossings.py,inline-path,true,false,false,
scripts/README.md,scripts/analysis/audit_eta_parameter_positive_gap_verification.py,inline-path,true,false,false,
scripts/README.md,scripts/analysis/audit_mode_shape_branch2_beta_transition_eta0p1_mu0p3.py,inline-path,true,false,false,
scripts/README.md,scripts/analysis/audit_mu_scan_eta0_first6_rearrangement.py,inline-path,true,false,false,
scripts/README.md,scripts/analysis/check_analytic_shape_in_fem_residual.py,inline-path,true,false,false,
scripts/README.md,scripts/analysis/check_beta0_single_rod_limit.py,inline-path,true,false,false,
scripts/README.md,scripts/analysis/check_fem_right_transform_variants.py,inline-path,true,false,false,
scripts/README.md,scripts/analysis/check_mu_to_one_single_rod_limit.py,inline-path,true,false,false,
scripts/README.md,scripts/analysis/check_single_beam_exact_shape_residual.py,inline-path,true,false,false,
scripts/README.md,scripts/analysis/check_thickness_mismatch_branch_identity_eta_p0p5.py,inline-path,true,false,false,
scripts/README.md,scripts/analysis/check_thickness_mismatch_eta_zero_limit.py,inline-path,true,false,false,
scripts/README.md,scripts/analysis/compare_analytic_fem_tracked_descendant_shape.py,inline-path,true,false,false,
scripts/README.md,scripts/analysis/compare_joint_dynamic_stiffness_analytic_fem.py,inline-path,true,false,false,
scripts/README.md,scripts/analysis/fem_check_thickness_mismatch_eta_p0p5_beta15.py,inline-path,true,false,false,
scripts/README.md,scripts/analysis/plot_article_fig3_with_fp_and_ff_refs.py,inline-path,true,false,false,
scripts/README.md,scripts/analysis/plot_desc05_full_shapes_beta15_eps_sweep.py,inline-path,true,false,false,
scripts/README.md,scripts/analysis/plot_diagnostic_eta_mu_beta_frequency_maps.py,inline-path,true,false,false,
scripts/README.md,scripts/analysis/plot_lambda_beta_eta0_eps0p0025_mu_rearrangement_check.py,inline-path,true,false,false,
scripts/README.md,scripts/analysis/plot_lambda_eta_thickness_mismatch.py,inline-path,true,false,false,
scripts/README.md,scripts/analysis/plot_lambda_mu_eta_m0p5_with_single_beam_refs.py,inline-path,true,false,false,
scripts/README.md,scripts/analysis/plot_lambda_mu_thickness_mismatch_beta15_eta_descendants.py,inline-path,true,false,false,
scripts/README.md,scripts/analysis/plot_lambda_mu_thickness_mismatch_beta15_eta_large_slenderness.py,inline-path,true,false,false,
scripts/README.md,scripts/analysis/plot_lambda_vs_beta_fixed_mu.py,inline-path,true,false,false,
scripts/README.md,scripts/analysis/plot_mode_shapes_eta_beta_scan.py,inline-path,true,false,false,
scripts/README.md,scripts/analysis/plot_mode_shapes_eta_beta_scan_sorted_modes.py,inline-path,true,false,false,
scripts/README.md,scripts/analysis/plot_thickness_mismatch_branch5_shapes.py,inline-path,true,false,false,
scripts/README.md,scripts/analysis/plot_thickness_mismatch_branch_shapes_vs_eta.py,inline-path,true,false,false,
scripts/README.md,scripts/analysis/plot_thickness_mismatch_desc6_veering_mode_shapes.py,inline-path,true,false,false,
scripts/README.md,scripts/analysis/plot_thickness_mismatch_eta_p0p5_global_spectrum.py,inline-path,true,false,false,
scripts/README.md,scripts/analysis/plot_thickness_mismatch_fem_comparison_eta_p0p5_beta15.py,inline-path,true,false,false,
scripts/README.md,scripts/analysis/summarize_diagnostic_eta_mu_beta_global_trends.py,inline-path,true,false,false,
scripts/README.md,scripts/analysis/thickness_mismatch,inline-path,true,true,false,
scripts/README.md,scripts/analysis/thickness_mismatch/README.md,inline-path,true,false,false,
scripts/README.md,scripts/analysis/thickness_mismatch/maps/plot_eb_vs_timoshenko_lambda_beta_cases.py,inline-path,true,false,false,
scripts/README.md,scripts/analysis/thickness_mismatch/maps/plot_eb_vs_timoshenko_lambda_mu_cases.py,inline-path,true,false,false,
scripts/README.md,scripts/analysis/track_lambda_eta_thickness_mismatch.py,inline-path,true,false,false,
scripts/README.md,scripts/analysis/track_lambda_mu_thickness_mismatch_eta_sweep.py,inline-path,true,false,false,
scripts/README.md,scripts/analysis/validate_article_shape_cases_beta15.py,inline-path,true,false,false,
scripts/README.md,scripts/analyze_branchwise_fem_spectrum.py,inline-path,true,false,false,
scripts/README.md,scripts/analyze_flat_mu_bending_energy.py,inline-path,true,false,false,
scripts/README.md,scripts/analyze_flat_mu_branches.py,inline-path,true,false,false,
scripts/README.md,scripts/analyze_target_descendants_beta15_r5.py,inline-path,true,false,false,
scripts/README.md,scripts/compare_beta0_analytic_vs_fem.py,inline-path,true,false,false,
scripts/README.md,scripts/compare_beta_positive_type_aware.py,inline-path,true,false,false,
scripts/README.md,scripts/lib,inline-path,true,true,false,
scripts/README.md,scripts/lib/analytic_branch_tracking.py,inline-path,true,false,false,
scripts/README.md,scripts/lib/analytic_coupled_rods_shapes.py,inline-path,true,false,false,
scripts/README.md,scripts/lib/tracked_bending_descendant_shapes.py,inline-path,true,false,false,
scripts/README.md,scripts/plot_beta_sweep_mu0_compare.py,inline-path,true,false,false,
scripts/README.md,scripts/plot_beta_sweep_mu0_four_radii_compare.py,inline-path,true,false,false,
scripts/README.md,scripts/plot_flat_mu_bending_desc_01_mu0_0p1_0p2_ru.py,inline-path,true,false,false,
scripts/README.md,scripts/plot_flat_mu_bending_desc_02_mu0_0p1_0p2_ru.py,inline-path,true,false,false,
scripts/README.md,scripts/plot_flat_mu_bending_desc_04_mu0_0p1_0p2_ru.py,inline-path,true,false,false,
scripts/README.md,scripts/plot_flat_mu_bending_desc_06_clean_ru.py,inline-path,true,false,false,
scripts/README.md,scripts/plot_flat_mu_bending_desc_06_mu0_0p1_0p2_ru.py,inline-path,true,false,false,
scripts/README.md,scripts/plot_freq_mu_vs_fem.py,inline-path,true,false,false,
scripts/README.md,scripts/plot_mu_sweep_beta0_four_radii_compare.py,inline-path,true,false,false,
scripts/README.md,scripts/plot_mu_sweep_beta_fixed_four_radii_compare.py,inline-path,true,false,false,
scripts/README.md,scripts/plot_mu_sweep_radius_fixed_four_betas_analytic.py,inline-path,true,false,false,
scripts/README.md,scripts/plot_tracked_bending_descendant_shapes_ru.py,inline-path,true,false,false,
scripts/README.md,scripts/run,inline-path,true,true,false,
scripts/README.md,scripts/run/run_analytic_coupled_rods_mode_shape_ru.py,inline-path,true,false,false,
scripts/README.md,scripts/run/run_analytic_coupled_rods_vibration_shapes_beta15_mu06_eps0025_001_ru.py,inline-path,true,false,false,
scripts/README.md,scripts/run/run_beta_sweep_mu0_four_radii.py,inline-path,true,false,false,
scripts/README.md,scripts/run/run_branchwise_fem_audit.py,inline-path,true,false,false,
scripts/README.md,scripts/run/run_lambda_mu_beta15_eps001_fixed_fixed_ref.py,inline-path,true,false,false,
scripts/README.md,scripts/run/run_lambda_mu_fixed_beta_analytic.py,inline-path,true,false,false,
scripts/README.md,scripts/run/run_mu_sweep_beta0_four_radii.py,inline-path,true,false,false,
scripts/README.md,scripts/run/run_mu_sweep_fixed_beta_four_radii.py,inline-path,true,false,false,
scripts/README.md,scripts/run/run_mu_sweep_four_betas_analytic.py,inline-path,true,false,false,
scripts/README.md,scripts/run/run_tracked_bending_descendant_shape_ru.py,inline-path,true,false,false,
scripts/README.md,scripts/run/run_tracked_bending_descendant_shapes_ru.py,inline-path,true,false,false,
scripts/README.md,scripts/run_fem_case.py,inline-path,true,false,false,
scripts/README.md,scripts/run_program1.py,inline-path,true,false,false,
scripts/README.md,scripts/run_program2.py,inline-path,true,false,false,
scripts/README.md,scripts/sweep_grid_policy.py,inline-path,true,false,false,
scripts/README.md,src/my_project/analytic/FreqMuNet.py,inline-path,true,false,false,
scripts/analysis/README.md,scripts/README.md,inline-path,true,false,false,
scripts/analysis/thickness_mismatch/README.md,data/eb_epsilon_lower_envelope_step3_cases.csv,inline-path,false,false,false,broken_or_not_present_in_snapshot
scripts/analysis/thickness_mismatch/README.md,docs/thickness_mismatch/eb_safe_prefix_stage_closure.md,markdown-link,true,false,false,
scripts/analysis/thickness_mismatch/README.md,docs/thickness_mismatch/eb_safe_spectrum_prefix_research_plan.md,markdown-link,true,false,false,
scripts/analysis/thickness_mismatch/README.md,docs/thickness_mismatch/frequency_plot_computation_policy.md,markdown-link,true,false,false,
scripts/analysis/thickness_mismatch/README.md,docs/thickness_mismatch/solid_fem_audit.md,inline-path,true,false,false,
scripts/analysis/thickness_mismatch/README.md,results/3d_fem_joint_constraint_bracketing_audit.csv,inline-path,false,false,true,broken_or_not_present_in_snapshot
scripts/analysis/thickness_mismatch/README.md,results/3d_fem_joint_constraint_bracketing_audit.md,inline-path,false,false,true,broken_or_not_present_in_snapshot
scripts/analysis/thickness_mismatch/README.md,results/3d_fem_joint_coupling_models_audit.csv,inline-path,false,false,true,broken_or_not_present_in_snapshot
scripts/analysis/thickness_mismatch/README.md,results/3d_fem_joint_coupling_models_audit.md,inline-path,false,false,true,broken_or_not_present_in_snapshot
scripts/analysis/thickness_mismatch/README.md,results/3d_fem_point_joint_mu0_eps0p01_audit.csv,inline-path,false,false,true,broken_or_not_present_in_snapshot
scripts/analysis/thickness_mismatch/README.md,results/3d_fem_point_joint_mu0_eps0p01_audit.md,inline-path,false,false,true,broken_or_not_present_in_snapshot
scripts/analysis/thickness_mismatch/README.md,results/3d_fem_rigid_joint_thickness_trend.csv,inline-path,false,false,true,broken_or_not_present_in_snapshot
scripts/analysis/thickness_mismatch/README.md,results/3d_fem_rigid_joint_thickness_trend_error_ratio.png,inline-path,false,false,true,broken_or_not_present_in_snapshot
scripts/analysis/thickness_mismatch/README.md,results/3d_fem_rigid_joint_thickness_trend_report.md,inline-path,false,false,true,broken_or_not_present_in_snapshot
scripts/analysis/thickness_mismatch/README.md,results/_smoke,inline-path,true,true,true,
scripts/analysis/thickness_mismatch/README.md,results/_smoke/3d_fem_environment_check/3d_fem_environment_check_report.md,inline-path,true,true,true,
scripts/analysis/thickness_mismatch/README.md,results/_smoke/eb_epsilon_lower_envelope_step3a,inline-path,true,true,true,
scripts/analysis/thickness_mismatch/README.md,results/article_check_beta5_eta0p5_eps0p0025_mu_desc1_desc2_crossing.,inline-path,false,false,true,broken_or_not_present_in_snapshot
scripts/analysis/thickness_mismatch/README.md,results/beta90_in_plane_single_rod_reference_comparison/beta90_in_plane_first6_reference_matches.csv,inline-path,false,false,true,broken_or_not_present_in_snapshot
scripts/analysis/thickness_mismatch/README.md,results/coupled_equal_rods_3d_solid_fem_geometry_audit.csv,inline-path,false,false,true,broken_or_not_present_in_snapshot
scripts/analysis/thickness_mismatch/README.md,results/coupled_equal_rods_3d_solid_fem_in_plane_comparison_by_beta.csv,inline-path,false,false,true,broken_or_not_present_in_snapshot
scripts/analysis/thickness_mismatch/README.md,results/coupled_equal_rods_3d_solid_fem_mode_metrics_by_beta.csv,inline-path,false,false,true,broken_or_not_present_in_snapshot
scripts/analysis/thickness_mismatch/README.md,results/coupled_equal_rods_3d_solid_fem_report.md,inline-path,false,false,true,broken_or_not_present_in_snapshot
scripts/analysis/thickness_mismatch/README.md,results/coupled_equal_rods_3d_solid_fem_sorted_comparison_by_beta.csv,inline-path,false,false,true,broken_or_not_present_in_snapshot
scripts/analysis/thickness_mismatch/README.md,results/coupled_equal_rods_beta15_3d_solid_fem_in_plane_comparison.csv,inline-path,false,false,true,broken_or_not_present_in_snapshot
scripts/analysis/thickness_mismatch/README.md,results/coupled_equal_rods_beta15_3d_solid_fem_mode_metrics.csv,inline-path,false,false,true,broken_or_not_present_in_snapshot
scripts/analysis/thickness_mismatch/README.md,results/coupled_equal_rods_beta15_3d_solid_fem_report.md,inline-path,false,false,true,broken_or_not_present_in_snapshot
scripts/analysis/thickness_mismatch/README.md,results/coupled_equal_rods_beta15_3d_solid_fem_sorted_comparison.csv,inline-path,false,false,true,broken_or_not_present_in_snapshot
scripts/analysis/thickness_mismatch/README.md,results/coupled_equal_rods_beta15_eb_timoshenko_frequencies.csv,inline-path,false,false,true,broken_or_not_present_in_snapshot
scripts/analysis/thickness_mismatch/README.md,results/coupled_equal_rods_beta15_eb_timoshenko_lambda_vs_epsilon.png,inline-path,false,false,true,broken_or_not_present_in_snapshot
scripts/analysis/thickness_mismatch/README.md,results/coupled_equal_rods_beta15_eb_timoshenko_report.md,inline-path,false,false,true,broken_or_not_present_in_snapshot
scripts/analysis/thickness_mismatch/README.md,results/coupled_equal_rods_beta15_timoshenko_kappa_sensitivity.csv,inline-path,false,false,true,broken_or_not_present_in_snapshot
scripts/analysis/thickness_mismatch/README.md,results/coupled_equal_rods_point_joint_3d_solid_fem_geometry_audit.csv,inline-path,false,false,true,broken_or_not_present_in_snapshot
scripts/analysis/thickness_mismatch/README.md,results/coupled_equal_rods_point_joint_3d_solid_fem_in_plane_comparison_by_beta.csv,inline-path,false,false,true,broken_or_not_present_in_snapshot
scripts/analysis/thickness_mismatch/README.md,results/coupled_equal_rods_point_joint_3d_solid_fem_mac_matches.csv,inline-path,false,false,true,broken_or_not_present_in_snapshot
scripts/analysis/thickness_mismatch/README.md,results/coupled_equal_rods_point_joint_3d_solid_fem_mac_matrix_eb.csv,inline-path,false,false,true,broken_or_not_present_in_snapshot
scripts/analysis/thickness_mismatch/README.md,results/coupled_equal_rods_point_joint_3d_solid_fem_mac_matrix_timoshenko.csv,inline-path,false,false,true,broken_or_not_present_in_snapshot
scripts/analysis/thickness_mismatch/README.md,results/coupled_equal_rods_point_joint_3d_solid_fem_mode_metrics_by_beta.csv,inline-path,false,false,true,broken_or_not_present_in_snapshot
scripts/analysis/thickness_mismatch/README.md,results/coupled_equal_rods_point_joint_3d_solid_fem_report.md,inline-path,false,false,true,broken_or_not_present_in_snapshot
scripts/analysis/thickness_mismatch/README.md,results/coupled_equal_rods_point_joint_3d_solid_fem_sorted_comparison_by_beta.csv,inline-path,false,false,true,broken_or_not_present_in_snapshot
scripts/analysis/thickness_mismatch/README.md,results/coupled_equal_rods_point_joint_mesh_convergence_frequencies.csv,inline-path,false,false,true,broken_or_not_present_in_snapshot
scripts/analysis/thickness_mismatch/README.md,results/coupled_equal_rods_point_joint_mesh_convergence_mac.csv,inline-path,false,false,true,broken_or_not_present_in_snapshot
scripts/analysis/thickness_mismatch/README.md,results/coupled_equal_rods_point_joint_mesh_convergence_report.md,inline-path,false,false,true,broken_or_not_present_in_snapshot
scripts/analysis/thickness_mismatch/README.md,results/coupled_equal_rods_point_joint_mesh_convergence_summary.csv,inline-path,false,false,true,broken_or_not_present_in_snapshot
scripts/analysis/thickness_mismatch/README.md,results/coupled_equal_rods_point_joint_planar_3d_solid_fem_mac_matches.csv,inline-path,false,false,true,broken_or_not_present_in_snapshot
scripts/analysis/thickness_mismatch/README.md,results/coupled_equal_rods_point_joint_planar_3d_solid_fem_mac_matrix_eb.csv,inline-path,false,false,true,broken_or_not_present_in_snapshot
scripts/analysis/thickness_mismatch/README.md,results/coupled_equal_rods_point_joint_planar_3d_solid_fem_mac_matrix_timoshenko.csv,inline-path,false,false,true,broken_or_not_present_in_snapshot
scripts/analysis/thickness_mismatch/README.md,results/coupled_equal_rods_point_joint_planar_3d_solid_fem_mode_metrics.csv,inline-path,false,false,true,broken_or_not_present_in_snapshot
scripts/analysis/thickness_mismatch/README.md,results/coupled_equal_rods_point_joint_planar_3d_solid_fem_report.md,inline-path,false,false,true,broken_or_not_present_in_snapshot
scripts/analysis/thickness_mismatch/README.md,results/coupled_equal_rods_point_joint_planar_3d_solid_fem_sorted_comparison.csv,inline-path,false,false,true,broken_or_not_present_in_snapshot
scripts/analysis/thickness_mismatch/README.md,results/coupled_equal_thickness_beta15_eps0p01_eb_timoshenko_3d_fem_vs_mu_corrected.csv,inline-path,false,false,true,broken_or_not_present_in_snapshot
scripts/analysis/thickness_mismatch/README.md,results/coupled_equal_thickness_beta15_eps0p01_eb_timoshenko_3d_fem_vs_mu_corrected.png,inline-path,false,false,true,broken_or_not_present_in_snapshot
scripts/analysis/thickness_mismatch/README.md,results/coupled_equal_thickness_beta15_eps0p01_eb_timoshenko_3d_fem_vs_mu_corrected_report.md,inline-path,false,false,true,broken_or_not_present_in_snapshot
scripts/analysis/thickness_mismatch/README.md,results/coupled_equal_thickness_beta15_eps0p01_mu0_fem_sanity_audit.csv,inline-path,false,false,true,broken_or_not_present_in_snapshot
scripts/analysis/thickness_mismatch/README.md,results/coupled_equal_thickness_beta15_eps0p01_mu0_fem_sanity_audit.md,inline-path,false,false,true,broken_or_not_present_in_snapshot
scripts/analysis/thickness_mismatch/README.md,results/diagnostic_eta_mu_beta_beta_at_gmin_histogram_eps0p0025.csv,inline-path,false,false,true,broken_or_not_present_in_snapshot
scripts/analysis/thickness_mismatch/README.md,results/diagnostic_eta_mu_beta_global_surrogate_fits_eps0p0025.csv,inline-path,false,false,true,broken_or_not_present_in_snapshot
scripts/analysis/thickness_mismatch/README.md,results/diagnostic_eta_mu_beta_global_trends_by_eta_eps0p0025.csv,inline-path,false,false,true,broken_or_not_present_in_snapshot
scripts/analysis/thickness_mismatch/README.md,results/diagnostic_eta_mu_beta_global_trends_by_mu_eps0p0025.csv,inline-path,false,false,true,broken_or_not_present_in_snapshot
scripts/analysis/thickness_mismatch/README.md,results/diagnostic_eta_mu_beta_global_trends_eps0p0025_report.md,inline-path,false,false,true,broken_or_not_present_in_snapshot
scripts/analysis/thickness_mismatch/README.md,results/diagnostic_eta_mu_beta_global_trends_eta_sign_abs_eps0p0025.csv,inline-path,false,false,true,broken_or_not_present_in_snapshot
scripts/analysis/thickness_mismatch/README.md,results/diagnostic_eta_mu_beta_heatmap_metrics_eps0p0025.,inline-path,false,false,true,broken_or_not_present_in_snapshot
scripts/analysis/thickness_mismatch/README.md,results/diagnostic_eta_mu_beta_pair_transition_by_mu_eps0p0025.csv,inline-path,false,false,true,broken_or_not_present_in_snapshot
scripts/analysis/thickness_mismatch/README.md,results/diagnostic_eta_mu_beta_sensitivity_branch_dominance_eps0p0025.csv,inline-path,false,false,true,broken_or_not_present_in_snapshot
scripts/analysis/thickness_mismatch/README.md,results/diagnostic_global_,inline-path,false,false,true,broken_or_not_present_in_snapshot
scripts/analysis/thickness_mismatch/README.md,results/diagnostic_heatmap_,inline-path,false,false,true,broken_or_not_present_in_snapshot
scripts/analysis/thickness_mismatch/README.md,results/diagnostic_lambda_beta_eps0p0025_mu_eta_grid_overview.png,inline-path,false,false,true,broken_or_not_present_in_snapshot
scripts/analysis/thickness_mismatch/README.md,results/diagnostic_lambda_beta_eps0p0025_mu_eta_slices.csv,inline-path,false,false,true,broken_or_not_present_in_snapshot
scripts/analysis/thickness_mismatch/README.md,results/diagnostic_lambda_eta_beta0_mu0_eps0p0025.,inline-path,false,false,true,broken_or_not_present_in_snapshot
scripts/analysis/thickness_mismatch/README.md,results/diagnostic_lambda_mu_eta_,inline-path,false,false,true,broken_or_not_present_in_snapshot
scripts/analysis/thickness_mismatch/README.md,results/eb_epsilon_apriori_pilot,inline-path,true,true,true,
scripts/analysis/thickness_mismatch/README.md,results/eb_epsilon_apriori_pilot/analysis,inline-path,true,true,true,
scripts/analysis/thickness_mismatch/README.md,results/eb_epsilon_apriori_pilot_branch_continuation_v1,inline-path,true,true,true,
scripts/analysis/thickness_mismatch/README.md,results/eb_epsilon_apriori_pilot_complete_spectrum_v1,inline-path,true,true,true,
scripts/analysis/thickness_mismatch/README.md,results/eb_epsilon_baseline_thresholds,inline-path,true,true,true,
scripts/analysis/thickness_mismatch/README.md,results/eb_epsilon_lower_envelope_step3a,inline-path,true,true,true,
scripts/analysis/thickness_mismatch/README.md,results/eb_rule_ab_exact_pareto,inline-path,true,true,true,
scripts/analysis/thickness_mismatch/README.md,results/eb_rule_ab_exact_pareto/eb_rule_ab_exact_pareto_report.md,markdown-link,true,true,true,
scripts/analysis/thickness_mismatch/README.md,results/eb_rule_ab_exact_pareto/rule_B_cost_break_even_proposal.csv,inline-path,true,true,true,
scripts/analysis/thickness_mismatch/README.md,results/eb_rule_s_cost_break_even,inline-path,true,true,true,
scripts/analysis/thickness_mismatch/README.md,results/eb_rule_s_cost_break_even/rule_S_cost_break_even_report.md,markdown-link,true,true,true,
scripts/analysis/thickness_mismatch/README.md,results/eb_safe_prefix_certification,inline-path,false,false,true,broken_or_not_present_in_snapshot
scripts/analysis/thickness_mismatch/README.md,results/eb_safe_prefix_certification/eb_safe_prefix_mode_audit.csv,inline-path,false,false,true,broken_or_not_present_in_snapshot
scripts/analysis/thickness_mismatch/README.md,results/eb_timo_branch_continuation_gateway,inline-path,true,true,true,
scripts/analysis/thickness_mismatch/README.md,results/eb_timo_branch_continuation_gateway/cache,inline-path,true,true,true,
scripts/analysis/thickness_mismatch/README.md,results/eb_timo_clean_mode_shapes,inline-path,true,true,true,
scripts/analysis/thickness_mismatch/README.md,results/eb_timo_counterexample_dimensional_frequency_beta,inline-path,true,true,true,
scripts/analysis/thickness_mismatch/README.md,results/eb_timo_general_spectrum_completeness,inline-path,true,true,true,
scripts/analysis/thickness_mismatch/README.md,results/eb_validity_fixed_epsilon_geometry_scan,inline-path,true,true,true,
scripts/analysis/thickness_mismatch/README.md,results/eb_validity_fixed_epsilon_geometry_scan/fixed_epsilon_mode_metrics.csv,inline-path,true,true,true,
scripts/analysis/thickness_mismatch/README.md,results/eb_validity_vs_timoshenko_stage1,inline-path,true,true,true,
scripts/analysis/thickness_mismatch/README.md,results/eb_validity_vs_timoshenko_stage1/eb_timo_mode_level_metrics.csv,inline-path,true,true,true,
scripts/analysis/thickness_mismatch/README.md,results/eb_vs_timoshenko_3d_validation/stepped_beta0_mu0p5_eta0p1/analytic_,inline-path,false,false,true,broken_or_not_present_in_snapshot
scripts/analysis/thickness_mismatch/README.md,results/eb_vs_timoshenko_3d_validation/uniform_beta0_eps0p05/analytic_,inline-path,false,false,true,broken_or_not_present_in_snapshot
scripts/analysis/thickness_mismatch/README.md,results/eb_vs_timoshenko_lambda_beta_cases/lambda_beta_eb_vs_timo_,inline-path,false,false,true,broken_or_not_present_in_snapshot
scripts/analysis/thickness_mismatch/README.md,results/eb_vs_timoshenko_lambda_mu_beta45_eta0_eps_scan,inline-path,true,true,true,
scripts/analysis/thickness_mismatch/README.md,results/eb_vs_timoshenko_lambda_mu_beta45_eta0_eps_scan/lambda_mu_eb_vs_timo_beta45_eta0_eps,inline-path,false,false,true,broken_or_not_present_in_snapshot
scripts/analysis/thickness_mismatch/README.md,results/eb_vs_timoshenko_longitudinal_suspect_modes/suspect_mode_energy_fractions.csv,inline-path,true,true,true,
scripts/analysis/thickness_mismatch/README.md,results/eta0_eps0p0025_mu_positive_gap_lambda_beta_selected.png,inline-path,false,false,true,broken_or_not_present_in_snapshot
scripts/analysis/thickness_mismatch/README.md,results/eta0_eps0p0025_mu_positive_gap_min_beta.png,inline-path,false,false,true,broken_or_not_present_in_snapshot
scripts/analysis/thickness_mismatch/README.md,results/eta0_eps0p0025_mu_positive_gap_scaling.png,inline-path,false,false,true,broken_or_not_present_in_snapshot
scripts/analysis/thickness_mismatch/README.md,results/eta0_eps0p0025_mu_positive_gap_verification_details.csv,inline-path,false,false,true,broken_or_not_present_in_snapshot
scripts/analysis/thickness_mismatch/README.md,results/eta0_eps0p0025_mu_positive_gap_verification_report.md,inline-path,false,false,true,broken_or_not_present_in_snapshot
scripts/analysis/thickness_mismatch/README.md,results/eta0_eps0p0025_mu_positive_gap_verification_summary.csv,inline-path,false,false,true,broken_or_not_present_in_snapshot
scripts/analysis/thickness_mismatch/README.md,results/eta0p5_eps0p0025_beta15_lambda_mu_crossing_audit.,inline-path,false,false,true,broken_or_not_present_in_snapshot
scripts/analysis/thickness_mismatch/README.md,results/eta0p5_eps0p0025_mu0_lambda_beta_sorted_descendant_audit.,inline-path,false,false,true,broken_or_not_present_in_snapshot
scripts/analysis/thickness_mismatch/README.md,results/eta0p5_eps0p0025_mu0_sorted5_identity_summary.csv,inline-path,false,false,true,broken_or_not_present_in_snapshot
scripts/analysis/thickness_mismatch/README.md,results/eta_parameter_positive_gap_classification_map.png,inline-path,false,false,true,broken_or_not_present_in_snapshot
scripts/analysis/thickness_mismatch/README.md,results/eta_parameter_positive_gap_min_gap_vs_beta_eta_scan.png,inline-path,false,false,true,broken_or_not_present_in_snapshot
scripts/analysis/thickness_mismatch/README.md,results/eta_parameter_positive_gap_min_gap_vs_eta.png,inline-path,false,false,true,broken_or_not_present_in_snapshot
scripts/analysis/thickness_mismatch/README.md,results/eta_parameter_positive_gap_min_gap_vs_mu_eta_scan.png,inline-path,false,false,true,broken_or_not_present_in_snapshot
scripts/analysis/thickness_mismatch/README.md,results/eta_parameter_positive_gap_verification_details.csv,inline-path,false,false,true,broken_or_not_present_in_snapshot
scripts/analysis/thickness_mismatch/README.md,results/eta_parameter_positive_gap_verification_report.md,inline-path,false,false,true,broken_or_not_present_in_snapshot
scripts/analysis/thickness_mismatch/README.md,results/eta_parameter_positive_gap_verification_summary.csv,inline-path,false,false,true,broken_or_not_present_in_snapshot
scripts/analysis/thickness_mismatch/README.md,results/eta_scan_eps0p0025_mu0_first6_,inline-path,false,false,true,broken_or_not_present_in_snapshot
scripts/analysis/thickness_mismatch/README.md,results/eta_scan_eps0p0025_mu0_first6_rearrangement.csv,inline-path,false,false,true,broken_or_not_present_in_snapshot
scripts/analysis/thickness_mismatch/README.md,results/eta_scan_eps0p0025_mu0_first6_rearrangement_report.md,inline-path,false,false,true,broken_or_not_present_in_snapshot
scripts/analysis/thickness_mismatch/README.md,results/eta_scan_eps0p0025_mu0_first6_rearrangement_summary.csv,inline-path,false,false,true,broken_or_not_present_in_snapshot
scripts/analysis/thickness_mismatch/README.md,results/eta_scan_selected_lambda_beta_descendants_eps0p0025_mu0.csv,inline-path,false,false,true,broken_or_not_present_in_snapshot
scripts/analysis/thickness_mismatch/README.md,results/eta_scan_selected_lambda_beta_descendants_eps0p0025_mu0.png,inline-path,false,false,true,broken_or_not_present_in_snapshot
scripts/analysis/thickness_mismatch/README.md,results/eta_scan_selected_lambda_beta_descendants_eps0p0025_mu0_report.md,inline-path,false,false,true,broken_or_not_present_in_snapshot
scripts/analysis/thickness_mismatch/README.md,results/full_spectrum_analytic_vs_3d_fem/coupled_mu0p3_eta0_beta15/analytic_union.csv,inline-path,false,false,true,broken_or_not_present_in_snapshot
scripts/analysis/thickness_mismatch/README.md,results/full_spectrum_analytic_vs_3d_fem/full_spectrum_analytic_union.csv,inline-path,false,false,true,broken_or_not_present_in_snapshot
scripts/analysis/thickness_mismatch/README.md,results/full_spectrum_analytic_vs_3d_fem/smoke_straight_uniform/analytic_union.csv,inline-path,false,false,true,broken_or_not_present_in_snapshot
scripts/analysis/thickness_mismatch/README.md,results/full_spectrum_analytic_vs_3d_fem/straight_uniform_mesh_convergence/mesh_convergence_summary.csv,inline-path,false,false,true,broken_or_not_present_in_snapshot
scripts/analysis/thickness_mismatch/README.md,results/in_plane_mode_shapes_beta90_mu0p3_eta0p1_first6/mode_shape_sorted1_beta90_mu0p3_eta0p1.png,inline-path,false,false,true,broken_or_not_present_in_snapshot
scripts/analysis/thickness_mismatch/README.md,results/in_plane_vs_out_of_plane_lambda_beta/in_plane_vs_out_of_plane_lambda_beta_sorted_roots.csv,inline-path,false,false,true,broken_or_not_present_in_snapshot
scripts/analysis/thickness_mismatch/README.md,results/lambda_beta_eta0_eps0p0025_mu0p001_first6.png,inline-path,false,false,true,broken_or_not_present_in_snapshot
scripts/analysis/thickness_mismatch/README.md,results/lambda_beta_eta0_eps0p0025_mu0p002_first6.png,inline-path,false,false,true,broken_or_not_present_in_snapshot
scripts/analysis/thickness_mismatch/README.md,results/lambda_beta_eta0_eps0p0025_mu0p003_first6.png,inline-path,false,false,true,broken_or_not_present_in_snapshot
scripts/analysis/thickness_mismatch/README.md,results/lambda_beta_eta0_eps0p0025_mu_rearrangement_check.csv,inline-path,false,false,true,broken_or_not_present_in_snapshot
scripts/analysis/thickness_mismatch/README.md,results/lambda_beta_eta0_eps0p0025_mu_rearrangement_check_report.md,inline-path,false,false,true,broken_or_not_present_in_snapshot
scripts/analysis/thickness_mismatch/README.md,results/lambda_eta_beta90_mu_scan_single_rod_refs/mu_0p0,inline-path,false,false,true,broken_or_not_present_in_snapshot
scripts/analysis/thickness_mismatch/README.md,results/lambda_mu_beta90_eta_scan_single_rod_refs/eta_p0p1,inline-path,false,false,true,broken_or_not_present_in_snapshot
scripts/analysis/thickness_mismatch/README.md,results/mode_shape_branch2_transition_,inline-path,false,false,true,broken_or_not_present_in_snapshot
scripts/analysis/thickness_mismatch/README.md,results/mode_shape_branch2_transition_audit_eta_0p1_mu_0p3_eps_0p0025.csv,inline-path,false,false,true,broken_or_not_present_in_snapshot
scripts/analysis/thickness_mismatch/README.md,results/mode_shape_branch2_transition_audit_eta_0p1_mu_0p3_eps_0p0025.md,inline-path,false,false,true,broken_or_not_present_in_snapshot
scripts/analysis/thickness_mismatch/README.md,results/mode_shapes_sorted2_sorted3_eta_0p1_mu_0p3_eps_0p0025,inline-path,false,false,true,broken_or_not_present_in_snapshot
scripts/analysis/thickness_mismatch/README.md,results/mu_scan_eta0_eps0p0025_,inline-path,false,false,true,broken_or_not_present_in_snapshot
scripts/analysis/thickness_mismatch/README.md,results/mu_scan_eta0_eps0p0025_first6_rearrangement.csv,inline-path,false,false,true,broken_or_not_present_in_snapshot
scripts/analysis/thickness_mismatch/README.md,results/mu_scan_eta0_eps0p0025_first6_rearrangement_report.md,inline-path,false,false,true,broken_or_not_present_in_snapshot
scripts/analysis/thickness_mismatch/README.md,results/mu_scan_eta0_eps0p0025_first6_rearrangement_summary.csv,inline-path,false,false,true,broken_or_not_present_in_snapshot
scripts/analysis/thickness_mismatch/README.md,results/out_of_plane_fem_validation/out_of_plane_analytic_vs_1d_fem_comparison.csv,inline-path,false,false,true,broken_or_not_present_in_snapshot
scripts/analysis/thickness_mismatch/README.md,results/out_of_plane_fem_validation/out_of_plane_analytic_vs_1d_fem_convergence.csv,inline-path,false,false,true,broken_or_not_present_in_snapshot
scripts/analysis/thickness_mismatch/README.md,results/out_of_plane_fem_validation/out_of_plane_analytic_vs_1d_fem_report.md,inline-path,false,false,true,broken_or_not_present_in_snapshot
scripts/analysis/thickness_mismatch/README.md,results/out_of_plane_lambda_beta_mu_eta/out_of_plane_lambda_beta_gap_summary.csv,inline-path,false,false,true,broken_or_not_present_in_snapshot
scripts/analysis/thickness_mismatch/README.md,results/out_of_plane_lambda_beta_mu_eta/out_of_plane_lambda_beta_mu_eta_sorted_roots.csv,inline-path,false,false,true,broken_or_not_present_in_snapshot
scripts/analysis/thickness_mismatch/README.md,results/out_of_plane_mode_character_beta/out_of_plane_mode_character_beta.csv,inline-path,false,false,true,broken_or_not_present_in_snapshot
scripts/analysis/thickness_mismatch/README.md,results/rigid_joint_equal_thickness_beta15_eps0p01_lambda_mu_eb_timoshenko_fem.png,inline-path,false,false,true,broken_or_not_present_in_snapshot
scripts/analysis/thickness_mismatch/README.md,results/rigid_joint_equal_thickness_beta15_eps0p025_lambda_mu_eb_timoshenko_fem.png,inline-path,false,false,true,broken_or_not_present_in_snapshot
scripts/analysis/thickness_mismatch/README.md,results/rigid_joint_equal_thickness_beta15_eps0p05_lambda_mu_eb_timoshenko_fem.png,inline-path,false,false,true,broken_or_not_present_in_snapshot
scripts/analysis/thickness_mismatch/README.md,results/rigid_joint_equal_thickness_beta15_frequency_comparison_eps_trend.csv,inline-path,false,false,true,broken_or_not_present_in_snapshot
scripts/analysis/thickness_mismatch/README.md,results/rigid_joint_equal_thickness_beta15_frequency_comparison_eps_trend.png,inline-path,false,false,true,broken_or_not_present_in_snapshot
scripts/analysis/thickness_mismatch/README.md,results/rigid_joint_equal_thickness_beta15_frequency_comparison_eps_trend_report.md,inline-path,false,false,true,broken_or_not_present_in_snapshot
scripts/analysis/thickness_mismatch/README.md,results/rigid_joint_equal_thickness_beta15_lambda_mu_eb_timoshenko_fem.csv,inline-path,false,false,true,broken_or_not_present_in_snapshot
scripts/analysis/thickness_mismatch/README.md,results/rigid_joint_equal_thickness_beta15_lambda_mu_eb_timoshenko_fem_report.md,inline-path,false,false,true,broken_or_not_present_in_snapshot
scripts/analysis/thickness_mismatch/README.md,results/single_rod_fixed_fixed_3d_solid_fem_bending_doublet_comparison.csv,inline-path,false,false,true,broken_or_not_present_in_snapshot
scripts/analysis/thickness_mismatch/README.md,results/single_rod_fixed_fixed_3d_solid_fem_comparison.csv,inline-path,false,false,true,broken_or_not_present_in_snapshot
scripts/analysis/thickness_mismatch/README.md,results/single_rod_fixed_fixed_3d_solid_fem_mode_metrics.csv,inline-path,false,false,true,broken_or_not_present_in_snapshot
scripts/analysis/thickness_mismatch/README.md,results/single_rod_fixed_fixed_3d_solid_fem_report.md,inline-path,false,false,true,broken_or_not_present_in_snapshot
scripts/analysis/thickness_mismatch/README.md,results/single_rod_fixed_fixed_eb_timoshenko_frequencies.csv,inline-path,false,false,true,broken_or_not_present_in_snapshot
scripts/analysis/thickness_mismatch/README.md,results/single_rod_fixed_fixed_eb_timoshenko_lambda_vs_epsilon.png,inline-path,false,false,true,broken_or_not_present_in_snapshot
scripts/analysis/thickness_mismatch/README.md,results/single_rod_fixed_fixed_eb_timoshenko_report.md,inline-path,false,false,true,broken_or_not_present_in_snapshot
scripts/analysis/thickness_mismatch/README.md,results/single_rod_reference_audit/eta_sign_length_thickness_audit.csv,inline-path,false,false,true,broken_or_not_present_in_snapshot
scripts/analysis/thickness_mismatch/README.md,results/smoke,inline-path,false,false,true,broken_or_not_present_in_snapshot
scripts/analysis/thickness_mismatch/README.md,results/solid_fem_coupled_equal_rods,inline-path,false,false,true,broken_or_not_present_in_snapshot
scripts/analysis/thickness_mismatch/README.md,results/solid_fem_coupled_equal_rods_beta15,inline-path,false,false,true,broken_or_not_present_in_snapshot
scripts/analysis/thickness_mismatch/README.md,results/solid_fem_coupled_equal_rods_beta15_eps0p01_planar_mu,inline-path,false,false,true,broken_or_not_present_in_snapshot
scripts/analysis/thickness_mismatch/README.md,results/solid_fem_coupled_equal_rods_point_joint,inline-path,false,false,true,broken_or_not_present_in_snapshot
scripts/analysis/thickness_mismatch/README.md,results/solid_fem_coupled_equal_rods_point_joint_mesh_convergence,inline-path,false,false,true,broken_or_not_present_in_snapshot
scripts/analysis/thickness_mismatch/README.md,results/solid_fem_coupled_equal_rods_point_joint_planar,inline-path,false,false,true,broken_or_not_present_in_snapshot
scripts/analysis/thickness_mismatch/README.md,results/solid_fem_joint_constraint_bracketing_audit,inline-path,false,false,true,broken_or_not_present_in_snapshot
scripts/analysis/thickness_mismatch/README.md,results/solid_fem_joint_coupling_models_audit,inline-path,false,false,true,broken_or_not_present_in_snapshot
scripts/analysis/thickness_mismatch/README.md,results/solid_fem_point_joint_mu0_eps0p01_audit,inline-path,false,false,true,broken_or_not_present_in_snapshot
scripts/analysis/thickness_mismatch/README.md,results/solid_fem_rigid_joint_equal_thickness_beta15_lambda_mu,inline-path,false,false,true,broken_or_not_present_in_snapshot
scripts/analysis/thickness_mismatch/README.md,results/solid_fem_rigid_joint_thickness_trend,inline-path,false,false,true,broken_or_not_present_in_snapshot
scripts/analysis/thickness_mismatch/README.md,results/solid_fem_single_rod,inline-path,false,false,true,broken_or_not_present_in_snapshot
scripts/analysis/thickness_mismatch/README.md,results/thickness_mismatch_branch5_shapes_,inline-path,false,false,true,broken_or_not_present_in_snapshot
scripts/analysis/thickness_mismatch/README.md,results/thickness_mismatch_branch_identity_eta_p0p5_beta15_refined.,inline-path,false,false,true,broken_or_not_present_in_snapshot
scripts/analysis/thickness_mismatch/README.md,results/thickness_mismatch_desc5_mode_shapes_beta15_eps0p0025,inline-path,false,false,true,broken_or_not_present_in_snapshot
scripts/analysis/thickness_mismatch/README.md,results/thickness_mismatch_desc5_veering_mode_shapes_beta15_eps0p0025_eta0p5/desc5_near45_rank,inline-path,false,false,true,broken_or_not_present_in_snapshot
scripts/analysis/thickness_mismatch/README.md,results/thickness_mismatch_desc5_veering_mode_shapes_beta15_eps0p0025_eta0p5/desc5_near56_rank,inline-path,false,false,true,broken_or_not_present_in_snapshot
scripts/analysis/thickness_mismatch/README.md,results/thickness_mismatch_desc5_veering_mode_shapes_beta15_eps0p0025_eta0p5/desc5_veering_points.,inline-path,false,false,true,broken_or_not_present_in_snapshot
scripts/analysis/thickness_mismatch/README.md,results/thickness_mismatch_desc6_veering_mode_shapes_beta15_eps0p0025_eta0p5,inline-path,false,false,true,broken_or_not_present_in_snapshot
scripts/analysis/thickness_mismatch/README.md,results/thickness_mismatch_desc6_veering_mode_shapes_beta15_eps0p0025_eta0p5/desc6_localization_audit.csv,inline-path,false,false,true,broken_or_not_present_in_snapshot
scripts/analysis/thickness_mismatch/README.md,results/thickness_mismatch_desc6_veering_mode_shapes_beta15_eps0p0025_eta0p5/desc6_localization_audit_report.md,inline-path,false,false,true,broken_or_not_present_in_snapshot
scripts/analysis/thickness_mismatch/README.md,results/thickness_mismatch_desc6_veering_mode_shapes_beta15_eps0p0025_eta0p5/desc6_near45_rank,inline-path,false,false,true,broken_or_not_present_in_snapshot
scripts/analysis/thickness_mismatch/README.md,results/thickness_mismatch_desc6_veering_mode_shapes_beta15_eps0p0025_eta0p5/desc6_near56_rank,inline-path,false,false,true,broken_or_not_present_in_snapshot
scripts/analysis/thickness_mismatch/README.md,results/thickness_mismatch_desc6_veering_mode_shapes_beta15_eps0p0025_eta0p5/desc6_veering_points.,inline-path,false,false,true,broken_or_not_present_in_snapshot
scripts/analysis/thickness_mismatch/README.md,results/thickness_mismatch_eta_p0p5_beta15_global_spectrum_8modes.,inline-path,false,false,true,broken_or_not_present_in_snapshot
scripts/analysis/thickness_mismatch/README.md,results/thickness_mismatch_eta_zero_roots_check.csv,inline-path,false,false,true,broken_or_not_present_in_snapshot
scripts/analysis/thickness_mismatch/README.md,results/thickness_mismatch_fem_comparison_beta15_eps0p0025_eta_p0p5.,inline-path,false,false,true,broken_or_not_present_in_snapshot
scripts/analysis/thickness_mismatch/README.md,results/thickness_mismatch_lambda_mu_beta,inline-path,false,false,true,broken_or_not_present_in_snapshot
scripts/analysis/thickness_mismatch/README.md,results/thickness_mismatch_lambda_mu_beta15_eps0p0025_eta_p0p5_with_isolated_rods.,inline-path,false,false,true,broken_or_not_present_in_snapshot
scripts/analysis/thickness_mismatch/README.md,results/thickness_mismatch_lambda_mu_beta45_eps0p0025_eta_p0p5_with_isolated_rods.,inline-path,false,false,true,broken_or_not_present_in_snapshot
scripts/analysis/thickness_mismatch/README.md,results/thickness_mismatch_lambda_mu_beta45_eps0p0025_eta_p0p5_with_isolated_rods_fixed_fixed.,inline-path,false,false,true,broken_or_not_present_in_snapshot
scripts/analysis/thickness_mismatch/README.md,results/thickness_mismatch_swap_symmetry_check.csv,inline-path,false,false,true,broken_or_not_present_in_snapshot
scripts/analysis/thickness_mismatch/README.md,results/timoshenko_energy_partition_beta15_eps0p01_eta0_eta0p5.csv,inline-path,false,false,true,broken_or_not_present_in_snapshot
scripts/analysis/thickness_mismatch/README.md,results/timoshenko_energy_partition_beta15_eps0p01_eta0_eta0p5_report.md,inline-path,false,false,true,broken_or_not_present_in_snapshot
scripts/analysis/thickness_mismatch/README.md,results/timoshenko_mode_shape_diagnostics,inline-path,true,true,true,
scripts/analysis/thickness_mismatch/README.md,results/timoshenko_shape_bug_audit/beta_unit_audit.md,inline-path,true,true,true,
scripts/analysis/thickness_mismatch/README.md,results/variable_length_thickness_timoshenko_limits_audit.csv,inline-path,false,false,true,broken_or_not_present_in_snapshot
scripts/analysis/thickness_mismatch/README.md,results/variable_length_thickness_timoshenko_limits_audit.md,inline-path,false,false,true,broken_or_not_present_in_snapshot
scripts/analysis/thickness_mismatch/README.md,results/variable_length_timoshenko_limits_audit.csv,inline-path,true,true,true,
scripts/analysis/thickness_mismatch/README.md,results/variable_length_timoshenko_limits_audit.md,inline-path,true,true,true,
scripts/analysis/thickness_mismatch/README.md,scripts/analysis,inline-path,true,true,false,
scripts/analysis/thickness_mismatch/README.md,scripts/analysis/audit_3d_fem_joint_constraint_bracketing.py,inline-path,true,false,false,
scripts/analysis/thickness_mismatch/README.md,scripts/analysis/audit_3d_fem_joint_coupling_models.py,inline-path,true,false,false,
scripts/analysis/thickness_mismatch/README.md,scripts/analysis/audit_3d_fem_point_joint_mu0_eps0p01.py,inline-path,true,false,false,
scripts/analysis/thickness_mismatch/README.md,scripts/analysis/audit_3d_fem_rigid_joint_thickness_trend.py,inline-path,true,false,false,
scripts/analysis/thickness_mismatch/README.md,scripts/analysis/audit_article_beta5_eta0p5_desc1_desc2_crossing.py,inline-path,true,false,false,
scripts/analysis/thickness_mismatch/README.md,scripts/analysis/audit_coupled_equal_thickness_beta15_eps0p01_mu0_fem_sanity.py,inline-path,true,false,false,
scripts/analysis/thickness_mismatch/README.md,scripts/analysis/audit_desc6_veering_localization.py,inline-path,true,false,false,
scripts/analysis/thickness_mismatch/README.md,scripts/analysis/audit_eta0_mu_positive_gap_rearrangement_verification.py,inline-path,true,false,false,
scripts/analysis/thickness_mismatch/README.md,scripts/analysis/audit_eta0p5_eps0p0025_lambda_mu_crossings.py,inline-path,true,false,false,
scripts/analysis/thickness_mismatch/README.md,scripts/analysis/audit_eta_parameter_positive_gap_verification.py,inline-path,true,false,false,
scripts/analysis/thickness_mismatch/README.md,scripts/analysis/audit_eta_scan_first6_rearrangement.py,inline-path,true,false,false,
scripts/analysis/thickness_mismatch/README.md,scripts/analysis/audit_lambda_beta_sorted_descendant_thickness_mismatch.py,inline-path,true,false,false,
scripts/analysis/thickness_mismatch/README.md,scripts/analysis/audit_mode_shape_branch2_beta_transition_eta0p1_mu0p3.py,inline-path,true,false,false,
scripts/analysis/thickness_mismatch/README.md,scripts/analysis/audit_mu_scan_eta0_first6_rearrangement.py,inline-path,true,false,false,
scripts/analysis/thickness_mismatch/README.md,scripts/analysis/audit_timoshenko_energy_partition_beta15_eps0p01_eta0_eta0p5.py,inline-path,true,false,false,
scripts/analysis/thickness_mismatch/README.md,scripts/analysis/audit_variable_length_thickness_timoshenko_limits.py,inline-path,true,false,false,
scripts/analysis/thickness_mismatch/README.md,scripts/analysis/audit_variable_length_timoshenko_limits.py,inline-path,true,false,false,
scripts/analysis/thickness_mismatch/README.md,scripts/analysis/check_thickness_mismatch_branch_identity_eta_p0p5.py,inline-path,true,false,false,
scripts/analysis/thickness_mismatch/README.md,scripts/analysis/check_thickness_mismatch_eta_zero_limit.py,inline-path,true,false,false,
scripts/analysis/thickness_mismatch/README.md,scripts/analysis/compare_coupled_equal_rods_eb_timoshenko.py,inline-path,true,false,false,
scripts/analysis/thickness_mismatch/README.md,scripts/analysis/compare_single_rod_eb_timoshenko.py,inline-path,true,false,false,
scripts/analysis/thickness_mismatch/README.md,scripts/analysis/plot_coupled_equal_rods_beta15_eps0p01_eb_timoshenko_fem_vs_mu.py,inline-path,true,false,false,
scripts/analysis/thickness_mismatch/README.md,scripts/analysis/plot_diagnostic_eta_mu_beta_frequency_maps.py,inline-path,true,false,false,
scripts/analysis/thickness_mismatch/README.md,scripts/analysis/plot_eta_scan_selected_lambda_beta_descendants.py,inline-path,true,false,false,
scripts/analysis/thickness_mismatch/README.md,scripts/analysis/plot_lambda_beta_eta0_eps0p0025_mu_rearrangement_check.py,inline-path,true,false,false,
scripts/analysis/thickness_mismatch/README.md,scripts/analysis/plot_lambda_mu_eta_m0p5_with_single_beam_refs.py,inline-path,true,false,false,
scripts/analysis/thickness_mismatch/README.md,scripts/analysis/plot_lambda_mu_thickness_mismatch_beta15_eta_descendants.py,inline-path,true,false,false,
scripts/analysis/thickness_mismatch/README.md,scripts/analysis/plot_lambda_mu_thickness_mismatch_beta45_eta_p0p5_with_isolated_rods.py,inline-path,true,false,false,
scripts/analysis/thickness_mismatch/README.md,scripts/analysis/plot_lambda_mu_thickness_mismatch_beta45_eta_p0p5_with_isolated_rods_fixed_fixed.py,inline-path,true,false,false,
scripts/analysis/thickness_mismatch/README.md,scripts/analysis/plot_lambda_mu_thickness_mismatch_eta_p0p5_with_isolated_rods.py,inline-path,true,false,false,
scripts/analysis/thickness_mismatch/README.md,scripts/analysis/plot_mode_shapes_eta_beta_scan_sorted_modes.py,inline-path,true,false,false,
scripts/analysis/thickness_mismatch/README.md,scripts/analysis/plot_rigid_joint_equal_thickness_beta15_eps_trend.py,inline-path,true,false,false,
scripts/analysis/thickness_mismatch/README.md,scripts/analysis/plot_rigid_joint_equal_thickness_beta15_lambda_mu_eps_sweep.py,inline-path,true,false,false,
scripts/analysis/thickness_mismatch/README.md,scripts/analysis/plot_thickness_mismatch_branch5_shapes.py,inline-path,true,false,false,
scripts/analysis/thickness_mismatch/README.md,scripts/analysis/plot_thickness_mismatch_branch_shapes_vs_eta.py,inline-path,true,false,false,
scripts/analysis/thickness_mismatch/README.md,scripts/analysis/plot_thickness_mismatch_desc5_veering_mode_shapes.py,inline-path,true,false,false,
scripts/analysis/thickness_mismatch/README.md,scripts/analysis/plot_thickness_mismatch_desc6_veering_mode_shapes.py,inline-path,true,false,false,
scripts/analysis/thickness_mismatch/README.md,scripts/analysis/plot_thickness_mismatch_eta_p0p5_global_spectrum.py,inline-path,true,false,false,
scripts/analysis/thickness_mismatch/README.md,scripts/analysis/plot_thickness_mismatch_fem_comparison_eta_p0p5_beta15.py,inline-path,true,false,false,
scripts/analysis/thickness_mismatch/README.md,scripts/analysis/solid_fem_coupled_equal_rods.py,inline-path,true,false,false,
scripts/analysis/thickness_mismatch/README.md,scripts/analysis/solid_fem_coupled_equal_rods_beta15.py,inline-path,true,false,false,
scripts/analysis/thickness_mismatch/README.md,scripts/analysis/solid_fem_coupled_equal_rods_point_joint.py,inline-path,true,false,false,
scripts/analysis/thickness_mismatch/README.md,scripts/analysis/solid_fem_single_rod_fixed_fixed.py,inline-path,true,false,false,
scripts/analysis/thickness_mismatch/README.md,scripts/analysis/summarize_diagnostic_eta_mu_beta_global_trends.py,inline-path,true,false,false,
scripts/analysis/thickness_mismatch/README.md,scripts/analysis/thickness_mismatch/audits/analyze_universal_eb_validity_parameters_stage1.py,inline-path,true,false,false,
scripts/analysis/thickness_mismatch/README.md,scripts/analysis/thickness_mismatch/audits/audit_eb_epsilon_baseline_thresholds.py,inline-path,true,false,false,
scripts/analysis/thickness_mismatch/README.md,scripts/analysis/thickness_mismatch/audits/audit_eb_epsilon_lower_envelope_step3a.py,inline-path,true,false,false,
scripts/analysis/thickness_mismatch/README.md,scripts/analysis/thickness_mismatch/audits/audit_eb_timo_branch_continuation_gateway.py,inline-path,true,false,false,
scripts/analysis/thickness_mismatch/README.md,scripts/analysis/thickness_mismatch/audits/audit_eb_timo_general_spectrum_completeness.py,inline-path,true,false,false,
scripts/analysis/thickness_mismatch/README.md,scripts/analysis/thickness_mismatch/audits/audit_eb_validity_fixed_epsilon_geometry_scan.py,inline-path,true,false,false,
scripts/analysis/thickness_mismatch/README.md,scripts/analysis/thickness_mismatch/audits/audit_eb_validity_vs_timoshenko_stage1.py,inline-path,true,false,false,
scripts/analysis/thickness_mismatch/README.md,scripts/analysis/thickness_mismatch/audits/audit_full_spectrum_3d_fem_smoke_extraction.py,inline-path,true,false,false,
scripts/analysis/thickness_mismatch/README.md,scripts/analysis/thickness_mismatch/audits/audit_longitudinal_suspect_modes_eb_timo.py,inline-path,true,false,false,
scripts/analysis/thickness_mismatch/README.md,scripts/analysis/thickness_mismatch/audits/audit_single_rod_reference_curves.py,inline-path,true,false,false,
scripts/analysis/thickness_mismatch/README.md,scripts/analysis/thickness_mismatch/audits/audit_timoshenko_modes_4_6_shape_diagnostics.py,inline-path,true,false,false,
scripts/analysis/thickness_mismatch/README.md,scripts/analysis/thickness_mismatch/audits/audit_timoshenko_shape_bug_thin_limit.py,inline-path,true,false,false,
scripts/analysis/thickness_mismatch/README.md,scripts/analysis/thickness_mismatch/audits/check_3d_fem_environment.py,inline-path,true,false,false,
scripts/analysis/thickness_mismatch/README.md,scripts/analysis/thickness_mismatch/audits/compare_beta90_in_plane_first6_to_single_rod_refs.py,inline-path,true,false,false,
scripts/analysis/thickness_mismatch/README.md,scripts/analysis/thickness_mismatch/audits/compare_full_spectrum_analytic_vs_3d_fem.py,inline-path,true,false,false,
scripts/analysis/thickness_mismatch/README.md,scripts/analysis/thickness_mismatch/audits/compare_out_of_plane_analytic_vs_1d_fem.py,inline-path,true,false,false,
scripts/analysis/thickness_mismatch/README.md,scripts/analysis/thickness_mismatch/audits/data/eb_epsilon_apriori_pilot_cases.csv,inline-path,true,false,false,
scripts/analysis/thickness_mismatch/README.md,scripts/analysis/thickness_mismatch/audits/data/eb_epsilon_lower_envelope_step3_cases.csv,inline-path,true,false,false,
scripts/analysis/thickness_mismatch/README.md,scripts/analysis/thickness_mismatch/audits/run_coupled_mu0p3_eta0_beta15_3d_smoke.py,inline-path,true,false,false,
scripts/analysis/thickness_mismatch/README.md,scripts/analysis/thickness_mismatch/audits/run_eb_epsilon_apriori_pilot.py,inline-path,true,false,false,
scripts/analysis/thickness_mismatch/README.md,scripts/analysis/thickness_mismatch/audits/run_full_spectrum_3d_fem_smoke_case.py,inline-path,true,false,false,
scripts/analysis/thickness_mismatch/README.md,scripts/analysis/thickness_mismatch/audits/run_straight_uniform_3d_mesh_convergence.py,inline-path,true,false,false,
scripts/analysis/thickness_mismatch/README.md,scripts/analysis/thickness_mismatch/audits/validate_eb_timo_3d_beta0_stepped.py,inline-path,true,false,false,
scripts/analysis/thickness_mismatch/README.md,scripts/analysis/thickness_mismatch/audits/validate_eb_timo_3d_beta0_uniform_eps0p05.py,inline-path,true,false,false,
scripts/analysis/thickness_mismatch/README.md,scripts/analysis/thickness_mismatch/benchmarks/benchmark_rule_s_cost_break_even.py,inline-path,true,false,false,
scripts/analysis/thickness_mismatch/README.md,scripts/analysis/thickness_mismatch/maps/plot_counterexample_dimensional_frequency_beta.py,inline-path,true,false,false,
scripts/analysis/thickness_mismatch/README.md,scripts/analysis/thickness_mismatch/maps/plot_eb_vs_timoshenko_lambda_beta_cases.py,inline-path,true,false,false,
scripts/analysis/thickness_mismatch/README.md,scripts/analysis/thickness_mismatch/maps/plot_eb_vs_timoshenko_lambda_mu_cases.py,inline-path,true,false,false,
scripts/analysis/thickness_mismatch/README.md,scripts/analysis/thickness_mismatch/maps/plot_in_plane_vs_out_of_plane_lambda_beta.py,inline-path,true,false,false,
scripts/analysis/thickness_mismatch/README.md,scripts/analysis/thickness_mismatch/maps/plot_lambda_eta_beta90_mu_scan_with_single_rod_refs.py,inline-path,true,false,false,
scripts/analysis/thickness_mismatch/README.md,scripts/analysis/thickness_mismatch/maps/plot_lambda_mu_beta90_eta_scan_with_single_rod_refs.py,inline-path,true,false,false,
scripts/analysis/thickness_mismatch/README.md,scripts/analysis/thickness_mismatch/maps/plot_out_of_plane_lambda_beta_mu_eta.py,inline-path,true,false,false,
scripts/analysis/thickness_mismatch/README.md,scripts/analysis/thickness_mismatch/maps/plot_out_of_plane_mode_character_beta.py,inline-path,true,false,false,
scripts/analysis/thickness_mismatch/README.md,scripts/analysis/thickness_mismatch/postprocess/analyze_eb_epsilon_apriori_pilot.py,inline-path,true,false,false,
scripts/analysis/thickness_mismatch/README.md,scripts/analysis/thickness_mismatch/postprocess/analyze_eb_rule_ab_exact_pareto.py,inline-path,true,false,false,
scripts/analysis/thickness_mismatch/README.md,scripts/analysis/thickness_mismatch/postprocess/analyze_eb_safe_prefix_certification.py,inline-path,true,false,false,
scripts/analysis/thickness_mismatch/README.md,scripts/analysis/thickness_mismatch/shapes/plot_beta_scan.py,inline-path,false,false,false,broken_or_not_present_in_snapshot
scripts/analysis/thickness_mismatch/README.md,scripts/analysis/thickness_mismatch/shapes/plot_eb_timo_full_mode_shapes_eps0p03_beta45_eta0_modes4_6.py,inline-path,true,false,false,
scripts/analysis/thickness_mismatch/README.md,scripts/analysis/thickness_mismatch/shapes/plot_in_plane_mode_shapes_beta90_mu0p3_eta0p1_first6.py,inline-path,true,false,false,
scripts/analysis/thickness_mismatch/README.md,scripts/lib/general_spectrum_completeness.py,inline-path,true,false,false,
scripts/analysis/thickness_mismatch/README.md,scripts/lib/in_plane_shape_geometry.py,inline-path,true,false,false,
scripts/analysis/thickness_mismatch/README.md,scripts/lib/straight_rod_factorized_spectrum.py,inline-path,true,false,false,
scripts/analysis/thickness_mismatch/README.md,scripts/lib/thickness_mismatch_diagnostic_helpers.py,inline-path,true,false,false,
scripts/analysis/thickness_mismatch/README.md,scripts/lib/thickness_mismatch_mac_tracking.py,inline-path,true,false,false,
scripts/analysis/thickness_mismatch/README.md,scripts/lib/variable_length_timoshenko.py,inline-path,true,false,false,
scripts/analysis/thickness_mismatch/README.md,src/my_project/analytic/formulas_thickness_mismatch.py,inline-path,true,false,false,
scripts/legacy/README.md,scripts/README.md,inline-path,true,false,false,
scripts/lib/README.md,scripts/reports,inline-path,false,false,false,broken_or_not_present_in_snapshot
scripts/lib/README.md,scripts/sweep_grid_policy.py,inline-path,true,false,false,
