importer,imported_module,resolved_repository_path,resolution_status
scripts/analysis/audit_3d_fem_joint_constraint_bracketing.py,__future__.annotations,,external
scripts/analysis/audit_3d_fem_joint_constraint_bracketing.py,csv,,external
scripts/analysis/audit_3d_fem_joint_constraint_bracketing.py,dataclasses.dataclass,,external
scripts/analysis/audit_3d_fem_joint_constraint_bracketing.py,importlib.util,,external
scripts/analysis/audit_3d_fem_joint_constraint_bracketing.py,math,,external
scripts/analysis/audit_3d_fem_joint_constraint_bracketing.py,numpy,,external
scripts/analysis/audit_3d_fem_joint_constraint_bracketing.py,pathlib.Path,,external
scripts/analysis/audit_3d_fem_joint_constraint_bracketing.py,scipy.linalg.expm,,external
scripts/analysis/audit_3d_fem_joint_constraint_bracketing.py,sys,,external
scripts/analysis/audit_3d_fem_joint_constraint_bracketing.py,types.ModuleType,,external
scripts/analysis/audit_3d_fem_joint_constraint_bracketing.py,typing.Sequence,,external
scripts/analysis/audit_3d_fem_joint_coupling_models.py,__future__.annotations,,external
scripts/analysis/audit_3d_fem_joint_coupling_models.py,csv,,external
scripts/analysis/audit_3d_fem_joint_coupling_models.py,dataclasses.dataclass,,external
scripts/analysis/audit_3d_fem_joint_coupling_models.py,importlib.util,,external
scripts/analysis/audit_3d_fem_joint_coupling_models.py,math,,external
scripts/analysis/audit_3d_fem_joint_coupling_models.py,numpy,,external
scripts/analysis/audit_3d_fem_joint_coupling_models.py,pathlib.Path,,external
scripts/analysis/audit_3d_fem_joint_coupling_models.py,scipy.linalg.expm,,external
scripts/analysis/audit_3d_fem_joint_coupling_models.py,sys,,external
scripts/analysis/audit_3d_fem_joint_coupling_models.py,types.ModuleType,,external
scripts/analysis/audit_3d_fem_joint_coupling_models.py,typing.Sequence,,external
scripts/analysis/audit_3d_fem_point_joint_mu0_eps0p01.py,__future__.annotations,,external
scripts/analysis/audit_3d_fem_point_joint_mu0_eps0p01.py,csv,,external
scripts/analysis/audit_3d_fem_point_joint_mu0_eps0p01.py,dataclasses.dataclass,,external
scripts/analysis/audit_3d_fem_point_joint_mu0_eps0p01.py,importlib.util,,external
scripts/analysis/audit_3d_fem_point_joint_mu0_eps0p01.py,math,,external
scripts/analysis/audit_3d_fem_point_joint_mu0_eps0p01.py,numpy,,external
scripts/analysis/audit_3d_fem_point_joint_mu0_eps0p01.py,pathlib.Path,,external
scripts/analysis/audit_3d_fem_point_joint_mu0_eps0p01.py,scipy.linalg.expm,,external
scripts/analysis/audit_3d_fem_point_joint_mu0_eps0p01.py,sys,,external
scripts/analysis/audit_3d_fem_point_joint_mu0_eps0p01.py,types.ModuleType,,external
scripts/analysis/audit_3d_fem_point_joint_mu0_eps0p01.py,typing.Sequence,,external
scripts/analysis/audit_3d_fem_rigid_joint_thickness_trend.py,__future__.annotations,,external
scripts/analysis/audit_3d_fem_rigid_joint_thickness_trend.py,csv,,external
scripts/analysis/audit_3d_fem_rigid_joint_thickness_trend.py,dataclasses.dataclass,,external
scripts/analysis/audit_3d_fem_rigid_joint_thickness_trend.py,importlib.util,,external
scripts/analysis/audit_3d_fem_rigid_joint_thickness_trend.py,math,,external
scripts/analysis/audit_3d_fem_rigid_joint_thickness_trend.py,matplotlib,,external
scripts/analysis/audit_3d_fem_rigid_joint_thickness_trend.py,matplotlib.pyplot,,external
scripts/analysis/audit_3d_fem_rigid_joint_thickness_trend.py,my_project.analytic.formulas.assemble_clamped_coupled_matrix,src/my_project/analytic/formulas.py,resolved
scripts/analysis/audit_3d_fem_rigid_joint_thickness_trend.py,numpy,,external
scripts/analysis/audit_3d_fem_rigid_joint_thickness_trend.py,pathlib.Path,,external
scripts/analysis/audit_3d_fem_rigid_joint_thickness_trend.py,scripts.lib.variable_length_timoshenko,scripts/lib/variable_length_timoshenko.py,resolved
scripts/analysis/audit_3d_fem_rigid_joint_thickness_trend.py,sys,,external
scripts/analysis/audit_3d_fem_rigid_joint_thickness_trend.py,types.ModuleType,,external
scripts/analysis/audit_3d_fem_rigid_joint_thickness_trend.py,typing.Sequence,,external
scripts/analysis/audit_article_beta5_eta0p5_desc1_desc2_crossing.py,__future__.annotations,,external
scripts/analysis/audit_article_beta5_eta0p5_desc1_desc2_crossing.py,csv,,external
scripts/analysis/audit_article_beta5_eta0p5_desc1_desc2_crossing.py,dataclasses.dataclass,,external
scripts/analysis/audit_article_beta5_eta0p5_desc1_desc2_crossing.py,matplotlib,,external
scripts/analysis/audit_article_beta5_eta0p5_desc1_desc2_crossing.py,matplotlib.pyplot,,external
scripts/analysis/audit_article_beta5_eta0p5_desc1_desc2_crossing.py,my_project.analytic.formulas_thickness_mismatch.assemble_clamped_coupled_matrix_eta,src/my_project/analytic/formulas_thickness_mismatch.py,resolved
scripts/analysis/audit_article_beta5_eta0p5_desc1_desc2_crossing.py,my_project.analytic.formulas_thickness_mismatch.find_first_n_roots_eta,src/my_project/analytic/formulas_thickness_mismatch.py,resolved
scripts/analysis/audit_article_beta5_eta0p5_desc1_desc2_crossing.py,numpy,,external
scripts/analysis/audit_article_beta5_eta0p5_desc1_desc2_crossing.py,pathlib.Path,,external
scripts/analysis/audit_article_beta5_eta0p5_desc1_desc2_crossing.py,re,,external
scripts/analysis/audit_article_beta5_eta0p5_desc1_desc2_crossing.py,scipy.optimize.minimize_scalar,,external
scripts/analysis/audit_article_beta5_eta0p5_desc1_desc2_crossing.py,scripts.lib.thickness_mismatch_diagnostic_helpers.track_descendants_from_mu0,scripts/lib/thickness_mismatch_diagnostic_helpers.py,resolved
scripts/analysis/audit_article_beta5_eta0p5_desc1_desc2_crossing.py,scripts.lib.thickness_mismatch_mac_tracking.analytic_shape_vectors_for_roots,scripts/lib/thickness_mismatch_mac_tracking.py,resolved
scripts/analysis/audit_article_beta5_eta0p5_desc1_desc2_crossing.py,scripts.lib.thickness_mismatch_mac_tracking.mac_value,scripts/lib/thickness_mismatch_mac_tracking.py,resolved
scripts/analysis/audit_article_beta5_eta0p5_desc1_desc2_crossing.py,sys,,external
scripts/analysis/audit_article_beta5_eta0p5_desc1_desc2_crossing.py,typing.Sequence,,external
scripts/analysis/audit_coupled_equal_thickness_beta15_eps0p01_mu0_fem_sanity.py,__future__.annotations,,external
scripts/analysis/audit_coupled_equal_thickness_beta15_eps0p01_mu0_fem_sanity.py,csv,,external
scripts/analysis/audit_coupled_equal_thickness_beta15_eps0p01_mu0_fem_sanity.py,dataclasses.dataclass,,external
scripts/analysis/audit_coupled_equal_thickness_beta15_eps0p01_mu0_fem_sanity.py,importlib.util,,external
scripts/analysis/audit_coupled_equal_thickness_beta15_eps0p01_mu0_fem_sanity.py,math,,external
scripts/analysis/audit_coupled_equal_thickness_beta15_eps0p01_mu0_fem_sanity.py,numpy,,external
scripts/analysis/audit_coupled_equal_thickness_beta15_eps0p01_mu0_fem_sanity.py,pathlib.Path,,external
scripts/analysis/audit_coupled_equal_thickness_beta15_eps0p01_mu0_fem_sanity.py,sys,,external
scripts/analysis/audit_coupled_equal_thickness_beta15_eps0p01_mu0_fem_sanity.py,types.ModuleType,,external
scripts/analysis/audit_coupled_equal_thickness_beta15_eps0p01_mu0_fem_sanity.py,typing.Sequence,,external
scripts/analysis/audit_desc6_veering_localization.py,__future__.annotations,,external
scripts/analysis/audit_desc6_veering_localization.py,csv,,external
scripts/analysis/audit_desc6_veering_localization.py,dataclasses.dataclass,,external
scripts/analysis/audit_desc6_veering_localization.py,my_project.analytic.formulas_thickness_mismatch.thickness_mismatch_factors,src/my_project/analytic/formulas_thickness_mismatch.py,resolved
scripts/analysis/audit_desc6_veering_localization.py,numpy,,external
scripts/analysis/audit_desc6_veering_localization.py,pathlib.Path,,external
scripts/analysis/audit_desc6_veering_localization.py,scripts.analysis.plot_thickness_mismatch_branch_shapes_vs_eta,scripts/analysis/plot_thickness_mismatch_branch_shapes_vs_eta.py,resolved
scripts/analysis/audit_desc6_veering_localization.py,sys,,external
scripts/analysis/audit_eta0_mu_positive_gap_rearrangement_verification.py,__future__.annotations,,external
scripts/analysis/audit_eta0_mu_positive_gap_rearrangement_verification.py,argparse,,external
scripts/analysis/audit_eta0_mu_positive_gap_rearrangement_verification.py,csv,,external
scripts/analysis/audit_eta0_mu_positive_gap_rearrangement_verification.py,dataclasses.dataclass,,external
scripts/analysis/audit_eta0_mu_positive_gap_rearrangement_verification.py,functools.lru_cache,,external
scripts/analysis/audit_eta0_mu_positive_gap_rearrangement_verification.py,matplotlib,,external
scripts/analysis/audit_eta0_mu_positive_gap_rearrangement_verification.py,matplotlib.pyplot,,external
scripts/analysis/audit_eta0_mu_positive_gap_rearrangement_verification.py,my_project.analytic.formulas_thickness_mismatch.det_eta,src/my_project/analytic/formulas_thickness_mismatch.py,resolved
scripts/analysis/audit_eta0_mu_positive_gap_rearrangement_verification.py,my_project.analytic.formulas_thickness_mismatch.find_first_n_roots_eta,src/my_project/analytic/formulas_thickness_mismatch.py,resolved
scripts/analysis/audit_eta0_mu_positive_gap_rearrangement_verification.py,numpy,,external
scripts/analysis/audit_eta0_mu_positive_gap_rearrangement_verification.py,pathlib.Path,,external
scripts/analysis/audit_eta0_mu_positive_gap_rearrangement_verification.py,scipy.optimize.minimize_scalar,,external
scripts/analysis/audit_eta0_mu_positive_gap_rearrangement_verification.py,scripts.analysis.audit_mu_scan_eta0_first6_rearrangement,scripts/analysis/audit_mu_scan_eta0_first6_rearrangement.py,resolved
scripts/analysis/audit_eta0_mu_positive_gap_rearrangement_verification.py,scripts.lib.thickness_mismatch_mac_tracking.analytic_shape_vectors_for_roots,scripts/lib/thickness_mismatch_mac_tracking.py,resolved
scripts/analysis/audit_eta0_mu_positive_gap_rearrangement_verification.py,scripts.lib.thickness_mismatch_mac_tracking.mac_value,scripts/lib/thickness_mismatch_mac_tracking.py,resolved
scripts/analysis/audit_eta0_mu_positive_gap_rearrangement_verification.py,sys,,external
scripts/analysis/audit_eta0_mu_positive_gap_rearrangement_verification.py,typing.Sequence,,external
scripts/analysis/audit_eta0p5_eps0p0025_lambda_mu_crossings.py,__future__.annotations,,external
scripts/analysis/audit_eta0p5_eps0p0025_lambda_mu_crossings.py,csv,,external
scripts/analysis/audit_eta0p5_eps0p0025_lambda_mu_crossings.py,dataclasses.dataclass,,external
scripts/analysis/audit_eta0p5_eps0p0025_lambda_mu_crossings.py,matplotlib,,external
scripts/analysis/audit_eta0p5_eps0p0025_lambda_mu_crossings.py,matplotlib.pyplot,,external
scripts/analysis/audit_eta0p5_eps0p0025_lambda_mu_crossings.py,my_project.analytic.formulas_thickness_mismatch.find_first_n_roots_eta,src/my_project/analytic/formulas_thickness_mismatch.py,resolved
scripts/analysis/audit_eta0p5_eps0p0025_lambda_mu_crossings.py,numpy,,external
scripts/analysis/audit_eta0p5_eps0p0025_lambda_mu_crossings.py,pathlib.Path,,external
scripts/analysis/audit_eta0p5_eps0p0025_lambda_mu_crossings.py,scipy.optimize.linear_sum_assignment,,external
scripts/analysis/audit_eta0p5_eps0p0025_lambda_mu_crossings.py,scripts.lib.thickness_mismatch_mac_tracking.analytic_shape_vectors_for_roots,scripts/lib/thickness_mismatch_mac_tracking.py,resolved
scripts/analysis/audit_eta0p5_eps0p0025_lambda_mu_crossings.py,scripts.lib.thickness_mismatch_mac_tracking.mac_value,scripts/lib/thickness_mismatch_mac_tracking.py,resolved
scripts/analysis/audit_eta0p5_eps0p0025_lambda_mu_crossings.py,sys,,external
scripts/analysis/audit_eta0p5_eps0p0025_lambda_mu_crossings.py,typing.Sequence,,external
scripts/analysis/audit_eta_parameter_positive_gap_verification.py,__future__.annotations,,external
scripts/analysis/audit_eta_parameter_positive_gap_verification.py,argparse,,external
scripts/analysis/audit_eta_parameter_positive_gap_verification.py,csv,,external
scripts/analysis/audit_eta_parameter_positive_gap_verification.py,dataclasses.dataclass,,external
scripts/analysis/audit_eta_parameter_positive_gap_verification.py,functools.lru_cache,,external
scripts/analysis/audit_eta_parameter_positive_gap_verification.py,matplotlib,,external
scripts/analysis/audit_eta_parameter_positive_gap_verification.py,matplotlib.pyplot,,external
scripts/analysis/audit_eta_parameter_positive_gap_verification.py,my_project.analytic.formulas_thickness_mismatch.det_eta,src/my_project/analytic/formulas_thickness_mismatch.py,resolved
scripts/analysis/audit_eta_parameter_positive_gap_verification.py,my_project.analytic.formulas_thickness_mismatch.find_first_n_roots_eta,src/my_project/analytic/formulas_thickness_mismatch.py,resolved
scripts/analysis/audit_eta_parameter_positive_gap_verification.py,numpy,,external
scripts/analysis/audit_eta_parameter_positive_gap_verification.py,pathlib.Path,,external
scripts/analysis/audit_eta_parameter_positive_gap_verification.py,scipy.optimize.minimize_scalar,,external
scripts/analysis/audit_eta_parameter_positive_gap_verification.py,scripts.lib.thickness_mismatch_mac_tracking.analytic_shape_vectors_for_roots,scripts/lib/thickness_mismatch_mac_tracking.py,resolved
scripts/analysis/audit_eta_parameter_positive_gap_verification.py,scripts.lib.thickness_mismatch_mac_tracking.mac_assignment,scripts/lib/thickness_mismatch_mac_tracking.py,resolved
scripts/analysis/audit_eta_parameter_positive_gap_verification.py,scripts.lib.thickness_mismatch_mac_tracking.mac_value,scripts/lib/thickness_mismatch_mac_tracking.py,resolved
scripts/analysis/audit_eta_parameter_positive_gap_verification.py,sys,,external
scripts/analysis/audit_eta_parameter_positive_gap_verification.py,typing.Iterable,,external
scripts/analysis/audit_eta_parameter_positive_gap_verification.py,typing.Sequence,,external
scripts/analysis/audit_eta_parameter_positive_gap_verification.py,warnings,,external
scripts/analysis/audit_eta_scan_first6_rearrangement.py,__future__.annotations,,external
scripts/analysis/audit_eta_scan_first6_rearrangement.py,csv,,external
scripts/analysis/audit_eta_scan_first6_rearrangement.py,dataclasses.dataclass,,external
scripts/analysis/audit_eta_scan_first6_rearrangement.py,matplotlib,,external
scripts/analysis/audit_eta_scan_first6_rearrangement.py,matplotlib.pyplot,,external
scripts/analysis/audit_eta_scan_first6_rearrangement.py,numpy,,external
scripts/analysis/audit_eta_scan_first6_rearrangement.py,pathlib.Path,,external
scripts/analysis/audit_eta_scan_first6_rearrangement.py,scripts.analysis.audit_lambda_beta_sorted_descendant_thickness_mismatch,scripts/analysis/audit_lambda_beta_sorted_descendant_thickness_mismatch.py,resolved
scripts/analysis/audit_eta_scan_first6_rearrangement.py,sys,,external
scripts/analysis/audit_eta_scan_first6_rearrangement.py,typing.Mapping,,external
scripts/analysis/audit_eta_scan_first6_rearrangement.py,typing.Sequence,,external
scripts/analysis/audit_lambda_beta_sorted_descendant_thickness_mismatch.py,__future__.annotations,,external
scripts/analysis/audit_lambda_beta_sorted_descendant_thickness_mismatch.py,csv,,external
scripts/analysis/audit_lambda_beta_sorted_descendant_thickness_mismatch.py,dataclasses.dataclass,,external
scripts/analysis/audit_lambda_beta_sorted_descendant_thickness_mismatch.py,matplotlib,,external
scripts/analysis/audit_lambda_beta_sorted_descendant_thickness_mismatch.py,matplotlib.pyplot,,external
scripts/analysis/audit_lambda_beta_sorted_descendant_thickness_mismatch.py,my_project.analytic.formulas_thickness_mismatch.find_first_n_roots_eta,src/my_project/analytic/formulas_thickness_mismatch.py,resolved
scripts/analysis/audit_lambda_beta_sorted_descendant_thickness_mismatch.py,numpy,,external
scripts/analysis/audit_lambda_beta_sorted_descendant_thickness_mismatch.py,pathlib.Path,,external
scripts/analysis/audit_lambda_beta_sorted_descendant_thickness_mismatch.py,scripts.lib.thickness_mismatch_mac_tracking.analytic_shape_vectors_for_roots,scripts/lib/thickness_mismatch_mac_tracking.py,resolved
scripts/analysis/audit_lambda_beta_sorted_descendant_thickness_mismatch.py,scripts.lib.thickness_mismatch_mac_tracking.mac_assignment,scripts/lib/thickness_mismatch_mac_tracking.py,resolved
scripts/analysis/audit_lambda_beta_sorted_descendant_thickness_mismatch.py,scripts.lib.thickness_mismatch_mac_tracking.unique_nearest_frequency_assignment,scripts/lib/thickness_mismatch_mac_tracking.py,resolved
scripts/analysis/audit_lambda_beta_sorted_descendant_thickness_mismatch.py,sys,,external
scripts/analysis/audit_lambda_beta_sorted_descendant_thickness_mismatch.py,typing.Mapping,,external
scripts/analysis/audit_lambda_beta_sorted_descendant_thickness_mismatch.py,typing.Sequence,,external
scripts/analysis/audit_mode_shape_branch2_beta_transition_eta0p1_mu0p3.py,__future__.annotations,,external
scripts/analysis/audit_mode_shape_branch2_beta_transition_eta0p1_mu0p3.py,argparse,,external
scripts/analysis/audit_mode_shape_branch2_beta_transition_eta0p1_mu0p3.py,csv,,external
scripts/analysis/audit_mode_shape_branch2_beta_transition_eta0p1_mu0p3.py,dataclasses.dataclass,,external
scripts/analysis/audit_mode_shape_branch2_beta_transition_eta0p1_mu0p3.py,matplotlib,,external
scripts/analysis/audit_mode_shape_branch2_beta_transition_eta0p1_mu0p3.py,matplotlib.pyplot,,external
scripts/analysis/audit_mode_shape_branch2_beta_transition_eta0p1_mu0p3.py,my_project.analytic.formulas_thickness_mismatch.assemble_clamped_coupled_matrix_eta,src/my_project/analytic/formulas_thickness_mismatch.py,resolved
scripts/analysis/audit_mode_shape_branch2_beta_transition_eta0p1_mu0p3.py,numpy,,external
scripts/analysis/audit_mode_shape_branch2_beta_transition_eta0p1_mu0p3.py,pathlib.Path,,external
scripts/analysis/audit_mode_shape_branch2_beta_transition_eta0p1_mu0p3.py,scripts.analysis.plot_mode_shapes_eta_beta_scan,scripts/analysis/plot_mode_shapes_eta_beta_scan.py,resolved
scripts/analysis/audit_mode_shape_branch2_beta_transition_eta0p1_mu0p3.py,scripts.lib.analytic_coupled_rods_shapes.analytic_null_vector,scripts/lib/analytic_coupled_rods_shapes.py,resolved
scripts/analysis/audit_mode_shape_branch2_beta_transition_eta0p1_mu0p3.py,scripts.lib.thickness_mismatch_mac_tracking.mac_value,scripts/lib/thickness_mismatch_mac_tracking.py,resolved
scripts/analysis/audit_mode_shape_branch2_beta_transition_eta0p1_mu0p3.py,sys,,external
scripts/analysis/audit_mode_shape_branch2_beta_transition_eta0p1_mu0p3.py,typing.Sequence,,external
scripts/analysis/audit_mu_scan_eta0_first6_rearrangement.py,__future__.annotations,,external
scripts/analysis/audit_mu_scan_eta0_first6_rearrangement.py,argparse,,external
scripts/analysis/audit_mu_scan_eta0_first6_rearrangement.py,csv,,external
scripts/analysis/audit_mu_scan_eta0_first6_rearrangement.py,dataclasses.dataclass,,external
scripts/analysis/audit_mu_scan_eta0_first6_rearrangement.py,matplotlib,,external
scripts/analysis/audit_mu_scan_eta0_first6_rearrangement.py,matplotlib.pyplot,,external
scripts/analysis/audit_mu_scan_eta0_first6_rearrangement.py,numpy,,external
scripts/analysis/audit_mu_scan_eta0_first6_rearrangement.py,pathlib.Path,,external
scripts/analysis/audit_mu_scan_eta0_first6_rearrangement.py,scripts.analysis.audit_lambda_beta_sorted_descendant_thickness_mismatch,scripts/analysis/audit_lambda_beta_sorted_descendant_thickness_mismatch.py,resolved
scripts/analysis/audit_mu_scan_eta0_first6_rearrangement.py,sys,,external
scripts/analysis/audit_mu_scan_eta0_first6_rearrangement.py,typing.Mapping,,external
scripts/analysis/audit_mu_scan_eta0_first6_rearrangement.py,typing.Sequence,,external
scripts/analysis/audit_timoshenko_energy_partition_beta15_eps0p01_eta0_eta0p5.py,__future__.annotations,,external
scripts/analysis/audit_timoshenko_energy_partition_beta15_eps0p01_eta0_eta0p5.py,csv,,external
scripts/analysis/audit_timoshenko_energy_partition_beta15_eps0p01_eta0_eta0p5.py,dataclasses.dataclass,,external
scripts/analysis/audit_timoshenko_energy_partition_beta15_eps0p01_eta0_eta0p5.py,math,,external
scripts/analysis/audit_timoshenko_energy_partition_beta15_eps0p01_eta0_eta0p5.py,matplotlib,,external
scripts/analysis/audit_timoshenko_energy_partition_beta15_eps0p01_eta0_eta0p5.py,matplotlib.pyplot,,external
scripts/analysis/audit_timoshenko_energy_partition_beta15_eps0p01_eta0_eta0p5.py,my_project.analytic.formulas_thickness_mismatch.assemble_clamped_coupled_matrix_eta,src/my_project/analytic/formulas_thickness_mismatch.py,resolved
scripts/analysis/audit_timoshenko_energy_partition_beta15_eps0p01_eta0_eta0p5.py,my_project.analytic.formulas_thickness_mismatch.find_first_n_roots_eta,src/my_project/analytic/formulas_thickness_mismatch.py,resolved
scripts/analysis/audit_timoshenko_energy_partition_beta15_eps0p01_eta0_eta0p5.py,numpy,,external
scripts/analysis/audit_timoshenko_energy_partition_beta15_eps0p01_eta0_eta0p5.py,pathlib.Path,,external
scripts/analysis/audit_timoshenko_energy_partition_beta15_eps0p01_eta0_eta0p5.py,scipy.optimize.linear_sum_assignment,,external
scripts/analysis/audit_timoshenko_energy_partition_beta15_eps0p01_eta0_eta0p5.py,scripts.lib.variable_length_timoshenko.E,scripts/lib/variable_length_timoshenko.py,resolved
scripts/analysis/audit_timoshenko_energy_partition_beta15_eps0p01_eta0_eta0p5.py,scripts.lib.variable_length_timoshenko.omega_cutoff,scripts/lib/variable_length_timoshenko.py,resolved
scripts/analysis/audit_timoshenko_energy_partition_beta15_eps0p01_eta0_eta0p5.py,scripts.lib.variable_length_timoshenko.project_omega,scripts/lib/variable_length_timoshenko.py,resolved
scripts/analysis/audit_timoshenko_energy_partition_beta15_eps0p01_eta0_eta0p5.py,scripts.lib.variable_length_timoshenko.section_from_epsilon_tau,scripts/lib/variable_length_timoshenko.py,resolved
scripts/analysis/audit_timoshenko_energy_partition_beta15_eps0p01_eta0_eta0p5.py,scripts.lib.variable_length_timoshenko.segment_lengths,scripts/lib/variable_length_timoshenko.py,resolved
scripts/analysis/audit_timoshenko_energy_partition_beta15_eps0p01_eta0_eta0p5.py,scripts.lib.variable_length_timoshenko.tau_factors,scripts/lib/variable_length_timoshenko.py,resolved
scripts/analysis/audit_timoshenko_energy_partition_beta15_eps0p01_eta0_eta0p5.py,scripts.lib.variable_length_timoshenko.timo_energy_partition,scripts/lib/variable_length_timoshenko.py,resolved
scripts/analysis/audit_timoshenko_energy_partition_beta15_eps0p01_eta0_eta0p5.py,scripts.lib.variable_length_timoshenko.timo_mode_coefficients,scripts/lib/variable_length_timoshenko.py,resolved
scripts/analysis/audit_timoshenko_energy_partition_beta15_eps0p01_eta0_eta0p5.py,scripts.lib.variable_length_timoshenko.timo_mode_fields,scripts/lib/variable_length_timoshenko.py,resolved
scripts/analysis/audit_timoshenko_energy_partition_beta15_eps0p01_eta0_eta0p5.py,scripts.lib.variable_length_timoshenko.timo_sorted_roots,scripts/lib/variable_length_timoshenko.py,resolved
scripts/analysis/audit_timoshenko_energy_partition_beta15_eps0p01_eta0_eta0p5.py,sys,,external
scripts/analysis/audit_timoshenko_energy_partition_beta15_eps0p01_eta0_eta0p5.py,typing.Callable,,external
scripts/analysis/audit_timoshenko_energy_partition_beta15_eps0p01_eta0_eta0p5.py,typing.Sequence,,external
scripts/analysis/audit_variable_length_thickness_timoshenko_limits.py,__future__.annotations,,external
scripts/analysis/audit_variable_length_thickness_timoshenko_limits.py,csv,,external
scripts/analysis/audit_variable_length_thickness_timoshenko_limits.py,math,,external
scripts/analysis/audit_variable_length_thickness_timoshenko_limits.py,my_project.analytic.formulas_thickness_mismatch.find_first_n_roots_eta,src/my_project/analytic/formulas_thickness_mismatch.py,resolved
scripts/analysis/audit_variable_length_thickness_timoshenko_limits.py,my_project.analytic.formulas_thickness_mismatch.thickness_mismatch_factors,src/my_project/analytic/formulas_thickness_mismatch.py,resolved
scripts/analysis/audit_variable_length_thickness_timoshenko_limits.py,numpy,,external
scripts/analysis/audit_variable_length_thickness_timoshenko_limits.py,pathlib.Path,,external
scripts/analysis/audit_variable_length_thickness_timoshenko_limits.py,scripts.lib.variable_length_timoshenko.endpoint_columns,scripts/lib/variable_length_timoshenko.py,resolved
scripts/analysis/audit_variable_length_thickness_timoshenko_limits.py,scripts.lib.variable_length_timoshenko.find_roots_by_sign_scan,scripts/lib/variable_length_timoshenko.py,resolved
scripts/analysis/audit_variable_length_thickness_timoshenko_limits.py,scripts.lib.variable_length_timoshenko.lambda_cutoff,scripts/lib/variable_length_timoshenko.py,resolved
scripts/analysis/audit_variable_length_thickness_timoshenko_limits.py,scripts.lib.variable_length_timoshenko.normalized_det,scripts/lib/variable_length_timoshenko.py,resolved
scripts/analysis/audit_variable_length_thickness_timoshenko_limits.py,scripts.lib.variable_length_timoshenko.omega_cutoff,scripts/lib/variable_length_timoshenko.py,resolved
scripts/analysis/audit_variable_length_thickness_timoshenko_limits.py,scripts.lib.variable_length_timoshenko.project_omega,scripts/lib/variable_length_timoshenko.py,resolved
scripts/analysis/audit_variable_length_thickness_timoshenko_limits.py,scripts.lib.variable_length_timoshenko.section_from_epsilon,scripts/lib/variable_length_timoshenko.py,resolved
scripts/analysis/audit_variable_length_thickness_timoshenko_limits.py,scripts.lib.variable_length_timoshenko.section_from_epsilon_tau,scripts/lib/variable_length_timoshenko.py,resolved
scripts/analysis/audit_variable_length_thickness_timoshenko_limits.py,scripts.lib.variable_length_timoshenko.segment_lengths,scripts/lib/variable_length_timoshenko.py,resolved
scripts/analysis/audit_variable_length_thickness_timoshenko_limits.py,scripts.lib.variable_length_timoshenko.tau_factors,scripts/lib/variable_length_timoshenko.py,resolved
scripts/analysis/audit_variable_length_thickness_timoshenko_limits.py,scripts.lib.variable_length_timoshenko.timo_basis,scripts/lib/variable_length_timoshenko.py,resolved
scripts/analysis/audit_variable_length_thickness_timoshenko_limits.py,scripts.lib.variable_length_timoshenko.timo_coupling_matrix,scripts/lib/variable_length_timoshenko.py,resolved
scripts/analysis/audit_variable_length_thickness_timoshenko_limits.py,scripts.lib.variable_length_timoshenko.timo_sorted_roots,scripts/lib/variable_length_timoshenko.py,resolved
scripts/analysis/audit_variable_length_thickness_timoshenko_limits.py,sys,,external
scripts/analysis/audit_variable_length_thickness_timoshenko_limits.py,typing.Sequence,,external
scripts/analysis/audit_variable_length_timoshenko_limits.py,__future__.annotations,,external
scripts/analysis/audit_variable_length_timoshenko_limits.py,csv,,external
scripts/analysis/audit_variable_length_timoshenko_limits.py,math,,external
scripts/analysis/audit_variable_length_timoshenko_limits.py,my_project.analytic.solvers.find_first_n_roots,src/my_project/analytic/solvers.py,resolved
scripts/analysis/audit_variable_length_timoshenko_limits.py,numpy,,external
scripts/analysis/audit_variable_length_timoshenko_limits.py,pathlib.Path,,external
scripts/analysis/audit_variable_length_timoshenko_limits.py,scripts.analysis.compare_coupled_equal_rods_eb_timoshenko,scripts/analysis/compare_coupled_equal_rods_eb_timoshenko.py,resolved
scripts/analysis/audit_variable_length_timoshenko_limits.py,scripts.lib.variable_length_timoshenko.timo_sorted_roots,scripts/lib/variable_length_timoshenko.py,resolved
scripts/analysis/audit_variable_length_timoshenko_limits.py,sys,,external
scripts/analysis/audit_variable_length_timoshenko_limits.py,typing.Sequence,,external
scripts/analysis/check_analytic_shape_in_fem_residual.py,__future__.annotations,,external
scripts/analysis/check_analytic_shape_in_fem_residual.py,argparse,,external
scripts/analysis/check_analytic_shape_in_fem_residual.py,csv,,external
scripts/analysis/check_analytic_shape_in_fem_residual.py,dataclasses.dataclass,,external
scripts/analysis/check_analytic_shape_in_fem_residual.py,my_project.analytic.formulas.BeamParams,src/my_project/analytic/formulas.py,resolved
scripts/analysis/check_analytic_shape_in_fem_residual.py,my_project.analytic.formulas.assemble_clamped_coupled_matrix,src/my_project/analytic/formulas.py,resolved
scripts/analysis/check_analytic_shape_in_fem_residual.py,my_project.fem.python_fem,src/my_project/fem/python_fem.py,resolved
scripts/analysis/check_analytic_shape_in_fem_residual.py,numpy,,external
scripts/analysis/check_analytic_shape_in_fem_residual.py,pathlib.Path,,external
scripts/analysis/check_analytic_shape_in_fem_residual.py,scripts.analyze_flat_mu_bending_energy.N_SOLVE,scripts/analyze_flat_mu_bending_energy.py,resolved
scripts/analysis/check_analytic_shape_in_fem_residual.py,scripts.analyze_flat_mu_bending_energy.N_TRACK,scripts/analyze_flat_mu_bending_energy.py,resolved
scripts/analysis/check_analytic_shape_in_fem_residual.py,scripts.analyze_flat_mu_bending_energy.assign_by_mac_and_frequency,scripts/analyze_flat_mu_bending_energy.py,resolved
scripts/analysis/check_analytic_shape_in_fem_residual.py,scripts.analyze_flat_mu_bending_energy.build_branch_metadata,scripts/analyze_flat_mu_bending_energy.py,resolved
scripts/analysis/check_analytic_shape_in_fem_residual.py,scripts.compare_beta0_analytic_vs_fem.BASE_PARAMS,scripts/compare_beta0_analytic_vs_fem.py,resolved
scripts/analysis/check_analytic_shape_in_fem_residual.py,scripts.compare_beta0_analytic_vs_fem.fem_axial_fractions,scripts/compare_beta0_analytic_vs_fem.py,resolved
scripts/analysis/check_analytic_shape_in_fem_residual.py,scripts.compare_beta0_analytic_vs_fem.fem_parameter_override,scripts/compare_beta0_analytic_vs_fem.py,resolved
scripts/analysis/check_analytic_shape_in_fem_residual.py,scripts.lib.analytic_branch_tracking.DEFAULT_BETA_STEPS,scripts/lib/analytic_branch_tracking.py,resolved
scripts/analysis/check_analytic_shape_in_fem_residual.py,scripts.lib.analytic_branch_tracking.DEFAULT_MAC_WARNING_THRESHOLD,scripts/lib/analytic_branch_tracking.py,resolved
scripts/analysis/check_analytic_shape_in_fem_residual.py,scripts.lib.analytic_branch_tracking.DEFAULT_MU_STEPS,scripts/lib/analytic_branch_tracking.py,resolved
scripts/analysis/check_analytic_shape_in_fem_residual.py,scripts.lib.analytic_branch_tracking.DEFAULT_N_TRACK,scripts/lib/analytic_branch_tracking.py,resolved
scripts/analysis/check_analytic_shape_in_fem_residual.py,scripts.lib.analytic_branch_tracking.base_sorted_index_from_branch_id,scripts/lib/analytic_branch_tracking.py,resolved
scripts/analysis/check_analytic_shape_in_fem_residual.py,scripts.lib.analytic_branch_tracking.branch_id_from_base_sorted_index,scripts/lib/analytic_branch_tracking.py,resolved
scripts/analysis/check_analytic_shape_in_fem_residual.py,scripts.lib.analytic_branch_tracking.dense_mu_values_for_targets,scripts/lib/analytic_branch_tracking.py,resolved
scripts/analysis/check_analytic_shape_in_fem_residual.py,scripts.lib.analytic_branch_tracking.track_mu_sweep,scripts/lib/analytic_branch_tracking.py,resolved
scripts/analysis/check_analytic_shape_in_fem_residual.py,scripts.lib.analytic_coupled_rods_shapes.NEAR_ZERO_NORM,scripts/lib/analytic_coupled_rods_shapes.py,resolved
scripts/analysis/check_analytic_shape_in_fem_residual.py,scripts.lib.analytic_coupled_rods_shapes.ROW_LABELS,scripts/lib/analytic_coupled_rods_shapes.py,resolved
scripts/analysis/check_analytic_shape_in_fem_residual.py,scripts.lib.analytic_coupled_rods_shapes.analytic_null_vector,scripts/lib/analytic_coupled_rods_shapes.py,resolved
scripts/analysis/check_analytic_shape_in_fem_residual.py,scripts.lib.analytic_coupled_rods_shapes.reconstruct_analytic_components,scripts/lib/analytic_coupled_rods_shapes.py,resolved
scripts/analysis/check_analytic_shape_in_fem_residual.py,scripts.lib.tracked_bending_descendant_shapes.compute_local_components,scripts/lib/tracked_bending_descendant_shapes.py,resolved
scripts/analysis/check_analytic_shape_in_fem_residual.py,scripts.sweep_grid_policy.analysis_beta_grid,scripts/sweep_grid_policy.py,resolved
scripts/analysis/check_analytic_shape_in_fem_residual.py,scripts.sweep_grid_policy.analysis_mu_grid,scripts/sweep_grid_policy.py,resolved
scripts/analysis/check_analytic_shape_in_fem_residual.py,sys,,external
scripts/analysis/check_analytic_shape_in_fem_residual.py,typing.Sequence,,external
scripts/analysis/check_beta0_single_rod_limit.py,__future__.annotations,,external
scripts/analysis/check_beta0_single_rod_limit.py,argparse,,external
scripts/analysis/check_beta0_single_rod_limit.py,csv,,external
scripts/analysis/check_beta0_single_rod_limit.py,dataclasses.dataclass,,external
scripts/analysis/check_beta0_single_rod_limit.py,math,,external
scripts/analysis/check_beta0_single_rod_limit.py,my_project.analytic.formulas.assemble_clamped_coupled_matrix,src/my_project/analytic/formulas.py,resolved
scripts/analysis/check_beta0_single_rod_limit.py,my_project.analytic.formulas.det_clamped_coupled,src/my_project/analytic/formulas.py,resolved
scripts/analysis/check_beta0_single_rod_limit.py,my_project.fem.python_fem,src/my_project/fem/python_fem.py,resolved
scripts/analysis/check_beta0_single_rod_limit.py,numpy,,external
scripts/analysis/check_beta0_single_rod_limit.py,pathlib.Path,,external
scripts/analysis/check_beta0_single_rod_limit.py,scipy.optimize.brentq,,external
scripts/analysis/check_beta0_single_rod_limit.py,scipy.optimize.minimize_scalar,,external
scripts/analysis/check_beta0_single_rod_limit.py,scripts.analysis.check_analytic_shape_in_fem_residual.assemble_fem_matrices,scripts/analysis/check_analytic_shape_in_fem_residual.py,resolved
scripts/analysis/check_beta0_single_rod_limit.py,scripts.analysis.check_analytic_shape_in_fem_residual.build_params_for_case,scripts/analysis/check_analytic_shape_in_fem_residual.py,resolved
scripts/analysis/check_beta0_single_rod_limit.py,scripts.analysis.check_analytic_shape_in_fem_residual.residual_metrics,scripts/analysis/check_analytic_shape_in_fem_residual.py,resolved
scripts/analysis/check_beta0_single_rod_limit.py,scripts.compare_beta0_analytic_vs_fem.fem_parameter_override,scripts/compare_beta0_analytic_vs_fem.py,resolved
scripts/analysis/check_beta0_single_rod_limit.py,sys,,external
scripts/analysis/check_beta0_single_rod_limit.py,typing.Iterable,,external
scripts/analysis/check_fem_right_transform_variants.py,__future__.annotations,,external
scripts/analysis/check_fem_right_transform_variants.py,argparse,,external
scripts/analysis/check_fem_right_transform_variants.py,csv,,external
scripts/analysis/check_fem_right_transform_variants.py,dataclasses.dataclass,,external
scripts/analysis/check_fem_right_transform_variants.py,my_project.analytic.formulas.assemble_clamped_coupled_matrix,src/my_project/analytic/formulas.py,resolved
scripts/analysis/check_fem_right_transform_variants.py,my_project.fem.python_fem,src/my_project/fem/python_fem.py,resolved
scripts/analysis/check_fem_right_transform_variants.py,numpy,,external
scripts/analysis/check_fem_right_transform_variants.py,pathlib.Path,,external
scripts/analysis/check_fem_right_transform_variants.py,scipy.linalg.eigh,,external
scripts/analysis/check_fem_right_transform_variants.py,scripts.analysis.check_analytic_shape_in_fem_residual.analytic_local_fields,scripts/analysis/check_analytic_shape_in_fem_residual.py,resolved
scripts/analysis/check_fem_right_transform_variants.py,scripts.analysis.check_analytic_shape_in_fem_residual.build_analytic_global_q,scripts/analysis/check_analytic_shape_in_fem_residual.py,resolved
scripts/analysis/check_fem_right_transform_variants.py,scripts.analysis.check_analytic_shape_in_fem_residual.build_params_for_case,scripts/analysis/check_analytic_shape_in_fem_residual.py,resolved
scripts/analysis/check_fem_right_transform_variants.py,scripts.analysis.check_analytic_shape_in_fem_residual.euclidean_mac,scripts/analysis/check_analytic_shape_in_fem_residual.py,resolved
scripts/analysis/check_fem_right_transform_variants.py,scripts.analysis.check_analytic_shape_in_fem_residual.expand_full_vector,scripts/analysis/check_analytic_shape_in_fem_residual.py,resolved
scripts/analysis/check_fem_right_transform_variants.py,scripts.analysis.check_analytic_shape_in_fem_residual.free_dof_indices,scripts/analysis/check_analytic_shape_in_fem_residual.py,resolved
scripts/analysis/check_fem_right_transform_variants.py,scripts.analysis.check_analytic_shape_in_fem_residual.mass_weighted_mac,scripts/analysis/check_analytic_shape_in_fem_residual.py,resolved
scripts/analysis/check_fem_right_transform_variants.py,scripts.analysis.check_analytic_shape_in_fem_residual.residual_metrics,scripts/analysis/check_analytic_shape_in_fem_residual.py,resolved
scripts/analysis/check_fem_right_transform_variants.py,scripts.analysis.check_analytic_shape_in_fem_residual.resolve_analytic_branch,scripts/analysis/check_analytic_shape_in_fem_residual.py,resolved
scripts/analysis/check_fem_right_transform_variants.py,scripts.compare_beta0_analytic_vs_fem.fem_parameter_override,scripts/compare_beta0_analytic_vs_fem.py,resolved
scripts/analysis/check_fem_right_transform_variants.py,scripts.lib.analytic_coupled_rods_shapes.NEAR_ZERO_NORM,scripts/lib/analytic_coupled_rods_shapes.py,resolved
scripts/analysis/check_fem_right_transform_variants.py,scripts.lib.analytic_coupled_rods_shapes.analytic_null_vector,scripts/lib/analytic_coupled_rods_shapes.py,resolved
scripts/analysis/check_fem_right_transform_variants.py,sys,,external
scripts/analysis/check_fem_right_transform_variants.py,typing.Iterable,,external
scripts/analysis/check_fem_right_transform_variants.py,typing.Sequence,,external
scripts/analysis/check_mu_to_one_single_rod_limit.py,__future__.annotations,,external
scripts/analysis/check_mu_to_one_single_rod_limit.py,argparse,,external
scripts/analysis/check_mu_to_one_single_rod_limit.py,contextlib.contextmanager,,external
scripts/analysis/check_mu_to_one_single_rod_limit.py,csv,,external
scripts/analysis/check_mu_to_one_single_rod_limit.py,matplotlib,,external
scripts/analysis/check_mu_to_one_single_rod_limit.py,matplotlib.pyplot,,external
scripts/analysis/check_mu_to_one_single_rod_limit.py,mpmath,,external
scripts/analysis/check_mu_to_one_single_rod_limit.py,my_project.analytic.formulas.BeamParams,src/my_project/analytic/formulas.py,resolved
scripts/analysis/check_mu_to_one_single_rod_limit.py,my_project.analytic.solvers.find_first_n_roots,src/my_project/analytic/solvers.py,resolved
scripts/analysis/check_mu_to_one_single_rod_limit.py,my_project.fem.python_fem,src/my_project/fem/python_fem.py,resolved
scripts/analysis/check_mu_to_one_single_rod_limit.py,numpy,,external
scripts/analysis/check_mu_to_one_single_rod_limit.py,pathlib.Path,,external
scripts/analysis/check_mu_to_one_single_rod_limit.py,scripts.lib.analytic_branch_tracking.track_mu_sweep,scripts/lib/analytic_branch_tracking.py,resolved
scripts/analysis/check_mu_to_one_single_rod_limit.py,sys,,external
scripts/analysis/check_mu_to_one_single_rod_limit.py,typing.Sequence,,external
scripts/analysis/check_single_beam_exact_shape_residual.py,__future__.annotations,,external
scripts/analysis/check_single_beam_exact_shape_residual.py,csv,,external
scripts/analysis/check_single_beam_exact_shape_residual.py,my_project.fem.python_fem,src/my_project/fem/python_fem.py,resolved
scripts/analysis/check_single_beam_exact_shape_residual.py,numpy,,external
scripts/analysis/check_single_beam_exact_shape_residual.py,pathlib.Path,,external
scripts/analysis/check_single_beam_exact_shape_residual.py,scipy.linalg.eigh,,external
scripts/analysis/check_single_beam_exact_shape_residual.py,sys,,external
scripts/analysis/check_thickness_mismatch_branch_identity_eta_p0p5.py,__future__.annotations,,external
scripts/analysis/check_thickness_mismatch_branch_identity_eta_p0p5.py,csv,,external
scripts/analysis/check_thickness_mismatch_branch_identity_eta_p0p5.py,matplotlib,,external
scripts/analysis/check_thickness_mismatch_branch_identity_eta_p0p5.py,matplotlib.pyplot,,external
scripts/analysis/check_thickness_mismatch_branch_identity_eta_p0p5.py,my_project.analytic.formulas_thickness_mismatch.find_first_n_roots_eta,src/my_project/analytic/formulas_thickness_mismatch.py,resolved
scripts/analysis/check_thickness_mismatch_branch_identity_eta_p0p5.py,numpy,,external
scripts/analysis/check_thickness_mismatch_branch_identity_eta_p0p5.py,pathlib.Path,,external
scripts/analysis/check_thickness_mismatch_branch_identity_eta_p0p5.py,scripts.lib.thickness_mismatch_mac_tracking.track_mu_branches_shape_mac,scripts/lib/thickness_mismatch_mac_tracking.py,resolved
scripts/analysis/check_thickness_mismatch_branch_identity_eta_p0p5.py,sys,,external
scripts/analysis/check_thickness_mismatch_branch_identity_eta_p0p5.py,typing.Sequence,,external
scripts/analysis/check_thickness_mismatch_eta_zero_limit.py,__future__.annotations,,external
scripts/analysis/check_thickness_mismatch_eta_zero_limit.py,csv,,external
scripts/analysis/check_thickness_mismatch_eta_zero_limit.py,my_project.analytic.formulas.det_clamped_coupled,src/my_project/analytic/formulas.py,resolved
scripts/analysis/check_thickness_mismatch_eta_zero_limit.py,my_project.analytic.formulas_thickness_mismatch.det_eta,src/my_project/analytic/formulas_thickness_mismatch.py,resolved
scripts/analysis/check_thickness_mismatch_eta_zero_limit.py,my_project.analytic.formulas_thickness_mismatch.find_first_n_roots_eta,src/my_project/analytic/formulas_thickness_mismatch.py,resolved
scripts/analysis/check_thickness_mismatch_eta_zero_limit.py,my_project.analytic.formulas_thickness_mismatch.thickness_mismatch_factors,src/my_project/analytic/formulas_thickness_mismatch.py,resolved
scripts/analysis/check_thickness_mismatch_eta_zero_limit.py,my_project.analytic.solvers.find_first_n_roots,src/my_project/analytic/solvers.py,resolved
scripts/analysis/check_thickness_mismatch_eta_zero_limit.py,numpy,,external
scripts/analysis/check_thickness_mismatch_eta_zero_limit.py,pathlib.Path,,external
scripts/analysis/check_thickness_mismatch_eta_zero_limit.py,sys,,external
scripts/analysis/check_thickness_mismatch_eta_zero_limit.py,typing.Iterable,,external
scripts/analysis/check_thickness_mismatch_eta_zero_limit.py,typing.Sequence,,external
scripts/analysis/compare_analytic_fem_tracked_descendant_shape.py,__future__.annotations,,external
scripts/analysis/compare_analytic_fem_tracked_descendant_shape.py,argparse,,external
scripts/analysis/compare_analytic_fem_tracked_descendant_shape.py,csv,,external
scripts/analysis/compare_analytic_fem_tracked_descendant_shape.py,matplotlib,,external
scripts/analysis/compare_analytic_fem_tracked_descendant_shape.py,matplotlib.pyplot,,external
scripts/analysis/compare_analytic_fem_tracked_descendant_shape.py,my_project.analytic.formulas.assemble_clamped_coupled_matrix,src/my_project/analytic/formulas.py,resolved
scripts/analysis/compare_analytic_fem_tracked_descendant_shape.py,my_project.analytic.formulas.det_clamped_coupled,src/my_project/analytic/formulas.py,resolved
scripts/analysis/compare_analytic_fem_tracked_descendant_shape.py,my_project.analytic.solvers.find_first_n_roots,src/my_project/analytic/solvers.py,resolved
scripts/analysis/compare_analytic_fem_tracked_descendant_shape.py,my_project.analytic.solvers.root_by_min_abs_det,src/my_project/analytic/solvers.py,resolved
scripts/analysis/compare_analytic_fem_tracked_descendant_shape.py,my_project.fem.python_fem,src/my_project/fem/python_fem.py,resolved
scripts/analysis/compare_analytic_fem_tracked_descendant_shape.py,numpy,,external
scripts/analysis/compare_analytic_fem_tracked_descendant_shape.py,pathlib.Path,,external
scripts/analysis/compare_analytic_fem_tracked_descendant_shape.py,scripts.lib.tracked_bending_descendant_shapes.arm_energy_diagnostics,scripts/lib/tracked_bending_descendant_shapes.py,resolved
scripts/analysis/compare_analytic_fem_tracked_descendant_shape.py,scripts.lib.tracked_bending_descendant_shapes.collect_single_branch_shape,scripts/lib/tracked_bending_descendant_shapes.py,resolved
scripts/analysis/compare_analytic_fem_tracked_descendant_shape.py,scripts.lib.tracked_bending_descendant_shapes.compute_local_components,scripts/lib/tracked_bending_descendant_shapes.py,resolved
scripts/analysis/compare_analytic_fem_tracked_descendant_shape.py,scripts.lib.tracked_bending_descendant_shapes.fem_direct_element_energy_diagnostics,scripts/lib/tracked_bending_descendant_shapes.py,resolved
scripts/analysis/compare_analytic_fem_tracked_descendant_shape.py,scripts.lib.tracked_bending_descendant_shapes.radius_from_epsilon,scripts/lib/tracked_bending_descendant_shapes.py,resolved
scripts/analysis/compare_analytic_fem_tracked_descendant_shape.py,sys,,external
scripts/analysis/compare_analytic_fem_tracked_descendant_shape.py,typing.Sequence,,external
scripts/analysis/compare_coupled_equal_rods_eb_timoshenko.py,__future__.annotations,,external
scripts/analysis/compare_coupled_equal_rods_eb_timoshenko.py,csv,,external
scripts/analysis/compare_coupled_equal_rods_eb_timoshenko.py,dataclasses.dataclass,,external
scripts/analysis/compare_coupled_equal_rods_eb_timoshenko.py,matplotlib,,external
scripts/analysis/compare_coupled_equal_rods_eb_timoshenko.py,matplotlib.pyplot,,external
scripts/analysis/compare_coupled_equal_rods_eb_timoshenko.py,my_project.analytic.formulas.assemble_clamped_coupled_matrix,src/my_project/analytic/formulas.py,resolved
scripts/analysis/compare_coupled_equal_rods_eb_timoshenko.py,my_project.analytic.solvers.find_first_n_roots,src/my_project/analytic/solvers.py,resolved
scripts/analysis/compare_coupled_equal_rods_eb_timoshenko.py,numpy,,external
scripts/analysis/compare_coupled_equal_rods_eb_timoshenko.py,pathlib.Path,,external
scripts/analysis/compare_coupled_equal_rods_eb_timoshenko.py,scipy.optimize.brentq,,external
scripts/analysis/compare_coupled_equal_rods_eb_timoshenko.py,sys,,external
scripts/analysis/compare_coupled_equal_rods_eb_timoshenko.py,typing.Callable,,external
scripts/analysis/compare_coupled_equal_rods_eb_timoshenko.py,typing.Sequence,,external
scripts/analysis/compare_joint_dynamic_stiffness_analytic_fem.py,__future__.annotations,,external
scripts/analysis/compare_joint_dynamic_stiffness_analytic_fem.py,argparse,,external
scripts/analysis/compare_joint_dynamic_stiffness_analytic_fem.py,csv,,external
scripts/analysis/compare_joint_dynamic_stiffness_analytic_fem.py,my_project.analytic.formulas.assemble_clamped_coupled_matrix,src/my_project/analytic/formulas.py,resolved
scripts/analysis/compare_joint_dynamic_stiffness_analytic_fem.py,my_project.fem.python_fem,src/my_project/fem/python_fem.py,resolved
scripts/analysis/compare_joint_dynamic_stiffness_analytic_fem.py,numpy,,external
scripts/analysis/compare_joint_dynamic_stiffness_analytic_fem.py,pathlib.Path,,external
scripts/analysis/compare_joint_dynamic_stiffness_analytic_fem.py,scripts.analysis.check_analytic_shape_in_fem_residual.DEFAULT_NUM_ANALYTIC_ROOTS,scripts/analysis/check_analytic_shape_in_fem_residual.py,resolved
scripts/analysis/compare_joint_dynamic_stiffness_analytic_fem.py,scripts.analysis.check_analytic_shape_in_fem_residual.analytic_local_fields,scripts/analysis/check_analytic_shape_in_fem_residual.py,resolved
scripts/analysis/compare_joint_dynamic_stiffness_analytic_fem.py,scripts.analysis.check_analytic_shape_in_fem_residual.assemble_fem_matrices,scripts/analysis/check_analytic_shape_in_fem_residual.py,resolved
scripts/analysis/compare_joint_dynamic_stiffness_analytic_fem.py,scripts.analysis.check_analytic_shape_in_fem_residual.build_analytic_global_q,scripts/analysis/check_analytic_shape_in_fem_residual.py,resolved
scripts/analysis/compare_joint_dynamic_stiffness_analytic_fem.py,scripts.analysis.check_analytic_shape_in_fem_residual.build_params_for_case,scripts/analysis/check_analytic_shape_in_fem_residual.py,resolved
scripts/analysis/compare_joint_dynamic_stiffness_analytic_fem.py,scripts.analysis.check_analytic_shape_in_fem_residual.residual_metrics,scripts/analysis/check_analytic_shape_in_fem_residual.py,resolved
scripts/analysis/compare_joint_dynamic_stiffness_analytic_fem.py,scripts.analysis.check_analytic_shape_in_fem_residual.resolve_analytic_branch,scripts/analysis/check_analytic_shape_in_fem_residual.py,resolved
scripts/analysis/compare_joint_dynamic_stiffness_analytic_fem.py,scripts.analysis.check_analytic_shape_in_fem_residual.track_fem_branch,scripts/analysis/check_analytic_shape_in_fem_residual.py,resolved
scripts/analysis/compare_joint_dynamic_stiffness_analytic_fem.py,scripts.compare_beta0_analytic_vs_fem.fem_parameter_override,scripts/compare_beta0_analytic_vs_fem.py,resolved
scripts/analysis/compare_joint_dynamic_stiffness_analytic_fem.py,scripts.lib.analytic_coupled_rods_shapes.NEAR_ZERO_NORM,scripts/lib/analytic_coupled_rods_shapes.py,resolved
scripts/analysis/compare_joint_dynamic_stiffness_analytic_fem.py,scripts.lib.analytic_coupled_rods_shapes.ROW_LABELS,scripts/lib/analytic_coupled_rods_shapes.py,resolved
scripts/analysis/compare_joint_dynamic_stiffness_analytic_fem.py,scripts.lib.analytic_coupled_rods_shapes.analytic_null_vector,scripts/lib/analytic_coupled_rods_shapes.py,resolved
scripts/analysis/compare_joint_dynamic_stiffness_analytic_fem.py,sys,,external
scripts/analysis/compare_joint_dynamic_stiffness_analytic_fem.py,typing.Sequence,,external
scripts/analysis/compare_single_rod_eb_timoshenko.py,__future__.annotations,,external
scripts/analysis/compare_single_rod_eb_timoshenko.py,csv,,external
scripts/analysis/compare_single_rod_eb_timoshenko.py,dataclasses.dataclass,,external
scripts/analysis/compare_single_rod_eb_timoshenko.py,matplotlib,,external
scripts/analysis/compare_single_rod_eb_timoshenko.py,matplotlib.pyplot,,external
scripts/analysis/compare_single_rod_eb_timoshenko.py,numpy,,external
scripts/analysis/compare_single_rod_eb_timoshenko.py,pathlib.Path,,external
scripts/analysis/compare_single_rod_eb_timoshenko.py,scipy.linalg.expm,,external
scripts/analysis/compare_single_rod_eb_timoshenko.py,scipy.optimize.brentq,,external
scripts/analysis/fem_check_thickness_mismatch_eta_p0p5_beta15.py,__future__.annotations,,external
scripts/analysis/fem_check_thickness_mismatch_eta_p0p5_beta15.py,csv,,external
scripts/analysis/fem_check_thickness_mismatch_eta_p0p5_beta15.py,dataclasses.dataclass,,external
scripts/analysis/fem_check_thickness_mismatch_eta_p0p5_beta15.py,matplotlib,,external
scripts/analysis/fem_check_thickness_mismatch_eta_p0p5_beta15.py,matplotlib.lines.Line2D,,external
scripts/analysis/fem_check_thickness_mismatch_eta_p0p5_beta15.py,matplotlib.pyplot,,external
scripts/analysis/fem_check_thickness_mismatch_eta_p0p5_beta15.py,my_project.analytic.formulas_thickness_mismatch.assemble_clamped_coupled_matrix_eta,src/my_project/analytic/formulas_thickness_mismatch.py,resolved
scripts/analysis/fem_check_thickness_mismatch_eta_p0p5_beta15.py,my_project.analytic.formulas_thickness_mismatch.find_first_n_roots_eta,src/my_project/analytic/formulas_thickness_mismatch.py,resolved
scripts/analysis/fem_check_thickness_mismatch_eta_p0p5_beta15.py,my_project.analytic.formulas_thickness_mismatch.thickness_mismatch_factors,src/my_project/analytic/formulas_thickness_mismatch.py,resolved
scripts/analysis/fem_check_thickness_mismatch_eta_p0p5_beta15.py,my_project.analytic.formulas_thickness_mismatch.thickness_to_length_ratios,src/my_project/analytic/formulas_thickness_mismatch.py,resolved
scripts/analysis/fem_check_thickness_mismatch_eta_p0p5_beta15.py,my_project.fem.python_fem,src/my_project/fem/python_fem.py,resolved
scripts/analysis/fem_check_thickness_mismatch_eta_p0p5_beta15.py,numpy,,external
scripts/analysis/fem_check_thickness_mismatch_eta_p0p5_beta15.py,pathlib.Path,,external
scripts/analysis/fem_check_thickness_mismatch_eta_p0p5_beta15.py,scipy.linalg.eigh,,external
scripts/analysis/fem_check_thickness_mismatch_eta_p0p5_beta15.py,scripts.lib.thickness_mismatch_mac_tracking.track_mu_branches_shape_mac,scripts/lib/thickness_mismatch_mac_tracking.py,resolved
scripts/analysis/fem_check_thickness_mismatch_eta_p0p5_beta15.py,sys,,external
scripts/analysis/fem_check_thickness_mismatch_eta_p0p5_beta15.py,typing.Iterable,,external
scripts/analysis/fem_check_thickness_mismatch_eta_p0p5_beta15.py,typing.Sequence,,external
scripts/analysis/plot_article_fig3_with_fp_and_ff_refs.py,__future__.annotations,,external
scripts/analysis/plot_article_fig3_with_fp_and_ff_refs.py,argparse,,external
scripts/analysis/plot_article_fig3_with_fp_and_ff_refs.py,csv,,external
scripts/analysis/plot_article_fig3_with_fp_and_ff_refs.py,matplotlib,,external
scripts/analysis/plot_article_fig3_with_fp_and_ff_refs.py,matplotlib.lines.Line2D,,external
scripts/analysis/plot_article_fig3_with_fp_and_ff_refs.py,matplotlib.pyplot,,external
scripts/analysis/plot_article_fig3_with_fp_and_ff_refs.py,my_project.analytic.solvers.fixed_fixed_lambdas,src/my_project/analytic/solvers.py,resolved
scripts/analysis/plot_article_fig3_with_fp_and_ff_refs.py,numpy,,external
scripts/analysis/plot_article_fig3_with_fp_and_ff_refs.py,paper_dorofeev_style.generate_article_spectral_figures,,external
scripts/analysis/plot_article_fig3_with_fp_and_ff_refs.py,pathlib.Path,,external
scripts/analysis/plot_article_fig3_with_fp_and_ff_refs.py,sys,,external
scripts/analysis/plot_article_fig3_with_fp_and_ff_refs.py,typing.Sequence,,external
scripts/analysis/plot_coupled_equal_rods_beta15_eps0p01_eb_timoshenko_fem_vs_mu.py,__future__.annotations,,external
scripts/analysis/plot_coupled_equal_rods_beta15_eps0p01_eb_timoshenko_fem_vs_mu.py,csv,,external
scripts/analysis/plot_coupled_equal_rods_beta15_eps0p01_eb_timoshenko_fem_vs_mu.py,dataclasses.dataclass,,external
scripts/analysis/plot_coupled_equal_rods_beta15_eps0p01_eb_timoshenko_fem_vs_mu.py,importlib.util,,external
scripts/analysis/plot_coupled_equal_rods_beta15_eps0p01_eb_timoshenko_fem_vs_mu.py,math,,external
scripts/analysis/plot_coupled_equal_rods_beta15_eps0p01_eb_timoshenko_fem_vs_mu.py,matplotlib,,external
scripts/analysis/plot_coupled_equal_rods_beta15_eps0p01_eb_timoshenko_fem_vs_mu.py,matplotlib.lines.Line2D,,external
scripts/analysis/plot_coupled_equal_rods_beta15_eps0p01_eb_timoshenko_fem_vs_mu.py,matplotlib.pyplot,,external
scripts/analysis/plot_coupled_equal_rods_beta15_eps0p01_eb_timoshenko_fem_vs_mu.py,my_project.analytic.formulas.assemble_clamped_coupled_matrix,src/my_project/analytic/formulas.py,resolved
scripts/analysis/plot_coupled_equal_rods_beta15_eps0p01_eb_timoshenko_fem_vs_mu.py,numpy,,external
scripts/analysis/plot_coupled_equal_rods_beta15_eps0p01_eb_timoshenko_fem_vs_mu.py,pathlib.Path,,external
scripts/analysis/plot_coupled_equal_rods_beta15_eps0p01_eb_timoshenko_fem_vs_mu.py,scipy.optimize.brentq,,external
scripts/analysis/plot_coupled_equal_rods_beta15_eps0p01_eb_timoshenko_fem_vs_mu.py,scipy.optimize.linear_sum_assignment,,external
scripts/analysis/plot_coupled_equal_rods_beta15_eps0p01_eb_timoshenko_fem_vs_mu.py,scripts.lib.analytic_branch_tracking.branch_id_from_base_sorted_index,scripts/lib/analytic_branch_tracking.py,resolved
scripts/analysis/plot_coupled_equal_rods_beta15_eps0p01_eb_timoshenko_fem_vs_mu.py,scripts.lib.analytic_branch_tracking.track_mu_sweep,scripts/lib/analytic_branch_tracking.py,resolved
scripts/analysis/plot_coupled_equal_rods_beta15_eps0p01_eb_timoshenko_fem_vs_mu.py,sys,,external
scripts/analysis/plot_coupled_equal_rods_beta15_eps0p01_eb_timoshenko_fem_vs_mu.py,types.ModuleType,,external
scripts/analysis/plot_coupled_equal_rods_beta15_eps0p01_eb_timoshenko_fem_vs_mu.py,typing.Callable,,external
scripts/analysis/plot_coupled_equal_rods_beta15_eps0p01_eb_timoshenko_fem_vs_mu.py,typing.Sequence,,external
scripts/analysis/plot_desc05_full_shapes_beta15_eps_sweep.py,__future__.annotations,,external
scripts/analysis/plot_desc05_full_shapes_beta15_eps_sweep.py,argparse,,external
scripts/analysis/plot_desc05_full_shapes_beta15_eps_sweep.py,csv,,external
scripts/analysis/plot_desc05_full_shapes_beta15_eps_sweep.py,matplotlib,,external
scripts/analysis/plot_desc05_full_shapes_beta15_eps_sweep.py,matplotlib.lines.Line2D,,external
scripts/analysis/plot_desc05_full_shapes_beta15_eps_sweep.py,matplotlib.pyplot,,external
scripts/analysis/plot_desc05_full_shapes_beta15_eps_sweep.py,my_project.analytic.formulas.assemble_clamped_coupled_matrix,src/my_project/analytic/formulas.py,resolved
scripts/analysis/plot_desc05_full_shapes_beta15_eps_sweep.py,numpy,,external
scripts/analysis/plot_desc05_full_shapes_beta15_eps_sweep.py,pathlib.Path,,external
scripts/analysis/plot_desc05_full_shapes_beta15_eps_sweep.py,scripts.lib.analytic_branch_tracking.BranchPoint,scripts/lib/analytic_branch_tracking.py,resolved
scripts/analysis/plot_desc05_full_shapes_beta15_eps_sweep.py,scripts.lib.analytic_branch_tracking.DEFAULT_MAC_WARNING_THRESHOLD,scripts/lib/analytic_branch_tracking.py,resolved
scripts/analysis/plot_desc05_full_shapes_beta15_eps_sweep.py,scripts.lib.analytic_branch_tracking.DEFAULT_N_SOLVE,scripts/lib/analytic_branch_tracking.py,resolved
scripts/analysis/plot_desc05_full_shapes_beta15_eps_sweep.py,scripts.lib.analytic_branch_tracking.DEFAULT_N_TRACK,scripts/lib/analytic_branch_tracking.py,resolved
scripts/analysis/plot_desc05_full_shapes_beta15_eps_sweep.py,scripts.lib.analytic_branch_tracking.base_sorted_index_from_branch_id,scripts/lib/analytic_branch_tracking.py,resolved
scripts/analysis/plot_desc05_full_shapes_beta15_eps_sweep.py,scripts.lib.analytic_branch_tracking.branch_id_from_base_sorted_index,scripts/lib/analytic_branch_tracking.py,resolved
scripts/analysis/plot_desc05_full_shapes_beta15_eps_sweep.py,scripts.lib.analytic_branch_tracking.dense_mu_values_for_targets,scripts/lib/analytic_branch_tracking.py,resolved
scripts/analysis/plot_desc05_full_shapes_beta15_eps_sweep.py,scripts.lib.analytic_branch_tracking.nearby_sorted_lambdas,scripts/lib/analytic_branch_tracking.py,resolved
scripts/analysis/plot_desc05_full_shapes_beta15_eps_sweep.py,scripts.lib.analytic_branch_tracking.track_mu_sweep,scripts/lib/analytic_branch_tracking.py,resolved
scripts/analysis/plot_desc05_full_shapes_beta15_eps_sweep.py,scripts.lib.analytic_coupled_rods_shapes.analytic_arm_energy_diagnostics,scripts/lib/analytic_coupled_rods_shapes.py,resolved
scripts/analysis/plot_desc05_full_shapes_beta15_eps_sweep.py,scripts.lib.analytic_coupled_rods_shapes.endpoint_consistency_diagnostics,scripts/lib/analytic_coupled_rods_shapes.py,resolved
scripts/analysis/plot_desc05_full_shapes_beta15_eps_sweep.py,scripts.lib.in_plane_shape_geometry.eb_rod1_local_fields_to_display,scripts/lib/in_plane_shape_geometry.py,resolved
scripts/analysis/plot_desc05_full_shapes_beta15_eps_sweep.py,scripts.lib.in_plane_shape_geometry.eb_rod2_local_fields_to_display,scripts/lib/in_plane_shape_geometry.py,resolved
scripts/analysis/plot_desc05_full_shapes_beta15_eps_sweep.py,sys,,external
scripts/analysis/plot_desc05_full_shapes_beta15_eps_sweep.py,typing.Sequence,,external
scripts/analysis/plot_diagnostic_eta_mu_beta_frequency_maps.py,__future__.annotations,,external
scripts/analysis/plot_diagnostic_eta_mu_beta_frequency_maps.py,argparse,,external
scripts/analysis/plot_diagnostic_eta_mu_beta_frequency_maps.py,concurrent.futures.ProcessPoolExecutor,,external
scripts/analysis/plot_diagnostic_eta_mu_beta_frequency_maps.py,dataclasses.dataclass,,external
scripts/analysis/plot_diagnostic_eta_mu_beta_frequency_maps.py,matplotlib,,external
scripts/analysis/plot_diagnostic_eta_mu_beta_frequency_maps.py,matplotlib.colors,,external
scripts/analysis/plot_diagnostic_eta_mu_beta_frequency_maps.py,matplotlib.pyplot,,external
scripts/analysis/plot_diagnostic_eta_mu_beta_frequency_maps.py,my_project.analytic.formulas_thickness_mismatch.find_first_n_roots_eta,src/my_project/analytic/formulas_thickness_mismatch.py,resolved
scripts/analysis/plot_diagnostic_eta_mu_beta_frequency_maps.py,numpy,,external
scripts/analysis/plot_diagnostic_eta_mu_beta_frequency_maps.py,os,,external
scripts/analysis/plot_diagnostic_eta_mu_beta_frequency_maps.py,pathlib.Path,,external
scripts/analysis/plot_diagnostic_eta_mu_beta_frequency_maps.py,scripts.lib.diagnostic_common.inclusive_grid,scripts/lib/diagnostic_common.py,resolved
scripts/analysis/plot_diagnostic_eta_mu_beta_frequency_maps.py,scripts.lib.diagnostic_common.number_text,scripts/lib/diagnostic_common.py,resolved
scripts/analysis/plot_diagnostic_eta_mu_beta_frequency_maps.py,scripts.lib.diagnostic_common.number_token,scripts/lib/diagnostic_common.py,resolved
scripts/analysis/plot_diagnostic_eta_mu_beta_frequency_maps.py,scripts.lib.diagnostic_common.write_dict_rows_csv,scripts/lib/diagnostic_common.py,resolved
scripts/analysis/plot_diagnostic_eta_mu_beta_frequency_maps.py,sys,,external
scripts/analysis/plot_diagnostic_eta_mu_beta_frequency_maps.py,typing.Sequence,,external
scripts/analysis/plot_eta_scan_selected_lambda_beta_descendants.py,__future__.annotations,,external
scripts/analysis/plot_eta_scan_selected_lambda_beta_descendants.py,csv,,external
scripts/analysis/plot_eta_scan_selected_lambda_beta_descendants.py,dataclasses.dataclass,,external
scripts/analysis/plot_eta_scan_selected_lambda_beta_descendants.py,matplotlib,,external
scripts/analysis/plot_eta_scan_selected_lambda_beta_descendants.py,matplotlib.pyplot,,external
scripts/analysis/plot_eta_scan_selected_lambda_beta_descendants.py,numpy,,external
scripts/analysis/plot_eta_scan_selected_lambda_beta_descendants.py,pathlib.Path,,external
scripts/analysis/plot_eta_scan_selected_lambda_beta_descendants.py,scripts.analysis.audit_lambda_beta_sorted_descendant_thickness_mismatch,scripts/analysis/audit_lambda_beta_sorted_descendant_thickness_mismatch.py,resolved
scripts/analysis/plot_eta_scan_selected_lambda_beta_descendants.py,sys,,external
scripts/analysis/plot_eta_scan_selected_lambda_beta_descendants.py,typing.Mapping,,external
scripts/analysis/plot_eta_scan_selected_lambda_beta_descendants.py,typing.Sequence,,external
scripts/analysis/plot_lambda_beta_eta0_eps0p0025_mu_rearrangement_check.py,__future__.annotations,,external
scripts/analysis/plot_lambda_beta_eta0_eps0p0025_mu_rearrangement_check.py,csv,,external
scripts/analysis/plot_lambda_beta_eta0_eps0p0025_mu_rearrangement_check.py,dataclasses.dataclass,,external
scripts/analysis/plot_lambda_beta_eta0_eps0p0025_mu_rearrangement_check.py,matplotlib,,external
scripts/analysis/plot_lambda_beta_eta0_eps0p0025_mu_rearrangement_check.py,matplotlib.pyplot,,external
scripts/analysis/plot_lambda_beta_eta0_eps0p0025_mu_rearrangement_check.py,numpy,,external
scripts/analysis/plot_lambda_beta_eta0_eps0p0025_mu_rearrangement_check.py,pathlib.Path,,external
scripts/analysis/plot_lambda_beta_eta0_eps0p0025_mu_rearrangement_check.py,scripts.analysis.audit_mu_scan_eta0_first6_rearrangement,scripts/analysis/audit_mu_scan_eta0_first6_rearrangement.py,resolved
scripts/analysis/plot_lambda_beta_eta0_eps0p0025_mu_rearrangement_check.py,sys,,external
scripts/analysis/plot_lambda_beta_eta0_eps0p0025_mu_rearrangement_check.py,typing.Mapping,,external
scripts/analysis/plot_lambda_beta_eta0_eps0p0025_mu_rearrangement_check.py,typing.Sequence,,external
scripts/analysis/plot_lambda_eta_thickness_mismatch.py,__future__.annotations,,external
scripts/analysis/plot_lambda_eta_thickness_mismatch.py,csv,,external
scripts/analysis/plot_lambda_eta_thickness_mismatch.py,matplotlib,,external
scripts/analysis/plot_lambda_eta_thickness_mismatch.py,matplotlib.pyplot,,external
scripts/analysis/plot_lambda_eta_thickness_mismatch.py,my_project.analytic.formulas_thickness_mismatch.find_first_n_roots_eta,src/my_project/analytic/formulas_thickness_mismatch.py,resolved
scripts/analysis/plot_lambda_eta_thickness_mismatch.py,numpy,,external
scripts/analysis/plot_lambda_eta_thickness_mismatch.py,pathlib.Path,,external
scripts/analysis/plot_lambda_eta_thickness_mismatch.py,sys,,external
scripts/analysis/plot_lambda_eta_thickness_mismatch.py,typing.Iterable,,external
scripts/analysis/plot_lambda_eta_thickness_mismatch.py,typing.Sequence,,external
scripts/analysis/plot_lambda_mu_eta_m0p5_with_single_beam_refs.py,__future__.annotations,,external
scripts/analysis/plot_lambda_mu_eta_m0p5_with_single_beam_refs.py,argparse,,external
scripts/analysis/plot_lambda_mu_eta_m0p5_with_single_beam_refs.py,matplotlib,,external
scripts/analysis/plot_lambda_mu_eta_m0p5_with_single_beam_refs.py,matplotlib.lines.Line2D,,external
scripts/analysis/plot_lambda_mu_eta_m0p5_with_single_beam_refs.py,matplotlib.pyplot,,external
scripts/analysis/plot_lambda_mu_eta_m0p5_with_single_beam_refs.py,my_project.analytic.FreqMuNet.roots_clamped_supported,src/my_project/analytic/FreqMuNet.py,resolved
scripts/analysis/plot_lambda_mu_eta_m0p5_with_single_beam_refs.py,my_project.analytic.formulas_thickness_mismatch.find_first_n_roots_eta,src/my_project/analytic/formulas_thickness_mismatch.py,resolved
scripts/analysis/plot_lambda_mu_eta_m0p5_with_single_beam_refs.py,my_project.analytic.formulas_thickness_mismatch.thickness_mismatch_factors,src/my_project/analytic/formulas_thickness_mismatch.py,resolved
scripts/analysis/plot_lambda_mu_eta_m0p5_with_single_beam_refs.py,my_project.analytic.solvers.fixed_fixed_lambdas,src/my_project/analytic/solvers.py,resolved
scripts/analysis/plot_lambda_mu_eta_m0p5_with_single_beam_refs.py,numpy,,external
scripts/analysis/plot_lambda_mu_eta_m0p5_with_single_beam_refs.py,pathlib.Path,,external
scripts/analysis/plot_lambda_mu_eta_m0p5_with_single_beam_refs.py,scripts.lib.diagnostic_common.inclusive_grid,scripts/lib/diagnostic_common.py,resolved
scripts/analysis/plot_lambda_mu_eta_m0p5_with_single_beam_refs.py,scripts.lib.diagnostic_common.number_text,scripts/lib/diagnostic_common.py,resolved
scripts/analysis/plot_lambda_mu_eta_m0p5_with_single_beam_refs.py,scripts.lib.diagnostic_common.number_token,scripts/lib/diagnostic_common.py,resolved
scripts/analysis/plot_lambda_mu_eta_m0p5_with_single_beam_refs.py,scripts.lib.diagnostic_common.write_dict_rows_csv,scripts/lib/diagnostic_common.py,resolved
scripts/analysis/plot_lambda_mu_eta_m0p5_with_single_beam_refs.py,sys,,external
scripts/analysis/plot_lambda_mu_eta_m0p5_with_single_beam_refs.py,typing.Sequence,,external
scripts/analysis/plot_lambda_mu_thickness_mismatch_beta15_eta_descendants.py,__future__.annotations,,external
scripts/analysis/plot_lambda_mu_thickness_mismatch_beta15_eta_descendants.py,argparse,,external
scripts/analysis/plot_lambda_mu_thickness_mismatch_beta15_eta_descendants.py,collections.defaultdict,,external
scripts/analysis/plot_lambda_mu_thickness_mismatch_beta15_eta_descendants.py,csv,,external
scripts/analysis/plot_lambda_mu_thickness_mismatch_beta15_eta_descendants.py,matplotlib,,external
scripts/analysis/plot_lambda_mu_thickness_mismatch_beta15_eta_descendants.py,matplotlib.lines.Line2D,,external
scripts/analysis/plot_lambda_mu_thickness_mismatch_beta15_eta_descendants.py,matplotlib.pyplot,,external
scripts/analysis/plot_lambda_mu_thickness_mismatch_beta15_eta_descendants.py,numpy,,external
scripts/analysis/plot_lambda_mu_thickness_mismatch_beta15_eta_descendants.py,pathlib.Path,,external
scripts/analysis/plot_lambda_mu_thickness_mismatch_beta15_eta_descendants.py,scripts.lib.thickness_mismatch_diagnostic_helpers.mu_grid,scripts/lib/thickness_mismatch_diagnostic_helpers.py,resolved
scripts/analysis/plot_lambda_mu_thickness_mismatch_beta15_eta_descendants.py,scripts.lib.thickness_mismatch_diagnostic_helpers.plot_with_validity_split,scripts/lib/thickness_mismatch_diagnostic_helpers.py,resolved
scripts/analysis/plot_lambda_mu_thickness_mismatch_beta15_eta_descendants.py,scripts.lib.thickness_mismatch_diagnostic_helpers.rods_label,scripts/lib/thickness_mismatch_diagnostic_helpers.py,resolved
scripts/analysis/plot_lambda_mu_thickness_mismatch_beta15_eta_descendants.py,scripts.lib.thickness_mismatch_diagnostic_helpers.roots_by_mu_eta,scripts/lib/thickness_mismatch_diagnostic_helpers.py,resolved
scripts/analysis/plot_lambda_mu_thickness_mismatch_beta15_eta_descendants.py,scripts.lib.thickness_mismatch_diagnostic_helpers.thickness_ratio_summary,scripts/lib/thickness_mismatch_diagnostic_helpers.py,resolved
scripts/analysis/plot_lambda_mu_thickness_mismatch_beta15_eta_descendants.py,scripts.lib.thickness_mismatch_diagnostic_helpers.track_descendants_from_mu0,scripts/lib/thickness_mismatch_diagnostic_helpers.py,resolved
scripts/analysis/plot_lambda_mu_thickness_mismatch_beta15_eta_descendants.py,scripts.lib.thickness_mismatch_diagnostic_helpers.tracking_warning_rows,scripts/lib/thickness_mismatch_diagnostic_helpers.py,resolved
scripts/analysis/plot_lambda_mu_thickness_mismatch_beta15_eta_descendants.py,scripts.lib.thickness_mismatch_diagnostic_helpers.tracking_warning_summary,scripts/lib/thickness_mismatch_diagnostic_helpers.py,resolved
scripts/analysis/plot_lambda_mu_thickness_mismatch_beta15_eta_descendants.py,scripts.lib.thickness_mismatch_diagnostic_helpers.valid_mask,scripts/lib/thickness_mismatch_diagnostic_helpers.py,resolved
scripts/analysis/plot_lambda_mu_thickness_mismatch_beta15_eta_descendants.py,sys,,external
scripts/analysis/plot_lambda_mu_thickness_mismatch_beta15_eta_large_slenderness.py,__future__.annotations,,external
scripts/analysis/plot_lambda_mu_thickness_mismatch_beta15_eta_large_slenderness.py,csv,,external
scripts/analysis/plot_lambda_mu_thickness_mismatch_beta15_eta_large_slenderness.py,dataclasses.dataclass,,external
scripts/analysis/plot_lambda_mu_thickness_mismatch_beta15_eta_large_slenderness.py,matplotlib,,external
scripts/analysis/plot_lambda_mu_thickness_mismatch_beta15_eta_large_slenderness.py,matplotlib.lines.Line2D,,external
scripts/analysis/plot_lambda_mu_thickness_mismatch_beta15_eta_large_slenderness.py,matplotlib.pyplot,,external
scripts/analysis/plot_lambda_mu_thickness_mismatch_beta15_eta_large_slenderness.py,my_project.analytic.formulas_thickness_mismatch.find_first_n_roots_eta,src/my_project/analytic/formulas_thickness_mismatch.py,resolved
scripts/analysis/plot_lambda_mu_thickness_mismatch_beta15_eta_large_slenderness.py,my_project.analytic.formulas_thickness_mismatch.thickness_to_length_ratios,src/my_project/analytic/formulas_thickness_mismatch.py,resolved
scripts/analysis/plot_lambda_mu_thickness_mismatch_beta15_eta_large_slenderness.py,numpy,,external
scripts/analysis/plot_lambda_mu_thickness_mismatch_beta15_eta_large_slenderness.py,pathlib.Path,,external
scripts/analysis/plot_lambda_mu_thickness_mismatch_beta15_eta_large_slenderness.py,scripts.lib.thickness_mismatch_mac_tracking.track_mu_branches_shape_mac,scripts/lib/thickness_mismatch_mac_tracking.py,resolved
scripts/analysis/plot_lambda_mu_thickness_mismatch_beta15_eta_large_slenderness.py,sys,,external
scripts/analysis/plot_lambda_mu_thickness_mismatch_beta45_eta_p0p5_with_isolated_rods.py,__future__.annotations,,external
scripts/analysis/plot_lambda_mu_thickness_mismatch_beta45_eta_p0p5_with_isolated_rods.py,matplotlib,,external
scripts/analysis/plot_lambda_mu_thickness_mismatch_beta45_eta_p0p5_with_isolated_rods.py,matplotlib.lines.Line2D,,external
scripts/analysis/plot_lambda_mu_thickness_mismatch_beta45_eta_p0p5_with_isolated_rods.py,matplotlib.pyplot,,external
scripts/analysis/plot_lambda_mu_thickness_mismatch_beta45_eta_p0p5_with_isolated_rods.py,numpy,,external
scripts/analysis/plot_lambda_mu_thickness_mismatch_beta45_eta_p0p5_with_isolated_rods.py,pathlib.Path,,external
scripts/analysis/plot_lambda_mu_thickness_mismatch_beta45_eta_p0p5_with_isolated_rods.py,scripts.lib.thickness_mismatch_diagnostic_helpers.isolated_clamped_supported_references,scripts/lib/thickness_mismatch_diagnostic_helpers.py,resolved
scripts/analysis/plot_lambda_mu_thickness_mismatch_beta45_eta_p0p5_with_isolated_rods.py,scripts.lib.thickness_mismatch_diagnostic_helpers.mu_grid,scripts/lib/thickness_mismatch_diagnostic_helpers.py,resolved
scripts/analysis/plot_lambda_mu_thickness_mismatch_beta45_eta_p0p5_with_isolated_rods.py,scripts.lib.thickness_mismatch_diagnostic_helpers.plot_with_validity_split,scripts/lib/thickness_mismatch_diagnostic_helpers.py,resolved
scripts/analysis/plot_lambda_mu_thickness_mismatch_beta45_eta_p0p5_with_isolated_rods.py,scripts.lib.thickness_mismatch_diagnostic_helpers.rods_label,scripts/lib/thickness_mismatch_diagnostic_helpers.py,resolved
scripts/analysis/plot_lambda_mu_thickness_mismatch_beta45_eta_p0p5_with_isolated_rods.py,scripts.lib.thickness_mismatch_diagnostic_helpers.roots_by_mu_eta,scripts/lib/thickness_mismatch_diagnostic_helpers.py,resolved
scripts/analysis/plot_lambda_mu_thickness_mismatch_beta45_eta_p0p5_with_isolated_rods.py,scripts.lib.thickness_mismatch_diagnostic_helpers.thickness_ratio_summary,scripts/lib/thickness_mismatch_diagnostic_helpers.py,resolved
scripts/analysis/plot_lambda_mu_thickness_mismatch_beta45_eta_p0p5_with_isolated_rods.py,scripts.lib.thickness_mismatch_diagnostic_helpers.track_descendants_from_mu0,scripts/lib/thickness_mismatch_diagnostic_helpers.py,resolved
scripts/analysis/plot_lambda_mu_thickness_mismatch_beta45_eta_p0p5_with_isolated_rods.py,scripts.lib.thickness_mismatch_diagnostic_helpers.tracking_warning_rows,scripts/lib/thickness_mismatch_diagnostic_helpers.py,resolved
scripts/analysis/plot_lambda_mu_thickness_mismatch_beta45_eta_p0p5_with_isolated_rods.py,scripts.lib.thickness_mismatch_diagnostic_helpers.tracking_warning_summary,scripts/lib/thickness_mismatch_diagnostic_helpers.py,resolved
scripts/analysis/plot_lambda_mu_thickness_mismatch_beta45_eta_p0p5_with_isolated_rods.py,scripts.lib.thickness_mismatch_diagnostic_helpers.valid_mask,scripts/lib/thickness_mismatch_diagnostic_helpers.py,resolved
scripts/analysis/plot_lambda_mu_thickness_mismatch_beta45_eta_p0p5_with_isolated_rods.py,sys,,external
scripts/analysis/plot_lambda_mu_thickness_mismatch_beta45_eta_p0p5_with_isolated_rods_fixed_fixed.py,__future__.annotations,,external
scripts/analysis/plot_lambda_mu_thickness_mismatch_beta45_eta_p0p5_with_isolated_rods_fixed_fixed.py,matplotlib,,external
scripts/analysis/plot_lambda_mu_thickness_mismatch_beta45_eta_p0p5_with_isolated_rods_fixed_fixed.py,matplotlib.lines.Line2D,,external
scripts/analysis/plot_lambda_mu_thickness_mismatch_beta45_eta_p0p5_with_isolated_rods_fixed_fixed.py,matplotlib.pyplot,,external
scripts/analysis/plot_lambda_mu_thickness_mismatch_beta45_eta_p0p5_with_isolated_rods_fixed_fixed.py,my_project.analytic.FreqMuNet.roots_clamped_supported,src/my_project/analytic/FreqMuNet.py,resolved
scripts/analysis/plot_lambda_mu_thickness_mismatch_beta45_eta_p0p5_with_isolated_rods_fixed_fixed.py,my_project.analytic.formulas_thickness_mismatch.thickness_mismatch_factors,src/my_project/analytic/formulas_thickness_mismatch.py,resolved
scripts/analysis/plot_lambda_mu_thickness_mismatch_beta45_eta_p0p5_with_isolated_rods_fixed_fixed.py,my_project.analytic.solvers.fixed_fixed_lambdas,src/my_project/analytic/solvers.py,resolved
scripts/analysis/plot_lambda_mu_thickness_mismatch_beta45_eta_p0p5_with_isolated_rods_fixed_fixed.py,numpy,,external
scripts/analysis/plot_lambda_mu_thickness_mismatch_beta45_eta_p0p5_with_isolated_rods_fixed_fixed.py,pathlib.Path,,external
scripts/analysis/plot_lambda_mu_thickness_mismatch_beta45_eta_p0p5_with_isolated_rods_fixed_fixed.py,scripts.lib.thickness_mismatch_diagnostic_helpers.mu_grid,scripts/lib/thickness_mismatch_diagnostic_helpers.py,resolved
scripts/analysis/plot_lambda_mu_thickness_mismatch_beta45_eta_p0p5_with_isolated_rods_fixed_fixed.py,scripts.lib.thickness_mismatch_diagnostic_helpers.plot_with_validity_split,scripts/lib/thickness_mismatch_diagnostic_helpers.py,resolved
scripts/analysis/plot_lambda_mu_thickness_mismatch_beta45_eta_p0p5_with_isolated_rods_fixed_fixed.py,scripts.lib.thickness_mismatch_diagnostic_helpers.rods_label,scripts/lib/thickness_mismatch_diagnostic_helpers.py,resolved
scripts/analysis/plot_lambda_mu_thickness_mismatch_beta45_eta_p0p5_with_isolated_rods_fixed_fixed.py,scripts.lib.thickness_mismatch_diagnostic_helpers.roots_by_mu_eta,scripts/lib/thickness_mismatch_diagnostic_helpers.py,resolved
scripts/analysis/plot_lambda_mu_thickness_mismatch_beta45_eta_p0p5_with_isolated_rods_fixed_fixed.py,scripts.lib.thickness_mismatch_diagnostic_helpers.thickness_ratio_summary,scripts/lib/thickness_mismatch_diagnostic_helpers.py,resolved
scripts/analysis/plot_lambda_mu_thickness_mismatch_beta45_eta_p0p5_with_isolated_rods_fixed_fixed.py,scripts.lib.thickness_mismatch_diagnostic_helpers.track_descendants_from_mu0,scripts/lib/thickness_mismatch_diagnostic_helpers.py,resolved
scripts/analysis/plot_lambda_mu_thickness_mismatch_beta45_eta_p0p5_with_isolated_rods_fixed_fixed.py,scripts.lib.thickness_mismatch_diagnostic_helpers.tracking_warning_rows,scripts/lib/thickness_mismatch_diagnostic_helpers.py,resolved
scripts/analysis/plot_lambda_mu_thickness_mismatch_beta45_eta_p0p5_with_isolated_rods_fixed_fixed.py,scripts.lib.thickness_mismatch_diagnostic_helpers.tracking_warning_summary,scripts/lib/thickness_mismatch_diagnostic_helpers.py,resolved
scripts/analysis/plot_lambda_mu_thickness_mismatch_beta45_eta_p0p5_with_isolated_rods_fixed_fixed.py,scripts.lib.thickness_mismatch_diagnostic_helpers.valid_mask,scripts/lib/thickness_mismatch_diagnostic_helpers.py,resolved
scripts/analysis/plot_lambda_mu_thickness_mismatch_beta45_eta_p0p5_with_isolated_rods_fixed_fixed.py,sys,,external
scripts/analysis/plot_lambda_mu_thickness_mismatch_eta_p0p5_with_isolated_rods.py,__future__.annotations,,external
scripts/analysis/plot_lambda_mu_thickness_mismatch_eta_p0p5_with_isolated_rods.py,matplotlib,,external
scripts/analysis/plot_lambda_mu_thickness_mismatch_eta_p0p5_with_isolated_rods.py,matplotlib.lines.Line2D,,external
scripts/analysis/plot_lambda_mu_thickness_mismatch_eta_p0p5_with_isolated_rods.py,matplotlib.pyplot,,external
scripts/analysis/plot_lambda_mu_thickness_mismatch_eta_p0p5_with_isolated_rods.py,numpy,,external
scripts/analysis/plot_lambda_mu_thickness_mismatch_eta_p0p5_with_isolated_rods.py,pathlib.Path,,external
scripts/analysis/plot_lambda_mu_thickness_mismatch_eta_p0p5_with_isolated_rods.py,scripts.lib.thickness_mismatch_diagnostic_helpers.isolated_clamped_supported_references,scripts/lib/thickness_mismatch_diagnostic_helpers.py,resolved
scripts/analysis/plot_lambda_mu_thickness_mismatch_eta_p0p5_with_isolated_rods.py,scripts.lib.thickness_mismatch_diagnostic_helpers.mu_grid,scripts/lib/thickness_mismatch_diagnostic_helpers.py,resolved
scripts/analysis/plot_lambda_mu_thickness_mismatch_eta_p0p5_with_isolated_rods.py,scripts.lib.thickness_mismatch_diagnostic_helpers.plot_with_validity_split,scripts/lib/thickness_mismatch_diagnostic_helpers.py,resolved
scripts/analysis/plot_lambda_mu_thickness_mismatch_eta_p0p5_with_isolated_rods.py,scripts.lib.thickness_mismatch_diagnostic_helpers.rods_label,scripts/lib/thickness_mismatch_diagnostic_helpers.py,resolved
scripts/analysis/plot_lambda_mu_thickness_mismatch_eta_p0p5_with_isolated_rods.py,scripts.lib.thickness_mismatch_diagnostic_helpers.roots_by_mu_eta,scripts/lib/thickness_mismatch_diagnostic_helpers.py,resolved
scripts/analysis/plot_lambda_mu_thickness_mismatch_eta_p0p5_with_isolated_rods.py,scripts.lib.thickness_mismatch_diagnostic_helpers.thickness_ratio_summary,scripts/lib/thickness_mismatch_diagnostic_helpers.py,resolved
scripts/analysis/plot_lambda_mu_thickness_mismatch_eta_p0p5_with_isolated_rods.py,scripts.lib.thickness_mismatch_diagnostic_helpers.track_descendants_from_mu0,scripts/lib/thickness_mismatch_diagnostic_helpers.py,resolved
scripts/analysis/plot_lambda_mu_thickness_mismatch_eta_p0p5_with_isolated_rods.py,scripts.lib.thickness_mismatch_diagnostic_helpers.tracking_warning_rows,scripts/lib/thickness_mismatch_diagnostic_helpers.py,resolved
scripts/analysis/plot_lambda_mu_thickness_mismatch_eta_p0p5_with_isolated_rods.py,scripts.lib.thickness_mismatch_diagnostic_helpers.tracking_warning_summary,scripts/lib/thickness_mismatch_diagnostic_helpers.py,resolved
scripts/analysis/plot_lambda_mu_thickness_mismatch_eta_p0p5_with_isolated_rods.py,scripts.lib.thickness_mismatch_diagnostic_helpers.valid_mask,scripts/lib/thickness_mismatch_diagnostic_helpers.py,resolved
scripts/analysis/plot_lambda_mu_thickness_mismatch_eta_p0p5_with_isolated_rods.py,sys,,external
scripts/analysis/plot_lambda_vs_beta_fixed_mu.py,__future__.annotations,,external
scripts/analysis/plot_lambda_vs_beta_fixed_mu.py,argparse,,external
scripts/analysis/plot_lambda_vs_beta_fixed_mu.py,csv,,external
scripts/analysis/plot_lambda_vs_beta_fixed_mu.py,matplotlib,,external
scripts/analysis/plot_lambda_vs_beta_fixed_mu.py,matplotlib.pyplot,,external
scripts/analysis/plot_lambda_vs_beta_fixed_mu.py,numpy,,external
scripts/analysis/plot_lambda_vs_beta_fixed_mu.py,pathlib.Path,,external
scripts/analysis/plot_lambda_vs_beta_fixed_mu.py,scripts.lib.analytic_branch_tracking.branch_id_from_base_sorted_index,scripts/lib/analytic_branch_tracking.py,resolved
scripts/analysis/plot_lambda_vs_beta_fixed_mu.py,scripts.lib.analytic_branch_tracking.track_path,scripts/lib/analytic_branch_tracking.py,resolved
scripts/analysis/plot_lambda_vs_beta_fixed_mu.py,sys,,external
scripts/analysis/plot_lambda_vs_beta_fixed_mu.py,typing.Sequence,,external
scripts/analysis/plot_mode_shapes_eta_beta_scan.py,__future__.annotations,,external
scripts/analysis/plot_mode_shapes_eta_beta_scan.py,argparse,,external
scripts/analysis/plot_mode_shapes_eta_beta_scan.py,csv,,external
scripts/analysis/plot_mode_shapes_eta_beta_scan.py,dataclasses.dataclass,,external
scripts/analysis/plot_mode_shapes_eta_beta_scan.py,matplotlib,,external
scripts/analysis/plot_mode_shapes_eta_beta_scan.py,matplotlib.lines.Line2D,,external
scripts/analysis/plot_mode_shapes_eta_beta_scan.py,matplotlib.pyplot,,external
scripts/analysis/plot_mode_shapes_eta_beta_scan.py,my_project.analytic.formulas_thickness_mismatch.assemble_clamped_coupled_matrix_eta,src/my_project/analytic/formulas_thickness_mismatch.py,resolved
scripts/analysis/plot_mode_shapes_eta_beta_scan.py,my_project.analytic.formulas_thickness_mismatch.find_first_n_roots_eta,src/my_project/analytic/formulas_thickness_mismatch.py,resolved
scripts/analysis/plot_mode_shapes_eta_beta_scan.py,my_project.analytic.formulas_thickness_mismatch.thickness_to_length_ratios,src/my_project/analytic/formulas_thickness_mismatch.py,resolved
scripts/analysis/plot_mode_shapes_eta_beta_scan.py,numpy,,external
scripts/analysis/plot_mode_shapes_eta_beta_scan.py,pathlib.Path,,external
scripts/analysis/plot_mode_shapes_eta_beta_scan.py,scripts.lib.analytic_coupled_rods_shapes.analytic_null_vector,scripts/lib/analytic_coupled_rods_shapes.py,resolved
scripts/analysis/plot_mode_shapes_eta_beta_scan.py,scripts.lib.analytic_coupled_rods_shapes.normalize_components,scripts/lib/analytic_coupled_rods_shapes.py,resolved
scripts/analysis/plot_mode_shapes_eta_beta_scan.py,scripts.lib.in_plane_shape_geometry,scripts/lib/in_plane_shape_geometry.py,resolved
scripts/analysis/plot_mode_shapes_eta_beta_scan.py,scripts.lib.thickness_mismatch_mac_tracking.analytic_shape_vectors_for_roots,scripts/lib/thickness_mismatch_mac_tracking.py,resolved
scripts/analysis/plot_mode_shapes_eta_beta_scan.py,scripts.lib.thickness_mismatch_mac_tracking.mac_assignment,scripts/lib/thickness_mismatch_mac_tracking.py,resolved
scripts/analysis/plot_mode_shapes_eta_beta_scan.py,scripts.lib.thickness_mismatch_mac_tracking.reconstruct_components_eta,scripts/lib/thickness_mismatch_mac_tracking.py,resolved
scripts/analysis/plot_mode_shapes_eta_beta_scan.py,scripts.lib.thickness_mismatch_mac_tracking.unique_nearest_frequency_assignment,scripts/lib/thickness_mismatch_mac_tracking.py,resolved
scripts/analysis/plot_mode_shapes_eta_beta_scan.py,sys,,external
scripts/analysis/plot_mode_shapes_eta_beta_scan.py,typing.Sequence,,external
scripts/analysis/plot_mode_shapes_eta_beta_scan_sorted_modes.py,__future__.annotations,,external
scripts/analysis/plot_mode_shapes_eta_beta_scan_sorted_modes.py,argparse,,external
scripts/analysis/plot_mode_shapes_eta_beta_scan_sorted_modes.py,csv,,external
scripts/analysis/plot_mode_shapes_eta_beta_scan_sorted_modes.py,dataclasses.dataclass,,external
scripts/analysis/plot_mode_shapes_eta_beta_scan_sorted_modes.py,matplotlib,,external
scripts/analysis/plot_mode_shapes_eta_beta_scan_sorted_modes.py,matplotlib.lines.Line2D,,external
scripts/analysis/plot_mode_shapes_eta_beta_scan_sorted_modes.py,matplotlib.pyplot,,external
scripts/analysis/plot_mode_shapes_eta_beta_scan_sorted_modes.py,my_project.analytic.formulas_thickness_mismatch.assemble_clamped_coupled_matrix_eta,src/my_project/analytic/formulas_thickness_mismatch.py,resolved
scripts/analysis/plot_mode_shapes_eta_beta_scan_sorted_modes.py,numpy,,external
scripts/analysis/plot_mode_shapes_eta_beta_scan_sorted_modes.py,pathlib.Path,,external
scripts/analysis/plot_mode_shapes_eta_beta_scan_sorted_modes.py,scripts.analysis.plot_mode_shapes_eta_beta_scan,scripts/analysis/plot_mode_shapes_eta_beta_scan.py,resolved
scripts/analysis/plot_mode_shapes_eta_beta_scan_sorted_modes.py,scripts.lib.analytic_coupled_rods_shapes.analytic_null_vector,scripts/lib/analytic_coupled_rods_shapes.py,resolved
scripts/analysis/plot_mode_shapes_eta_beta_scan_sorted_modes.py,scripts.lib.in_plane_shape_geometry,scripts/lib/in_plane_shape_geometry.py,resolved
scripts/analysis/plot_mode_shapes_eta_beta_scan_sorted_modes.py,scripts.lib.thickness_mismatch_mac_tracking.mac_value,scripts/lib/thickness_mismatch_mac_tracking.py,resolved
scripts/analysis/plot_mode_shapes_eta_beta_scan_sorted_modes.py,scripts.lib.thickness_mismatch_mac_tracking.reconstruct_components_eta,scripts/lib/thickness_mismatch_mac_tracking.py,resolved
scripts/analysis/plot_mode_shapes_eta_beta_scan_sorted_modes.py,sys,,external
scripts/analysis/plot_mode_shapes_eta_beta_scan_sorted_modes.py,typing.Sequence,,external
scripts/analysis/plot_rigid_joint_equal_thickness_beta15_eps_trend.py,__future__.annotations,,external
scripts/analysis/plot_rigid_joint_equal_thickness_beta15_eps_trend.py,csv,,external
scripts/analysis/plot_rigid_joint_equal_thickness_beta15_eps_trend.py,dataclasses.dataclass,,external
scripts/analysis/plot_rigid_joint_equal_thickness_beta15_eps_trend.py,importlib.util,,external
scripts/analysis/plot_rigid_joint_equal_thickness_beta15_eps_trend.py,math,,external
scripts/analysis/plot_rigid_joint_equal_thickness_beta15_eps_trend.py,matplotlib,,external
scripts/analysis/plot_rigid_joint_equal_thickness_beta15_eps_trend.py,matplotlib.pyplot,,external
scripts/analysis/plot_rigid_joint_equal_thickness_beta15_eps_trend.py,pathlib.Path,,external
scripts/analysis/plot_rigid_joint_equal_thickness_beta15_eps_trend.py,sys,,external
scripts/analysis/plot_rigid_joint_equal_thickness_beta15_eps_trend.py,types.ModuleType,,external
scripts/analysis/plot_rigid_joint_equal_thickness_beta15_lambda_mu_eps_sweep.py,__future__.annotations,,external
scripts/analysis/plot_rigid_joint_equal_thickness_beta15_lambda_mu_eps_sweep.py,csv,,external
scripts/analysis/plot_rigid_joint_equal_thickness_beta15_lambda_mu_eps_sweep.py,dataclasses.dataclass,,external
scripts/analysis/plot_rigid_joint_equal_thickness_beta15_lambda_mu_eps_sweep.py,importlib.util,,external
scripts/analysis/plot_rigid_joint_equal_thickness_beta15_lambda_mu_eps_sweep.py,math,,external
scripts/analysis/plot_rigid_joint_equal_thickness_beta15_lambda_mu_eps_sweep.py,matplotlib,,external
scripts/analysis/plot_rigid_joint_equal_thickness_beta15_lambda_mu_eps_sweep.py,matplotlib.lines.Line2D,,external
scripts/analysis/plot_rigid_joint_equal_thickness_beta15_lambda_mu_eps_sweep.py,matplotlib.pyplot,,external
scripts/analysis/plot_rigid_joint_equal_thickness_beta15_lambda_mu_eps_sweep.py,my_project.analytic.formulas.assemble_clamped_coupled_matrix,src/my_project/analytic/formulas.py,resolved
scripts/analysis/plot_rigid_joint_equal_thickness_beta15_lambda_mu_eps_sweep.py,numpy,,external
scripts/analysis/plot_rigid_joint_equal_thickness_beta15_lambda_mu_eps_sweep.py,pathlib.Path,,external
scripts/analysis/plot_rigid_joint_equal_thickness_beta15_lambda_mu_eps_sweep.py,scipy.optimize.linear_sum_assignment,,external
scripts/analysis/plot_rigid_joint_equal_thickness_beta15_lambda_mu_eps_sweep.py,scripts.lib.analytic_branch_tracking.branch_id_from_base_sorted_index,scripts/lib/analytic_branch_tracking.py,resolved
scripts/analysis/plot_rigid_joint_equal_thickness_beta15_lambda_mu_eps_sweep.py,scripts.lib.analytic_branch_tracking.track_mu_sweep,scripts/lib/analytic_branch_tracking.py,resolved
scripts/analysis/plot_rigid_joint_equal_thickness_beta15_lambda_mu_eps_sweep.py,scripts.lib.variable_length_timoshenko,scripts/lib/variable_length_timoshenko.py,resolved
scripts/analysis/plot_rigid_joint_equal_thickness_beta15_lambda_mu_eps_sweep.py,sys,,external
scripts/analysis/plot_rigid_joint_equal_thickness_beta15_lambda_mu_eps_sweep.py,types.ModuleType,,external
scripts/analysis/plot_rigid_joint_equal_thickness_beta15_lambda_mu_eps_sweep.py,typing.Sequence,,external
scripts/analysis/plot_thickness_mismatch_branch5_shapes.py,__future__.annotations,,external
scripts/analysis/plot_thickness_mismatch_branch5_shapes.py,dataclasses.dataclass,,external
scripts/analysis/plot_thickness_mismatch_branch5_shapes.py,matplotlib,,external
scripts/analysis/plot_thickness_mismatch_branch5_shapes.py,matplotlib.pyplot,,external
scripts/analysis/plot_thickness_mismatch_branch5_shapes.py,my_project.analytic.formulas_thickness_mismatch.assemble_clamped_coupled_matrix_eta,src/my_project/analytic/formulas_thickness_mismatch.py,resolved
scripts/analysis/plot_thickness_mismatch_branch5_shapes.py,my_project.analytic.formulas_thickness_mismatch.find_first_n_roots_eta,src/my_project/analytic/formulas_thickness_mismatch.py,resolved
scripts/analysis/plot_thickness_mismatch_branch5_shapes.py,my_project.analytic.formulas_thickness_mismatch.thickness_mismatch_factors,src/my_project/analytic/formulas_thickness_mismatch.py,resolved
scripts/analysis/plot_thickness_mismatch_branch5_shapes.py,numpy,,external
scripts/analysis/plot_thickness_mismatch_branch5_shapes.py,pathlib.Path,,external
scripts/analysis/plot_thickness_mismatch_branch5_shapes.py,scripts.analysis.track_lambda_eta_thickness_mismatch.unique_nearest_assignment,scripts/analysis/track_lambda_eta_thickness_mismatch.py,resolved
scripts/analysis/plot_thickness_mismatch_branch5_shapes.py,scripts.lib.analytic_coupled_rods_shapes.analytic_null_vector,scripts/lib/analytic_coupled_rods_shapes.py,resolved
scripts/analysis/plot_thickness_mismatch_branch5_shapes.py,scripts.lib.analytic_coupled_rods_shapes.normalize_components,scripts/lib/analytic_coupled_rods_shapes.py,resolved
scripts/analysis/plot_thickness_mismatch_branch5_shapes.py,scripts.lib.in_plane_shape_geometry.eb_rod1_local_fields_to_display,scripts/lib/in_plane_shape_geometry.py,resolved
scripts/analysis/plot_thickness_mismatch_branch5_shapes.py,scripts.lib.in_plane_shape_geometry.eb_rod2_local_fields_to_display,scripts/lib/in_plane_shape_geometry.py,resolved
scripts/analysis/plot_thickness_mismatch_branch5_shapes.py,sys,,external
scripts/analysis/plot_thickness_mismatch_branch5_shapes.py,typing.Sequence,,external
scripts/analysis/plot_thickness_mismatch_branch_shapes_vs_eta.py,__future__.annotations,,external
scripts/analysis/plot_thickness_mismatch_branch_shapes_vs_eta.py,argparse,,external
scripts/analysis/plot_thickness_mismatch_branch_shapes_vs_eta.py,csv,,external
scripts/analysis/plot_thickness_mismatch_branch_shapes_vs_eta.py,dataclasses.dataclass,,external
scripts/analysis/plot_thickness_mismatch_branch_shapes_vs_eta.py,matplotlib,,external
scripts/analysis/plot_thickness_mismatch_branch_shapes_vs_eta.py,matplotlib.pyplot,,external
scripts/analysis/plot_thickness_mismatch_branch_shapes_vs_eta.py,my_project.analytic.formulas_thickness_mismatch.assemble_clamped_coupled_matrix_eta,src/my_project/analytic/formulas_thickness_mismatch.py,resolved
scripts/analysis/plot_thickness_mismatch_branch_shapes_vs_eta.py,my_project.analytic.formulas_thickness_mismatch.thickness_to_length_ratios,src/my_project/analytic/formulas_thickness_mismatch.py,resolved
scripts/analysis/plot_thickness_mismatch_branch_shapes_vs_eta.py,numpy,,external
scripts/analysis/plot_thickness_mismatch_branch_shapes_vs_eta.py,pathlib.Path,,external
scripts/analysis/plot_thickness_mismatch_branch_shapes_vs_eta.py,scripts.lib.analytic_coupled_rods_shapes.analytic_null_vector,scripts/lib/analytic_coupled_rods_shapes.py,resolved
scripts/analysis/plot_thickness_mismatch_branch_shapes_vs_eta.py,scripts.lib.analytic_coupled_rods_shapes.normalize_components,scripts/lib/analytic_coupled_rods_shapes.py,resolved
scripts/analysis/plot_thickness_mismatch_branch_shapes_vs_eta.py,scripts.lib.in_plane_shape_geometry.eb_rod1_local_fields_to_display,scripts/lib/in_plane_shape_geometry.py,resolved
scripts/analysis/plot_thickness_mismatch_branch_shapes_vs_eta.py,scripts.lib.in_plane_shape_geometry.eb_rod2_local_fields_to_display,scripts/lib/in_plane_shape_geometry.py,resolved
scripts/analysis/plot_thickness_mismatch_branch_shapes_vs_eta.py,scripts.lib.thickness_mismatch_diagnostic_helpers.mu_grid,scripts/lib/thickness_mismatch_diagnostic_helpers.py,resolved
scripts/analysis/plot_thickness_mismatch_branch_shapes_vs_eta.py,scripts.lib.thickness_mismatch_diagnostic_helpers.roots_by_mu_eta,scripts/lib/thickness_mismatch_diagnostic_helpers.py,resolved
scripts/analysis/plot_thickness_mismatch_branch_shapes_vs_eta.py,scripts.lib.thickness_mismatch_diagnostic_helpers.track_descendants_from_mu0,scripts/lib/thickness_mismatch_diagnostic_helpers.py,resolved
scripts/analysis/plot_thickness_mismatch_branch_shapes_vs_eta.py,scripts.lib.thickness_mismatch_diagnostic_helpers.tracking_warning_rows,scripts/lib/thickness_mismatch_diagnostic_helpers.py,resolved
scripts/analysis/plot_thickness_mismatch_branch_shapes_vs_eta.py,scripts.lib.thickness_mismatch_mac_tracking.reconstruct_components_eta,scripts/lib/thickness_mismatch_mac_tracking.py,resolved
scripts/analysis/plot_thickness_mismatch_branch_shapes_vs_eta.py,sys,,external
scripts/analysis/plot_thickness_mismatch_branch_shapes_vs_eta.py,typing.Sequence,,external
scripts/analysis/plot_thickness_mismatch_desc5_veering_mode_shapes.py,__future__.annotations,,external
scripts/analysis/plot_thickness_mismatch_desc5_veering_mode_shapes.py,csv,,external
scripts/analysis/plot_thickness_mismatch_desc5_veering_mode_shapes.py,dataclasses.dataclass,,external
scripts/analysis/plot_thickness_mismatch_desc5_veering_mode_shapes.py,numpy,,external
scripts/analysis/plot_thickness_mismatch_desc5_veering_mode_shapes.py,pathlib.Path,,external
scripts/analysis/plot_thickness_mismatch_desc5_veering_mode_shapes.py,scripts.analysis.plot_thickness_mismatch_branch_shapes_vs_eta,scripts/analysis/plot_thickness_mismatch_branch_shapes_vs_eta.py,resolved
scripts/analysis/plot_thickness_mismatch_desc5_veering_mode_shapes.py,sys,,external
scripts/analysis/plot_thickness_mismatch_desc6_veering_mode_shapes.py,__future__.annotations,,external
scripts/analysis/plot_thickness_mismatch_desc6_veering_mode_shapes.py,csv,,external
scripts/analysis/plot_thickness_mismatch_desc6_veering_mode_shapes.py,dataclasses.dataclass,,external
scripts/analysis/plot_thickness_mismatch_desc6_veering_mode_shapes.py,my_project.analytic.formulas_thickness_mismatch.find_first_n_roots_eta,src/my_project/analytic/formulas_thickness_mismatch.py,resolved
scripts/analysis/plot_thickness_mismatch_desc6_veering_mode_shapes.py,numpy,,external
scripts/analysis/plot_thickness_mismatch_desc6_veering_mode_shapes.py,pathlib.Path,,external
scripts/analysis/plot_thickness_mismatch_desc6_veering_mode_shapes.py,scripts.analysis.plot_thickness_mismatch_branch_shapes_vs_eta,scripts/analysis/plot_thickness_mismatch_branch_shapes_vs_eta.py,resolved
scripts/analysis/plot_thickness_mismatch_desc6_veering_mode_shapes.py,sys,,external
scripts/analysis/plot_thickness_mismatch_eta_p0p5_global_spectrum.py,__future__.annotations,,external
scripts/analysis/plot_thickness_mismatch_eta_p0p5_global_spectrum.py,csv,,external
scripts/analysis/plot_thickness_mismatch_eta_p0p5_global_spectrum.py,matplotlib,,external
scripts/analysis/plot_thickness_mismatch_eta_p0p5_global_spectrum.py,matplotlib.pyplot,,external
scripts/analysis/plot_thickness_mismatch_eta_p0p5_global_spectrum.py,my_project.analytic.formulas_thickness_mismatch.find_first_n_roots_eta,src/my_project/analytic/formulas_thickness_mismatch.py,resolved
scripts/analysis/plot_thickness_mismatch_eta_p0p5_global_spectrum.py,my_project.analytic.formulas_thickness_mismatch.thickness_to_length_ratios,src/my_project/analytic/formulas_thickness_mismatch.py,resolved
scripts/analysis/plot_thickness_mismatch_eta_p0p5_global_spectrum.py,my_project.analytic.formulas_thickness_mismatch.thin_rod_validity,src/my_project/analytic/formulas_thickness_mismatch.py,resolved
scripts/analysis/plot_thickness_mismatch_eta_p0p5_global_spectrum.py,numpy,,external
scripts/analysis/plot_thickness_mismatch_eta_p0p5_global_spectrum.py,pathlib.Path,,external
scripts/analysis/plot_thickness_mismatch_eta_p0p5_global_spectrum.py,scripts.lib.thickness_mismatch_mac_tracking.track_mu_branches_shape_mac,scripts/lib/thickness_mismatch_mac_tracking.py,resolved
scripts/analysis/plot_thickness_mismatch_eta_p0p5_global_spectrum.py,sys,,external
scripts/analysis/plot_thickness_mismatch_eta_p0p5_global_spectrum.py,typing.Sequence,,external
scripts/analysis/plot_thickness_mismatch_fem_comparison_eta_p0p5_beta15.py,__future__.annotations,,external
scripts/analysis/plot_thickness_mismatch_fem_comparison_eta_p0p5_beta15.py,dataclasses.dataclass,,external
scripts/analysis/plot_thickness_mismatch_fem_comparison_eta_p0p5_beta15.py,matplotlib,,external
scripts/analysis/plot_thickness_mismatch_fem_comparison_eta_p0p5_beta15.py,matplotlib.lines.Line2D,,external
scripts/analysis/plot_thickness_mismatch_fem_comparison_eta_p0p5_beta15.py,matplotlib.pyplot,,external
scripts/analysis/plot_thickness_mismatch_fem_comparison_eta_p0p5_beta15.py,my_project.analytic.formulas_thickness_mismatch.thickness_mismatch_factors,src/my_project/analytic/formulas_thickness_mismatch.py,resolved
scripts/analysis/plot_thickness_mismatch_fem_comparison_eta_p0p5_beta15.py,my_project.analytic.formulas_thickness_mismatch.thickness_to_length_ratios,src/my_project/analytic/formulas_thickness_mismatch.py,resolved
scripts/analysis/plot_thickness_mismatch_fem_comparison_eta_p0p5_beta15.py,my_project.fem.python_fem,src/my_project/fem/python_fem.py,resolved
scripts/analysis/plot_thickness_mismatch_fem_comparison_eta_p0p5_beta15.py,numpy,,external
scripts/analysis/plot_thickness_mismatch_fem_comparison_eta_p0p5_beta15.py,pathlib.Path,,external
scripts/analysis/plot_thickness_mismatch_fem_comparison_eta_p0p5_beta15.py,scipy.linalg.eigh,,external
scripts/analysis/plot_thickness_mismatch_fem_comparison_eta_p0p5_beta15.py,scripts.lib.thickness_mismatch_diagnostic_helpers.mu_grid,scripts/lib/thickness_mismatch_diagnostic_helpers.py,resolved
scripts/analysis/plot_thickness_mismatch_fem_comparison_eta_p0p5_beta15.py,scripts.lib.thickness_mismatch_diagnostic_helpers.plot_with_validity_split,scripts/lib/thickness_mismatch_diagnostic_helpers.py,resolved
scripts/analysis/plot_thickness_mismatch_fem_comparison_eta_p0p5_beta15.py,scripts.lib.thickness_mismatch_diagnostic_helpers.rods_label,scripts/lib/thickness_mismatch_diagnostic_helpers.py,resolved
scripts/analysis/plot_thickness_mismatch_fem_comparison_eta_p0p5_beta15.py,scripts.lib.thickness_mismatch_diagnostic_helpers.roots_by_mu_eta,scripts/lib/thickness_mismatch_diagnostic_helpers.py,resolved
scripts/analysis/plot_thickness_mismatch_fem_comparison_eta_p0p5_beta15.py,scripts.lib.thickness_mismatch_diagnostic_helpers.thickness_ratio_summary,scripts/lib/thickness_mismatch_diagnostic_helpers.py,resolved
scripts/analysis/plot_thickness_mismatch_fem_comparison_eta_p0p5_beta15.py,scripts.lib.thickness_mismatch_diagnostic_helpers.track_descendants_from_mu0,scripts/lib/thickness_mismatch_diagnostic_helpers.py,resolved
scripts/analysis/plot_thickness_mismatch_fem_comparison_eta_p0p5_beta15.py,scripts.lib.thickness_mismatch_diagnostic_helpers.tracking_warning_rows,scripts/lib/thickness_mismatch_diagnostic_helpers.py,resolved
scripts/analysis/plot_thickness_mismatch_fem_comparison_eta_p0p5_beta15.py,scripts.lib.thickness_mismatch_diagnostic_helpers.valid_mask,scripts/lib/thickness_mismatch_diagnostic_helpers.py,resolved
scripts/analysis/plot_thickness_mismatch_fem_comparison_eta_p0p5_beta15.py,sys,,external
scripts/analysis/plot_thickness_mismatch_fem_comparison_eta_p0p5_beta15.py,typing.Sequence,,external
scripts/analysis/solid_fem_coupled_equal_rods.py,__future__.annotations,,external
scripts/analysis/solid_fem_coupled_equal_rods.py,collections.defaultdict,,external
scripts/analysis/solid_fem_coupled_equal_rods.py,csv,,external
scripts/analysis/solid_fem_coupled_equal_rods.py,dataclasses.dataclass,,external
scripts/analysis/solid_fem_coupled_equal_rods.py,importlib.util,,external
scripts/analysis/solid_fem_coupled_equal_rods.py,math,,external
scripts/analysis/solid_fem_coupled_equal_rods.py,os,,external
scripts/analysis/solid_fem_coupled_equal_rods.py,pathlib.Path,,external
scripts/analysis/solid_fem_coupled_equal_rods.py,re,,external
scripts/analysis/solid_fem_coupled_equal_rods.py,shutil,,external
scripts/analysis/solid_fem_coupled_equal_rods.py,subprocess,,external
scripts/analysis/solid_fem_coupled_equal_rods.py,sys,,external
scripts/analysis/solid_fem_coupled_equal_rods.py,types.ModuleType,,external
scripts/analysis/solid_fem_coupled_equal_rods.py,typing.Sequence,,external
scripts/analysis/solid_fem_coupled_equal_rods_beta15.py,__future__.annotations,,external
scripts/analysis/solid_fem_coupled_equal_rods_beta15.py,collections.defaultdict,,external
scripts/analysis/solid_fem_coupled_equal_rods_beta15.py,csv,,external
scripts/analysis/solid_fem_coupled_equal_rods_beta15.py,dataclasses.dataclass,,external
scripts/analysis/solid_fem_coupled_equal_rods_beta15.py,importlib.util,,external
scripts/analysis/solid_fem_coupled_equal_rods_beta15.py,math,,external
scripts/analysis/solid_fem_coupled_equal_rods_beta15.py,os,,external
scripts/analysis/solid_fem_coupled_equal_rods_beta15.py,pathlib.Path,,external
scripts/analysis/solid_fem_coupled_equal_rods_beta15.py,re,,external
scripts/analysis/solid_fem_coupled_equal_rods_beta15.py,shutil,,external
scripts/analysis/solid_fem_coupled_equal_rods_beta15.py,subprocess,,external
scripts/analysis/solid_fem_coupled_equal_rods_beta15.py,sys,,external
scripts/analysis/solid_fem_coupled_equal_rods_beta15.py,types.ModuleType,,external
scripts/analysis/solid_fem_coupled_equal_rods_beta15.py,typing.Sequence,,external
scripts/analysis/solid_fem_coupled_equal_rods_point_joint.py,__future__.annotations,,external
scripts/analysis/solid_fem_coupled_equal_rods_point_joint.py,collections.defaultdict,,external
scripts/analysis/solid_fem_coupled_equal_rods_point_joint.py,csv,,external
scripts/analysis/solid_fem_coupled_equal_rods_point_joint.py,dataclasses.dataclass,,external
scripts/analysis/solid_fem_coupled_equal_rods_point_joint.py,importlib.util,,external
scripts/analysis/solid_fem_coupled_equal_rods_point_joint.py,math,,external
scripts/analysis/solid_fem_coupled_equal_rods_point_joint.py,numpy,,external
scripts/analysis/solid_fem_coupled_equal_rods_point_joint.py,os,,external
scripts/analysis/solid_fem_coupled_equal_rods_point_joint.py,pathlib.Path,,external
scripts/analysis/solid_fem_coupled_equal_rods_point_joint.py,re,,external
scripts/analysis/solid_fem_coupled_equal_rods_point_joint.py,scipy.optimize.linear_sum_assignment,,external
scripts/analysis/solid_fem_coupled_equal_rods_point_joint.py,shutil,,external
scripts/analysis/solid_fem_coupled_equal_rods_point_joint.py,subprocess,,external
scripts/analysis/solid_fem_coupled_equal_rods_point_joint.py,sys,,external
scripts/analysis/solid_fem_coupled_equal_rods_point_joint.py,types.ModuleType,,external
scripts/analysis/solid_fem_coupled_equal_rods_point_joint.py,typing.Sequence,,external
scripts/analysis/solid_fem_single_rod_fixed_fixed.py,__future__.annotations,,external
scripts/analysis/solid_fem_single_rod_fixed_fixed.py,collections.defaultdict,,external
scripts/analysis/solid_fem_single_rod_fixed_fixed.py,csv,,external
scripts/analysis/solid_fem_single_rod_fixed_fixed.py,dataclasses.dataclass,,external
scripts/analysis/solid_fem_single_rod_fixed_fixed.py,gmsh,,external
scripts/analysis/solid_fem_single_rod_fixed_fixed.py,importlib.util,,external
scripts/analysis/solid_fem_single_rod_fixed_fixed.py,math,,external
scripts/analysis/solid_fem_single_rod_fixed_fixed.py,os,,external
scripts/analysis/solid_fem_single_rod_fixed_fixed.py,pathlib.Path,,external
scripts/analysis/solid_fem_single_rod_fixed_fixed.py,re,,external
scripts/analysis/solid_fem_single_rod_fixed_fixed.py,shutil,,external
scripts/analysis/solid_fem_single_rod_fixed_fixed.py,subprocess,,external
scripts/analysis/solid_fem_single_rod_fixed_fixed.py,sys,,external
scripts/analysis/solid_fem_single_rod_fixed_fixed.py,types.ModuleType,,external
scripts/analysis/solid_fem_single_rod_fixed_fixed.py,typing.Sequence,,external
scripts/analysis/summarize_diagnostic_eta_mu_beta_global_trends.py,__future__.annotations,,external
scripts/analysis/summarize_diagnostic_eta_mu_beta_global_trends.py,collections.Counter,,external
scripts/analysis/summarize_diagnostic_eta_mu_beta_global_trends.py,collections.defaultdict,,external
scripts/analysis/summarize_diagnostic_eta_mu_beta_global_trends.py,csv,,external
scripts/analysis/summarize_diagnostic_eta_mu_beta_global_trends.py,matplotlib,,external
scripts/analysis/summarize_diagnostic_eta_mu_beta_global_trends.py,matplotlib.pyplot,,external
scripts/analysis/summarize_diagnostic_eta_mu_beta_global_trends.py,numpy,,external
scripts/analysis/summarize_diagnostic_eta_mu_beta_global_trends.py,pathlib.Path,,external
scripts/analysis/summarize_diagnostic_eta_mu_beta_global_trends.py,sys,,external
scripts/analysis/summarize_diagnostic_eta_mu_beta_global_trends.py,typing.Iterable,,external
scripts/analysis/summarize_diagnostic_eta_mu_beta_global_trends.py,typing.Mapping,,external
scripts/analysis/summarize_diagnostic_eta_mu_beta_global_trends.py,typing.Sequence,,external
scripts/analysis/thickness_mismatch/audits/analyze_universal_eb_validity_parameters_stage1.py,__future__.annotations,,external
scripts/analysis/thickness_mismatch/audits/analyze_universal_eb_validity_parameters_stage1.py,argparse,,external
scripts/analysis/thickness_mismatch/audits/analyze_universal_eb_validity_parameters_stage1.py,csv,,external
scripts/analysis/thickness_mismatch/audits/analyze_universal_eb_validity_parameters_stage1.py,dataclasses.dataclass,,external
scripts/analysis/thickness_mismatch/audits/analyze_universal_eb_validity_parameters_stage1.py,math.isfinite,,external
scripts/analysis/thickness_mismatch/audits/analyze_universal_eb_validity_parameters_stage1.py,matplotlib,,external
scripts/analysis/thickness_mismatch/audits/analyze_universal_eb_validity_parameters_stage1.py,matplotlib.pyplot,,external
scripts/analysis/thickness_mismatch/audits/analyze_universal_eb_validity_parameters_stage1.py,numpy,,external
scripts/analysis/thickness_mismatch/audits/analyze_universal_eb_validity_parameters_stage1.py,pathlib.Path,,external
scripts/analysis/thickness_mismatch/audits/analyze_universal_eb_validity_parameters_stage1.py,scipy.stats.pearsonr,,external
scripts/analysis/thickness_mismatch/audits/analyze_universal_eb_validity_parameters_stage1.py,scipy.stats.spearmanr,,external
scripts/analysis/thickness_mismatch/audits/analyze_universal_eb_validity_parameters_stage1.py,scripts.analysis.thickness_mismatch.audits.audit_eb_validity_vs_timoshenko_stage1,scripts/analysis/thickness_mismatch/audits/audit_eb_validity_vs_timoshenko_stage1.py,resolved
scripts/analysis/thickness_mismatch/audits/analyze_universal_eb_validity_parameters_stage1.py,scripts.analysis.thickness_mismatch.audits.audit_timoshenko_shape_construction,scripts/analysis/thickness_mismatch/audits/audit_timoshenko_shape_construction.py,resolved
scripts/analysis/thickness_mismatch/audits/analyze_universal_eb_validity_parameters_stage1.py,scripts.lib.variable_length_timoshenko,scripts/lib/variable_length_timoshenko.py,resolved
scripts/analysis/thickness_mismatch/audits/analyze_universal_eb_validity_parameters_stage1.py,sys,,external
scripts/analysis/thickness_mismatch/audits/analyze_universal_eb_validity_parameters_stage1.py,typing.Sequence,,external
scripts/analysis/thickness_mismatch/audits/audit_eb_epsilon_baseline_thresholds.py,__future__.annotations,,external
scripts/analysis/thickness_mismatch/audits/audit_eb_epsilon_baseline_thresholds.py,argparse,,external
scripts/analysis/thickness_mismatch/audits/audit_eb_epsilon_baseline_thresholds.py,collections.Counter,,external
scripts/analysis/thickness_mismatch/audits/audit_eb_epsilon_baseline_thresholds.py,collections.defaultdict,,external
scripts/analysis/thickness_mismatch/audits/audit_eb_epsilon_baseline_thresholds.py,csv,,external
scripts/analysis/thickness_mismatch/audits/audit_eb_epsilon_baseline_thresholds.py,dataclasses.dataclass,,external
scripts/analysis/thickness_mismatch/audits/audit_eb_epsilon_baseline_thresholds.py,dataclasses.field,,external
scripts/analysis/thickness_mismatch/audits/audit_eb_epsilon_baseline_thresholds.py,dataclasses.replace,,external
scripts/analysis/thickness_mismatch/audits/audit_eb_epsilon_baseline_thresholds.py,decimal.Decimal,,external
scripts/analysis/thickness_mismatch/audits/audit_eb_epsilon_baseline_thresholds.py,decimal.ROUND_FLOOR,,external
scripts/analysis/thickness_mismatch/audits/audit_eb_epsilon_baseline_thresholds.py,json,,external
scripts/analysis/thickness_mismatch/audits/audit_eb_epsilon_baseline_thresholds.py,math,,external
scripts/analysis/thickness_mismatch/audits/audit_eb_epsilon_baseline_thresholds.py,math.isfinite,,external
scripts/analysis/thickness_mismatch/audits/audit_eb_epsilon_baseline_thresholds.py,matplotlib,,external
scripts/analysis/thickness_mismatch/audits/audit_eb_epsilon_baseline_thresholds.py,matplotlib.pyplot,,external
scripts/analysis/thickness_mismatch/audits/audit_eb_epsilon_baseline_thresholds.py,numpy,,external
scripts/analysis/thickness_mismatch/audits/audit_eb_epsilon_baseline_thresholds.py,pathlib.Path,,external
scripts/analysis/thickness_mismatch/audits/audit_eb_epsilon_baseline_thresholds.py,scipy.optimize.minimize_scalar,,external
scripts/analysis/thickness_mismatch/audits/audit_eb_epsilon_baseline_thresholds.py,scripts.analysis.compare_single_rod_eb_timoshenko.fixed_fixed_eb_roots,scripts/analysis/compare_single_rod_eb_timoshenko.py,resolved
scripts/analysis/thickness_mismatch/audits/audit_eb_epsilon_baseline_thresholds.py,scripts.analysis.thickness_mismatch.audits.audit_eb_validity_fixed_epsilon_geometry_scan,scripts/analysis/thickness_mismatch/audits/audit_eb_validity_fixed_epsilon_geometry_scan.py,resolved
scripts/analysis/thickness_mismatch/audits/audit_eb_epsilon_baseline_thresholds.py,scripts.analysis.thickness_mismatch.maps.plot_eb_vs_timoshenko_lambda_beta_cases,scripts/analysis/thickness_mismatch/maps/plot_eb_vs_timoshenko_lambda_beta_cases.py,resolved
scripts/analysis/thickness_mismatch/audits/audit_eb_epsilon_baseline_thresholds.py,scripts.lib.straight_rod_factorized_spectrum,scripts/lib/straight_rod_factorized_spectrum.py,resolved
scripts/analysis/thickness_mismatch/audits/audit_eb_epsilon_baseline_thresholds.py,sys,,external
scripts/analysis/thickness_mismatch/audits/audit_eb_epsilon_baseline_thresholds.py,time,,external
scripts/analysis/thickness_mismatch/audits/audit_eb_epsilon_baseline_thresholds.py,typing.Callable,,external
scripts/analysis/thickness_mismatch/audits/audit_eb_epsilon_baseline_thresholds.py,typing.Mapping,,external
scripts/analysis/thickness_mismatch/audits/audit_eb_epsilon_baseline_thresholds.py,typing.Sequence,,external
scripts/analysis/thickness_mismatch/audits/audit_eb_epsilon_lower_envelope_step3a.py,__future__.annotations,,external
scripts/analysis/thickness_mismatch/audits/audit_eb_epsilon_lower_envelope_step3a.py,argparse,,external
scripts/analysis/thickness_mismatch/audits/audit_eb_epsilon_lower_envelope_step3a.py,collections.Counter,,external
scripts/analysis/thickness_mismatch/audits/audit_eb_epsilon_lower_envelope_step3a.py,collections.defaultdict,,external
scripts/analysis/thickness_mismatch/audits/audit_eb_epsilon_lower_envelope_step3a.py,csv,,external
scripts/analysis/thickness_mismatch/audits/audit_eb_epsilon_lower_envelope_step3a.py,dataclasses.asdict,,external
scripts/analysis/thickness_mismatch/audits/audit_eb_epsilon_lower_envelope_step3a.py,dataclasses.dataclass,,external
scripts/analysis/thickness_mismatch/audits/audit_eb_epsilon_lower_envelope_step3a.py,dataclasses.replace,,external
scripts/analysis/thickness_mismatch/audits/audit_eb_epsilon_lower_envelope_step3a.py,json,,external
scripts/analysis/thickness_mismatch/audits/audit_eb_epsilon_lower_envelope_step3a.py,math,,external
scripts/analysis/thickness_mismatch/audits/audit_eb_epsilon_lower_envelope_step3a.py,matplotlib,,external
scripts/analysis/thickness_mismatch/audits/audit_eb_epsilon_lower_envelope_step3a.py,matplotlib.pyplot,,external
scripts/analysis/thickness_mismatch/audits/audit_eb_epsilon_lower_envelope_step3a.py,numpy,,external
scripts/analysis/thickness_mismatch/audits/audit_eb_epsilon_lower_envelope_step3a.py,pathlib.Path,,external
scripts/analysis/thickness_mismatch/audits/audit_eb_epsilon_lower_envelope_step3a.py,scripts.lib.branch_informed_spectrum_continuation,scripts/lib/branch_informed_spectrum_continuation.py,resolved
scripts/analysis/thickness_mismatch/audits/audit_eb_epsilon_lower_envelope_step3a.py,scripts.lib.epsilon_lower_envelope_metrics,scripts/lib/epsilon_lower_envelope_metrics.py,resolved
scripts/analysis/thickness_mismatch/audits/audit_eb_epsilon_lower_envelope_step3a.py,scripts.lib.general_spectrum_completeness,scripts/lib/general_spectrum_completeness.py,resolved
scripts/analysis/thickness_mismatch/audits/audit_eb_epsilon_lower_envelope_step3a.py,scripts.lib.straight_rod_factorized_spectrum,scripts/lib/straight_rod_factorized_spectrum.py,resolved
scripts/analysis/thickness_mismatch/audits/audit_eb_epsilon_lower_envelope_step3a.py,sys,,external
scripts/analysis/thickness_mismatch/audits/audit_eb_epsilon_lower_envelope_step3a.py,time,,external
scripts/analysis/thickness_mismatch/audits/audit_eb_epsilon_lower_envelope_step3a.py,typing.Callable,,external
scripts/analysis/thickness_mismatch/audits/audit_eb_epsilon_lower_envelope_step3a.py,typing.Mapping,,external
scripts/analysis/thickness_mismatch/audits/audit_eb_epsilon_lower_envelope_step3a.py,typing.Sequence,,external
scripts/analysis/thickness_mismatch/audits/audit_eb_timo_branch_continuation_gateway.py,__future__.annotations,,external
scripts/analysis/thickness_mismatch/audits/audit_eb_timo_branch_continuation_gateway.py,argparse,,external
scripts/analysis/thickness_mismatch/audits/audit_eb_timo_branch_continuation_gateway.py,csv,,external
scripts/analysis/thickness_mismatch/audits/audit_eb_timo_branch_continuation_gateway.py,dataclasses.asdict,,external
scripts/analysis/thickness_mismatch/audits/audit_eb_timo_branch_continuation_gateway.py,dataclasses.dataclass,,external
scripts/analysis/thickness_mismatch/audits/audit_eb_timo_branch_continuation_gateway.py,json,,external
scripts/analysis/thickness_mismatch/audits/audit_eb_timo_branch_continuation_gateway.py,math,,external
scripts/analysis/thickness_mismatch/audits/audit_eb_timo_branch_continuation_gateway.py,numpy,,external
scripts/analysis/thickness_mismatch/audits/audit_eb_timo_branch_continuation_gateway.py,pathlib.Path,,external
scripts/analysis/thickness_mismatch/audits/audit_eb_timo_branch_continuation_gateway.py,scripts.analysis.thickness_mismatch.audits.run_eb_epsilon_apriori_pilot,scripts/analysis/thickness_mismatch/audits/run_eb_epsilon_apriori_pilot.py,resolved
scripts/analysis/thickness_mismatch/audits/audit_eb_timo_branch_continuation_gateway.py,scripts.analysis.thickness_mismatch.postprocess.analyze_eb_epsilon_apriori_pilot,scripts/analysis/thickness_mismatch/postprocess/analyze_eb_epsilon_apriori_pilot.py,resolved
scripts/analysis/thickness_mismatch/audits/audit_eb_timo_branch_continuation_gateway.py,scripts.lib.branch_informed_spectrum_continuation,scripts/lib/branch_informed_spectrum_continuation.py,resolved
scripts/analysis/thickness_mismatch/audits/audit_eb_timo_branch_continuation_gateway.py,scripts.lib.general_spectrum_completeness,scripts/lib/general_spectrum_completeness.py,resolved
scripts/analysis/thickness_mismatch/audits/audit_eb_timo_branch_continuation_gateway.py,sys,,external
scripts/analysis/thickness_mismatch/audits/audit_eb_timo_branch_continuation_gateway.py,time,,external
scripts/analysis/thickness_mismatch/audits/audit_eb_timo_branch_continuation_gateway.py,typing.Mapping,,external
scripts/analysis/thickness_mismatch/audits/audit_eb_timo_branch_continuation_gateway.py,typing.Sequence,,external
scripts/analysis/thickness_mismatch/audits/audit_eb_timo_general_spectrum_completeness.py,__future__.annotations,,external
scripts/analysis/thickness_mismatch/audits/audit_eb_timo_general_spectrum_completeness.py,argparse,,external
scripts/analysis/thickness_mismatch/audits/audit_eb_timo_general_spectrum_completeness.py,collections.Counter,,external
scripts/analysis/thickness_mismatch/audits/audit_eb_timo_general_spectrum_completeness.py,collections.defaultdict,,external
scripts/analysis/thickness_mismatch/audits/audit_eb_timo_general_spectrum_completeness.py,csv,,external
scripts/analysis/thickness_mismatch/audits/audit_eb_timo_general_spectrum_completeness.py,dataclasses.asdict,,external
scripts/analysis/thickness_mismatch/audits/audit_eb_timo_general_spectrum_completeness.py,dataclasses.dataclass,,external
scripts/analysis/thickness_mismatch/audits/audit_eb_timo_general_spectrum_completeness.py,json,,external
scripts/analysis/thickness_mismatch/audits/audit_eb_timo_general_spectrum_completeness.py,math,,external
scripts/analysis/thickness_mismatch/audits/audit_eb_timo_general_spectrum_completeness.py,numpy,,external
scripts/analysis/thickness_mismatch/audits/audit_eb_timo_general_spectrum_completeness.py,pathlib.Path,,external
scripts/analysis/thickness_mismatch/audits/audit_eb_timo_general_spectrum_completeness.py,scripts.analysis.thickness_mismatch.audits.run_eb_epsilon_apriori_pilot,scripts/analysis/thickness_mismatch/audits/run_eb_epsilon_apriori_pilot.py,resolved
scripts/analysis/thickness_mismatch/audits/audit_eb_timo_general_spectrum_completeness.py,scripts.analysis.thickness_mismatch.maps.plot_eb_vs_timoshenko_lambda_beta_cases,scripts/analysis/thickness_mismatch/maps/plot_eb_vs_timoshenko_lambda_beta_cases.py,resolved
scripts/analysis/thickness_mismatch/audits/audit_eb_timo_general_spectrum_completeness.py,scripts.analysis.thickness_mismatch.postprocess.analyze_eb_epsilon_apriori_pilot,scripts/analysis/thickness_mismatch/postprocess/analyze_eb_epsilon_apriori_pilot.py,resolved
scripts/analysis/thickness_mismatch/audits/audit_eb_timo_general_spectrum_completeness.py,scripts.lib.general_spectrum_completeness,scripts/lib/general_spectrum_completeness.py,resolved
scripts/analysis/thickness_mismatch/audits/audit_eb_timo_general_spectrum_completeness.py,sys,,external
scripts/analysis/thickness_mismatch/audits/audit_eb_timo_general_spectrum_completeness.py,time,,external
scripts/analysis/thickness_mismatch/audits/audit_eb_timo_general_spectrum_completeness.py,typing.Mapping,,external
scripts/analysis/thickness_mismatch/audits/audit_eb_timo_general_spectrum_completeness.py,typing.Sequence,,external
scripts/analysis/thickness_mismatch/audits/audit_eb_validity_fixed_epsilon_geometry_scan.py,__future__.annotations,,external
scripts/analysis/thickness_mismatch/audits/audit_eb_validity_fixed_epsilon_geometry_scan.py,argparse,,external
scripts/analysis/thickness_mismatch/audits/audit_eb_validity_fixed_epsilon_geometry_scan.py,csv,,external
scripts/analysis/thickness_mismatch/audits/audit_eb_validity_fixed_epsilon_geometry_scan.py,dataclasses.dataclass,,external
scripts/analysis/thickness_mismatch/audits/audit_eb_validity_fixed_epsilon_geometry_scan.py,datetime.datetime,,external
scripts/analysis/thickness_mismatch/audits/audit_eb_validity_fixed_epsilon_geometry_scan.py,hashlib,,external
scripts/analysis/thickness_mismatch/audits/audit_eb_validity_fixed_epsilon_geometry_scan.py,json,,external
scripts/analysis/thickness_mismatch/audits/audit_eb_validity_fixed_epsilon_geometry_scan.py,math,,external
scripts/analysis/thickness_mismatch/audits/audit_eb_validity_fixed_epsilon_geometry_scan.py,math.isfinite,,external
scripts/analysis/thickness_mismatch/audits/audit_eb_validity_fixed_epsilon_geometry_scan.py,matplotlib,,external
scripts/analysis/thickness_mismatch/audits/audit_eb_validity_fixed_epsilon_geometry_scan.py,matplotlib.pyplot,,external
scripts/analysis/thickness_mismatch/audits/audit_eb_validity_fixed_epsilon_geometry_scan.py,my_project.analytic.formulas_thickness_mismatch.assemble_clamped_coupled_matrix_eta,src/my_project/analytic/formulas_thickness_mismatch.py,resolved
scripts/analysis/thickness_mismatch/audits/audit_eb_validity_fixed_epsilon_geometry_scan.py,my_project.analytic.formulas_thickness_mismatch.thickness_mismatch_factors,src/my_project/analytic/formulas_thickness_mismatch.py,resolved
scripts/analysis/thickness_mismatch/audits/audit_eb_validity_fixed_epsilon_geometry_scan.py,numpy,,external
scripts/analysis/thickness_mismatch/audits/audit_eb_validity_fixed_epsilon_geometry_scan.py,pathlib.Path,,external
scripts/analysis/thickness_mismatch/audits/audit_eb_validity_fixed_epsilon_geometry_scan.py,scipy.optimize.brentq,,external
scripts/analysis/thickness_mismatch/audits/audit_eb_validity_fixed_epsilon_geometry_scan.py,scipy.optimize.linear_sum_assignment,,external
scripts/analysis/thickness_mismatch/audits/audit_eb_validity_fixed_epsilon_geometry_scan.py,scipy.optimize.minimize_scalar,,external
scripts/analysis/thickness_mismatch/audits/audit_eb_validity_fixed_epsilon_geometry_scan.py,scripts.analysis.thickness_mismatch.audits.audit_timoshenko_shape_construction,scripts/analysis/thickness_mismatch/audits/audit_timoshenko_shape_construction.py,resolved
scripts/analysis/thickness_mismatch/audits/audit_eb_validity_fixed_epsilon_geometry_scan.py,scripts.analysis.thickness_mismatch.maps.plot_eb_vs_timoshenko_lambda_beta_cases,scripts/analysis/thickness_mismatch/maps/plot_eb_vs_timoshenko_lambda_beta_cases.py,resolved
scripts/analysis/thickness_mismatch/audits/audit_eb_validity_fixed_epsilon_geometry_scan.py,scripts.lib.analytic_coupled_rods_shapes.analytic_null_vector,scripts/lib/analytic_coupled_rods_shapes.py,resolved
scripts/analysis/thickness_mismatch/audits/audit_eb_validity_fixed_epsilon_geometry_scan.py,scripts.lib.variable_length_timoshenko,scripts/lib/variable_length_timoshenko.py,resolved
scripts/analysis/thickness_mismatch/audits/audit_eb_validity_fixed_epsilon_geometry_scan.py,sys,,external
scripts/analysis/thickness_mismatch/audits/audit_eb_validity_fixed_epsilon_geometry_scan.py,time,,external
scripts/analysis/thickness_mismatch/audits/audit_eb_validity_fixed_epsilon_geometry_scan.py,typing.Sequence,,external
scripts/analysis/thickness_mismatch/audits/audit_eb_validity_vs_timoshenko_stage1.py,__future__.annotations,,external
scripts/analysis/thickness_mismatch/audits/audit_eb_validity_vs_timoshenko_stage1.py,argparse,,external
scripts/analysis/thickness_mismatch/audits/audit_eb_validity_vs_timoshenko_stage1.py,csv,,external
scripts/analysis/thickness_mismatch/audits/audit_eb_validity_vs_timoshenko_stage1.py,dataclasses.dataclass,,external
scripts/analysis/thickness_mismatch/audits/audit_eb_validity_vs_timoshenko_stage1.py,dataclasses.replace,,external
scripts/analysis/thickness_mismatch/audits/audit_eb_validity_vs_timoshenko_stage1.py,datetime.datetime,,external
scripts/analysis/thickness_mismatch/audits/audit_eb_validity_vs_timoshenko_stage1.py,hashlib,,external
scripts/analysis/thickness_mismatch/audits/audit_eb_validity_vs_timoshenko_stage1.py,json,,external
scripts/analysis/thickness_mismatch/audits/audit_eb_validity_vs_timoshenko_stage1.py,math.isfinite,,external
scripts/analysis/thickness_mismatch/audits/audit_eb_validity_vs_timoshenko_stage1.py,matplotlib,,external
scripts/analysis/thickness_mismatch/audits/audit_eb_validity_vs_timoshenko_stage1.py,matplotlib.pyplot,,external
scripts/analysis/thickness_mismatch/audits/audit_eb_validity_vs_timoshenko_stage1.py,my_project.analytic.formulas_thickness_mismatch.thickness_mismatch_factors,src/my_project/analytic/formulas_thickness_mismatch.py,resolved
scripts/analysis/thickness_mismatch/audits/audit_eb_validity_vs_timoshenko_stage1.py,numpy,,external
scripts/analysis/thickness_mismatch/audits/audit_eb_validity_vs_timoshenko_stage1.py,pathlib.Path,,external
scripts/analysis/thickness_mismatch/audits/audit_eb_validity_vs_timoshenko_stage1.py,scipy.optimize.linear_sum_assignment,,external
scripts/analysis/thickness_mismatch/audits/audit_eb_validity_vs_timoshenko_stage1.py,scripts.analysis.thickness_mismatch.audits.audit_timoshenko_shape_construction,scripts/analysis/thickness_mismatch/audits/audit_timoshenko_shape_construction.py,resolved
scripts/analysis/thickness_mismatch/audits/audit_eb_validity_vs_timoshenko_stage1.py,scripts.analysis.thickness_mismatch.maps.plot_eb_vs_timoshenko_lambda_beta_cases,scripts/analysis/thickness_mismatch/maps/plot_eb_vs_timoshenko_lambda_beta_cases.py,resolved
scripts/analysis/thickness_mismatch/audits/audit_eb_validity_vs_timoshenko_stage1.py,scripts.lib.in_plane_shape_geometry,scripts/lib/in_plane_shape_geometry.py,resolved
scripts/analysis/thickness_mismatch/audits/audit_eb_validity_vs_timoshenko_stage1.py,scripts.lib.variable_length_timoshenko,scripts/lib/variable_length_timoshenko.py,resolved
scripts/analysis/thickness_mismatch/audits/audit_eb_validity_vs_timoshenko_stage1.py,sys,,external
scripts/analysis/thickness_mismatch/audits/audit_eb_validity_vs_timoshenko_stage1.py,time,,external
scripts/analysis/thickness_mismatch/audits/audit_eb_validity_vs_timoshenko_stage1.py,typing.Callable,,external
scripts/analysis/thickness_mismatch/audits/audit_eb_validity_vs_timoshenko_stage1.py,typing.Sequence,,external
scripts/analysis/thickness_mismatch/audits/audit_full_spectrum_3d_fem_smoke_extraction.py,__future__.annotations,,external
scripts/analysis/thickness_mismatch/audits/audit_full_spectrum_3d_fem_smoke_extraction.py,argparse,,external
scripts/analysis/thickness_mismatch/audits/audit_full_spectrum_3d_fem_smoke_extraction.py,csv,,external
scripts/analysis/thickness_mismatch/audits/audit_full_spectrum_3d_fem_smoke_extraction.py,importlib.util,,external
scripts/analysis/thickness_mismatch/audits/audit_full_spectrum_3d_fem_smoke_extraction.py,math,,external
scripts/analysis/thickness_mismatch/audits/audit_full_spectrum_3d_fem_smoke_extraction.py,pathlib.Path,,external
scripts/analysis/thickness_mismatch/audits/audit_full_spectrum_3d_fem_smoke_extraction.py,re,,external
scripts/analysis/thickness_mismatch/audits/audit_full_spectrum_3d_fem_smoke_extraction.py,sys,,external
scripts/analysis/thickness_mismatch/audits/audit_full_spectrum_3d_fem_smoke_extraction.py,types.ModuleType,,external
scripts/analysis/thickness_mismatch/audits/audit_full_spectrum_3d_fem_smoke_extraction.py,typing.Sequence,,external
scripts/analysis/thickness_mismatch/audits/audit_longitudinal_suspect_modes_eb_timo.py,__future__.annotations,,external
scripts/analysis/thickness_mismatch/audits/audit_longitudinal_suspect_modes_eb_timo.py,argparse,,external
scripts/analysis/thickness_mismatch/audits/audit_longitudinal_suspect_modes_eb_timo.py,csv,,external
scripts/analysis/thickness_mismatch/audits/audit_longitudinal_suspect_modes_eb_timo.py,dataclasses.dataclass,,external
scripts/analysis/thickness_mismatch/audits/audit_longitudinal_suspect_modes_eb_timo.py,math.isfinite,,external
scripts/analysis/thickness_mismatch/audits/audit_longitudinal_suspect_modes_eb_timo.py,matplotlib,,external
scripts/analysis/thickness_mismatch/audits/audit_longitudinal_suspect_modes_eb_timo.py,matplotlib.pyplot,,external
scripts/analysis/thickness_mismatch/audits/audit_longitudinal_suspect_modes_eb_timo.py,my_project.analytic.formulas_thickness_mismatch.assemble_clamped_coupled_matrix_eta,src/my_project/analytic/formulas_thickness_mismatch.py,resolved
scripts/analysis/thickness_mismatch/audits/audit_longitudinal_suspect_modes_eb_timo.py,numpy,,external
scripts/analysis/thickness_mismatch/audits/audit_longitudinal_suspect_modes_eb_timo.py,pathlib.Path,,external
scripts/analysis/thickness_mismatch/audits/audit_longitudinal_suspect_modes_eb_timo.py,scripts.analysis.thickness_mismatch.maps.plot_eb_vs_timoshenko_lambda_beta_cases,scripts/analysis/thickness_mismatch/maps/plot_eb_vs_timoshenko_lambda_beta_cases.py,resolved
scripts/analysis/thickness_mismatch/audits/audit_longitudinal_suspect_modes_eb_timo.py,scripts.lib.analytic_coupled_rods_shapes.analytic_null_vector,scripts/lib/analytic_coupled_rods_shapes.py,resolved
scripts/analysis/thickness_mismatch/audits/audit_longitudinal_suspect_modes_eb_timo.py,scripts.lib.in_plane_shape_geometry,scripts/lib/in_plane_shape_geometry.py,resolved
scripts/analysis/thickness_mismatch/audits/audit_longitudinal_suspect_modes_eb_timo.py,scripts.lib.variable_length_timoshenko,scripts/lib/variable_length_timoshenko.py,resolved
scripts/analysis/thickness_mismatch/audits/audit_longitudinal_suspect_modes_eb_timo.py,shutil,,external
scripts/analysis/thickness_mismatch/audits/audit_longitudinal_suspect_modes_eb_timo.py,subprocess,,external
scripts/analysis/thickness_mismatch/audits/audit_longitudinal_suspect_modes_eb_timo.py,sys,,external
scripts/analysis/thickness_mismatch/audits/audit_longitudinal_suspect_modes_eb_timo.py,typing.Sequence,,external
scripts/analysis/thickness_mismatch/audits/audit_single_rod_reference_curves.py,__future__.annotations,,external
scripts/analysis/thickness_mismatch/audits/audit_single_rod_reference_curves.py,csv,,external
scripts/analysis/thickness_mismatch/audits/audit_single_rod_reference_curves.py,dataclasses.dataclass,,external
scripts/analysis/thickness_mismatch/audits/audit_single_rod_reference_curves.py,math.isfinite,,external
scripts/analysis/thickness_mismatch/audits/audit_single_rod_reference_curves.py,my_project.analytic.FreqMuNet.roots_clamped_supported,src/my_project/analytic/FreqMuNet.py,resolved
scripts/analysis/thickness_mismatch/audits/audit_single_rod_reference_curves.py,my_project.analytic.formulas_thickness_mismatch.thickness_mismatch_factors,src/my_project/analytic/formulas_thickness_mismatch.py,resolved
scripts/analysis/thickness_mismatch/audits/audit_single_rod_reference_curves.py,my_project.analytic.solvers.fixed_fixed_lambdas,src/my_project/analytic/solvers.py,resolved
scripts/analysis/thickness_mismatch/audits/audit_single_rod_reference_curves.py,numpy,,external
scripts/analysis/thickness_mismatch/audits/audit_single_rod_reference_curves.py,pathlib.Path,,external
scripts/analysis/thickness_mismatch/audits/audit_single_rod_reference_curves.py,sys,,external
scripts/analysis/thickness_mismatch/audits/audit_single_rod_reference_curves.py,typing.Iterable,,external
scripts/analysis/thickness_mismatch/audits/audit_single_rod_reference_curves.py,typing.Sequence,,external
scripts/analysis/thickness_mismatch/audits/audit_timoshenko_modes456_visualization.py,__future__.annotations,,external
scripts/analysis/thickness_mismatch/audits/audit_timoshenko_modes456_visualization.py,argparse,,external
scripts/analysis/thickness_mismatch/audits/audit_timoshenko_modes456_visualization.py,dataclasses.dataclass,,external
scripts/analysis/thickness_mismatch/audits/audit_timoshenko_modes456_visualization.py,math.isfinite,,external
scripts/analysis/thickness_mismatch/audits/audit_timoshenko_modes456_visualization.py,matplotlib,,external
scripts/analysis/thickness_mismatch/audits/audit_timoshenko_modes456_visualization.py,matplotlib.lines.Line2D,,external
scripts/analysis/thickness_mismatch/audits/audit_timoshenko_modes456_visualization.py,matplotlib.pyplot,,external
scripts/analysis/thickness_mismatch/audits/audit_timoshenko_modes456_visualization.py,numpy,,external
scripts/analysis/thickness_mismatch/audits/audit_timoshenko_modes456_visualization.py,pathlib.Path,,external
scripts/analysis/thickness_mismatch/audits/audit_timoshenko_modes456_visualization.py,scripts.analysis.thickness_mismatch.audits.audit_timoshenko_shape_construction,scripts/analysis/thickness_mismatch/audits/audit_timoshenko_shape_construction.py,resolved
scripts/analysis/thickness_mismatch/audits/audit_timoshenko_modes456_visualization.py,scripts.lib.in_plane_shape_geometry,scripts/lib/in_plane_shape_geometry.py,resolved
scripts/analysis/thickness_mismatch/audits/audit_timoshenko_modes456_visualization.py,sys,,external
scripts/analysis/thickness_mismatch/audits/audit_timoshenko_modes456_visualization.py,typing.Sequence,,external
scripts/analysis/thickness_mismatch/audits/audit_timoshenko_modes_4_6_shape_diagnostics.py,__future__.annotations,,external
scripts/analysis/thickness_mismatch/audits/audit_timoshenko_modes_4_6_shape_diagnostics.py,argparse,,external
scripts/analysis/thickness_mismatch/audits/audit_timoshenko_modes_4_6_shape_diagnostics.py,dataclasses.dataclass,,external
scripts/analysis/thickness_mismatch/audits/audit_timoshenko_modes_4_6_shape_diagnostics.py,math.isfinite,,external
scripts/analysis/thickness_mismatch/audits/audit_timoshenko_modes_4_6_shape_diagnostics.py,matplotlib,,external
scripts/analysis/thickness_mismatch/audits/audit_timoshenko_modes_4_6_shape_diagnostics.py,matplotlib.lines.Line2D,,external
scripts/analysis/thickness_mismatch/audits/audit_timoshenko_modes_4_6_shape_diagnostics.py,matplotlib.pyplot,,external
scripts/analysis/thickness_mismatch/audits/audit_timoshenko_modes_4_6_shape_diagnostics.py,numpy,,external
scripts/analysis/thickness_mismatch/audits/audit_timoshenko_modes_4_6_shape_diagnostics.py,pathlib.Path,,external
scripts/analysis/thickness_mismatch/audits/audit_timoshenko_modes_4_6_shape_diagnostics.py,scripts.analysis.thickness_mismatch.audits.audit_timoshenko_shape_construction,scripts/analysis/thickness_mismatch/audits/audit_timoshenko_shape_construction.py,resolved
scripts/analysis/thickness_mismatch/audits/audit_timoshenko_modes_4_6_shape_diagnostics.py,scripts.lib.in_plane_shape_geometry,scripts/lib/in_plane_shape_geometry.py,resolved
scripts/analysis/thickness_mismatch/audits/audit_timoshenko_modes_4_6_shape_diagnostics.py,sys,,external
scripts/analysis/thickness_mismatch/audits/audit_timoshenko_modes_4_6_shape_diagnostics.py,typing.Sequence,,external
scripts/analysis/thickness_mismatch/audits/audit_timoshenko_shape_bug_thin_limit.py,__future__.annotations,,external
scripts/analysis/thickness_mismatch/audits/audit_timoshenko_shape_bug_thin_limit.py,argparse,,external
scripts/analysis/thickness_mismatch/audits/audit_timoshenko_shape_bug_thin_limit.py,dataclasses.dataclass,,external
scripts/analysis/thickness_mismatch/audits/audit_timoshenko_shape_bug_thin_limit.py,inspect,,external
scripts/analysis/thickness_mismatch/audits/audit_timoshenko_shape_bug_thin_limit.py,math.isfinite,,external
scripts/analysis/thickness_mismatch/audits/audit_timoshenko_shape_bug_thin_limit.py,matplotlib,,external
scripts/analysis/thickness_mismatch/audits/audit_timoshenko_shape_bug_thin_limit.py,matplotlib.pyplot,,external
scripts/analysis/thickness_mismatch/audits/audit_timoshenko_shape_bug_thin_limit.py,numpy,,external
scripts/analysis/thickness_mismatch/audits/audit_timoshenko_shape_bug_thin_limit.py,pathlib.Path,,external
scripts/analysis/thickness_mismatch/audits/audit_timoshenko_shape_bug_thin_limit.py,scripts.analysis.thickness_mismatch.audits.audit_timoshenko_shape_construction,scripts/analysis/thickness_mismatch/audits/audit_timoshenko_shape_construction.py,resolved
scripts/analysis/thickness_mismatch/audits/audit_timoshenko_shape_bug_thin_limit.py,scripts.lib.in_plane_shape_geometry,scripts/lib/in_plane_shape_geometry.py,resolved
scripts/analysis/thickness_mismatch/audits/audit_timoshenko_shape_bug_thin_limit.py,sys,,external
scripts/analysis/thickness_mismatch/audits/audit_timoshenko_shape_bug_thin_limit.py,typing.Sequence,,external
scripts/analysis/thickness_mismatch/audits/audit_timoshenko_shape_construction.py,__future__.annotations,,external
scripts/analysis/thickness_mismatch/audits/audit_timoshenko_shape_construction.py,argparse,,external
scripts/analysis/thickness_mismatch/audits/audit_timoshenko_shape_construction.py,csv,,external
scripts/analysis/thickness_mismatch/audits/audit_timoshenko_shape_construction.py,dataclasses.dataclass,,external
scripts/analysis/thickness_mismatch/audits/audit_timoshenko_shape_construction.py,math.isfinite,,external
scripts/analysis/thickness_mismatch/audits/audit_timoshenko_shape_construction.py,matplotlib,,external
scripts/analysis/thickness_mismatch/audits/audit_timoshenko_shape_construction.py,matplotlib.lines.Line2D,,external
scripts/analysis/thickness_mismatch/audits/audit_timoshenko_shape_construction.py,matplotlib.pyplot,,external
scripts/analysis/thickness_mismatch/audits/audit_timoshenko_shape_construction.py,my_project.analytic.formulas_thickness_mismatch.assemble_clamped_coupled_matrix_eta,src/my_project/analytic/formulas_thickness_mismatch.py,resolved
scripts/analysis/thickness_mismatch/audits/audit_timoshenko_shape_construction.py,numpy,,external
scripts/analysis/thickness_mismatch/audits/audit_timoshenko_shape_construction.py,pathlib.Path,,external
scripts/analysis/thickness_mismatch/audits/audit_timoshenko_shape_construction.py,scripts.analysis.thickness_mismatch.maps.plot_eb_vs_timoshenko_lambda_beta_cases,scripts/analysis/thickness_mismatch/maps/plot_eb_vs_timoshenko_lambda_beta_cases.py,resolved
scripts/analysis/thickness_mismatch/audits/audit_timoshenko_shape_construction.py,scripts.lib.analytic_coupled_rods_shapes.analytic_null_vector,scripts/lib/analytic_coupled_rods_shapes.py,resolved
scripts/analysis/thickness_mismatch/audits/audit_timoshenko_shape_construction.py,scripts.lib.in_plane_shape_geometry,scripts/lib/in_plane_shape_geometry.py,resolved
scripts/analysis/thickness_mismatch/audits/audit_timoshenko_shape_construction.py,scripts.lib.variable_length_timoshenko,scripts/lib/variable_length_timoshenko.py,resolved
scripts/analysis/thickness_mismatch/audits/audit_timoshenko_shape_construction.py,sys,,external
scripts/analysis/thickness_mismatch/audits/audit_timoshenko_shape_construction.py,typing.Sequence,,external
scripts/analysis/thickness_mismatch/audits/check_3d_fem_environment.py,__future__.annotations,,external
scripts/analysis/thickness_mismatch/audits/check_3d_fem_environment.py,argparse,,external
scripts/analysis/thickness_mismatch/audits/check_3d_fem_environment.py,csv,,external
scripts/analysis/thickness_mismatch/audits/check_3d_fem_environment.py,importlib.util,,external
scripts/analysis/thickness_mismatch/audits/check_3d_fem_environment.py,math,,external
scripts/analysis/thickness_mismatch/audits/check_3d_fem_environment.py,os,,external
scripts/analysis/thickness_mismatch/audits/check_3d_fem_environment.py,pathlib.Path,,external
scripts/analysis/thickness_mismatch/audits/check_3d_fem_environment.py,shutil,,external
scripts/analysis/thickness_mismatch/audits/check_3d_fem_environment.py,subprocess,,external
scripts/analysis/thickness_mismatch/audits/check_3d_fem_environment.py,sys,,external
scripts/analysis/thickness_mismatch/audits/check_3d_fem_environment.py,types.ModuleType,,external
scripts/analysis/thickness_mismatch/audits/check_3d_fem_environment.py,typing.Sequence,,external
scripts/analysis/thickness_mismatch/audits/compare_beta90_in_plane_first6_to_single_rod_refs.py,__future__.annotations,,external
scripts/analysis/thickness_mismatch/audits/compare_beta90_in_plane_first6_to_single_rod_refs.py,argparse,,external
scripts/analysis/thickness_mismatch/audits/compare_beta90_in_plane_first6_to_single_rod_refs.py,csv,,external
scripts/analysis/thickness_mismatch/audits/compare_beta90_in_plane_first6_to_single_rod_refs.py,dataclasses.dataclass,,external
scripts/analysis/thickness_mismatch/audits/compare_beta90_in_plane_first6_to_single_rod_refs.py,math.isfinite,,external
scripts/analysis/thickness_mismatch/audits/compare_beta90_in_plane_first6_to_single_rod_refs.py,matplotlib,,external
scripts/analysis/thickness_mismatch/audits/compare_beta90_in_plane_first6_to_single_rod_refs.py,matplotlib.pyplot,,external
scripts/analysis/thickness_mismatch/audits/compare_beta90_in_plane_first6_to_single_rod_refs.py,my_project.analytic.FreqMuNet.roots_clamped_supported,src/my_project/analytic/FreqMuNet.py,resolved
scripts/analysis/thickness_mismatch/audits/compare_beta90_in_plane_first6_to_single_rod_refs.py,my_project.analytic.formulas_thickness_mismatch.find_first_n_roots_eta,src/my_project/analytic/formulas_thickness_mismatch.py,resolved
scripts/analysis/thickness_mismatch/audits/compare_beta90_in_plane_first6_to_single_rod_refs.py,my_project.analytic.formulas_thickness_mismatch.thickness_mismatch_factors,src/my_project/analytic/formulas_thickness_mismatch.py,resolved
scripts/analysis/thickness_mismatch/audits/compare_beta90_in_plane_first6_to_single_rod_refs.py,my_project.analytic.solvers.fixed_fixed_lambdas,src/my_project/analytic/solvers.py,resolved
scripts/analysis/thickness_mismatch/audits/compare_beta90_in_plane_first6_to_single_rod_refs.py,numpy,,external
scripts/analysis/thickness_mismatch/audits/compare_beta90_in_plane_first6_to_single_rod_refs.py,pathlib.Path,,external
scripts/analysis/thickness_mismatch/audits/compare_beta90_in_plane_first6_to_single_rod_refs.py,sys,,external
scripts/analysis/thickness_mismatch/audits/compare_beta90_in_plane_first6_to_single_rod_refs.py,typing.Sequence,,external
scripts/analysis/thickness_mismatch/audits/compare_full_spectrum_analytic_vs_3d_fem.py,__future__.annotations,,external
scripts/analysis/thickness_mismatch/audits/compare_full_spectrum_analytic_vs_3d_fem.py,argparse,,external
scripts/analysis/thickness_mismatch/audits/compare_full_spectrum_analytic_vs_3d_fem.py,csv,,external
scripts/analysis/thickness_mismatch/audits/compare_full_spectrum_analytic_vs_3d_fem.py,dataclasses.dataclass,,external
scripts/analysis/thickness_mismatch/audits/compare_full_spectrum_analytic_vs_3d_fem.py,math.isfinite,,external
scripts/analysis/thickness_mismatch/audits/compare_full_spectrum_analytic_vs_3d_fem.py,my_project.analytic.formulas_thickness_mismatch.find_first_n_roots_eta,src/my_project/analytic/formulas_thickness_mismatch.py,resolved
scripts/analysis/thickness_mismatch/audits/compare_full_spectrum_analytic_vs_3d_fem.py,my_project.analytic.solvers_out_of_plane.find_first_n_roots_out_of_plane_with_warnings,src/my_project/analytic/solvers_out_of_plane.py,resolved
scripts/analysis/thickness_mismatch/audits/compare_full_spectrum_analytic_vs_3d_fem.py,numpy,,external
scripts/analysis/thickness_mismatch/audits/compare_full_spectrum_analytic_vs_3d_fem.py,pathlib.Path,,external
scripts/analysis/thickness_mismatch/audits/compare_full_spectrum_analytic_vs_3d_fem.py,sys,,external
scripts/analysis/thickness_mismatch/audits/compare_full_spectrum_analytic_vs_3d_fem.py,typing.Sequence,,external
scripts/analysis/thickness_mismatch/audits/compare_out_of_plane_analytic_vs_1d_fem.py,__future__.annotations,,external
scripts/analysis/thickness_mismatch/audits/compare_out_of_plane_analytic_vs_1d_fem.py,csv,,external
scripts/analysis/thickness_mismatch/audits/compare_out_of_plane_analytic_vs_1d_fem.py,dataclasses.dataclass,,external
scripts/analysis/thickness_mismatch/audits/compare_out_of_plane_analytic_vs_1d_fem.py,math.isfinite,,external
scripts/analysis/thickness_mismatch/audits/compare_out_of_plane_analytic_vs_1d_fem.py,my_project.analytic.formulas_out_of_plane.fixed_fixed_bending_roots_total_length_two,src/my_project/analytic/formulas_out_of_plane.py,resolved
scripts/analysis/thickness_mismatch/audits/compare_out_of_plane_analytic_vs_1d_fem.py,my_project.analytic.formulas_out_of_plane.torsion_roots_uniform_eta0_beta0,src/my_project/analytic/formulas_out_of_plane.py,resolved
scripts/analysis/thickness_mismatch/audits/compare_out_of_plane_analytic_vs_1d_fem.py,my_project.analytic.out_of_plane_fem_1d.assemble_out_of_plane_fem_1d_matrices,src/my_project/analytic/out_of_plane_fem_1d.py,resolved
scripts/analysis/thickness_mismatch/audits/compare_out_of_plane_analytic_vs_1d_fem.py,my_project.analytic.out_of_plane_fem_1d.first_beta0_eta0_torsion_fem_root,src/my_project/analytic/out_of_plane_fem_1d.py,resolved
scripts/analysis/thickness_mismatch/audits/compare_out_of_plane_analytic_vs_1d_fem.py,my_project.analytic.out_of_plane_fem_1d.out_of_plane_fem_1d_matrix_warnings,src/my_project/analytic/out_of_plane_fem_1d.py,resolved
scripts/analysis/thickness_mismatch/audits/compare_out_of_plane_analytic_vs_1d_fem.py,my_project.analytic.out_of_plane_fem_1d.solve_out_of_plane_fem_1d_modes,src/my_project/analytic/out_of_plane_fem_1d.py,resolved
scripts/analysis/thickness_mismatch/audits/compare_out_of_plane_analytic_vs_1d_fem.py,my_project.analytic.solvers_out_of_plane.find_first_n_roots_out_of_plane_with_warnings,src/my_project/analytic/solvers_out_of_plane.py,resolved
scripts/analysis/thickness_mismatch/audits/compare_out_of_plane_analytic_vs_1d_fem.py,numpy,,external
scripts/analysis/thickness_mismatch/audits/compare_out_of_plane_analytic_vs_1d_fem.py,pathlib.Path,,external
scripts/analysis/thickness_mismatch/audits/compare_out_of_plane_analytic_vs_1d_fem.py,sys,,external
scripts/analysis/thickness_mismatch/audits/run_coupled_mu0p3_eta0_beta15_3d_smoke.py,__future__.annotations,,external
scripts/analysis/thickness_mismatch/audits/run_coupled_mu0p3_eta0_beta15_3d_smoke.py,argparse,,external
scripts/analysis/thickness_mismatch/audits/run_coupled_mu0p3_eta0_beta15_3d_smoke.py,csv,,external
scripts/analysis/thickness_mismatch/audits/run_coupled_mu0p3_eta0_beta15_3d_smoke.py,importlib.util,,external
scripts/analysis/thickness_mismatch/audits/run_coupled_mu0p3_eta0_beta15_3d_smoke.py,math,,external
scripts/analysis/thickness_mismatch/audits/run_coupled_mu0p3_eta0_beta15_3d_smoke.py,my_project.analytic.formulas_thickness_mismatch.find_first_n_roots_eta,src/my_project/analytic/formulas_thickness_mismatch.py,resolved
scripts/analysis/thickness_mismatch/audits/run_coupled_mu0p3_eta0_beta15_3d_smoke.py,my_project.analytic.solvers_out_of_plane.find_first_n_roots_out_of_plane_with_warnings,src/my_project/analytic/solvers_out_of_plane.py,resolved
scripts/analysis/thickness_mismatch/audits/run_coupled_mu0p3_eta0_beta15_3d_smoke.py,numpy,,external
scripts/analysis/thickness_mismatch/audits/run_coupled_mu0p3_eta0_beta15_3d_smoke.py,pathlib.Path,,external
scripts/analysis/thickness_mismatch/audits/run_coupled_mu0p3_eta0_beta15_3d_smoke.py,sys,,external
scripts/analysis/thickness_mismatch/audits/run_coupled_mu0p3_eta0_beta15_3d_smoke.py,types.ModuleType,,external
scripts/analysis/thickness_mismatch/audits/run_coupled_mu0p3_eta0_beta15_3d_smoke.py,typing.Sequence,,external
scripts/analysis/thickness_mismatch/audits/run_eb_epsilon_apriori_pilot.py,__future__.annotations,,external
scripts/analysis/thickness_mismatch/audits/run_eb_epsilon_apriori_pilot.py,argparse,,external
scripts/analysis/thickness_mismatch/audits/run_eb_epsilon_apriori_pilot.py,collections.Counter,,external
scripts/analysis/thickness_mismatch/audits/run_eb_epsilon_apriori_pilot.py,csv,,external
scripts/analysis/thickness_mismatch/audits/run_eb_epsilon_apriori_pilot.py,dataclasses.asdict,,external
scripts/analysis/thickness_mismatch/audits/run_eb_epsilon_apriori_pilot.py,dataclasses.dataclass,,external
scripts/analysis/thickness_mismatch/audits/run_eb_epsilon_apriori_pilot.py,json,,external
scripts/analysis/thickness_mismatch/audits/run_eb_epsilon_apriori_pilot.py,math,,external
scripts/analysis/thickness_mismatch/audits/run_eb_epsilon_apriori_pilot.py,math.isfinite,,external
scripts/analysis/thickness_mismatch/audits/run_eb_epsilon_apriori_pilot.py,numpy,,external
scripts/analysis/thickness_mismatch/audits/run_eb_epsilon_apriori_pilot.py,pathlib.Path,,external
scripts/analysis/thickness_mismatch/audits/run_eb_epsilon_apriori_pilot.py,scripts.analysis.thickness_mismatch.audits.audit_eb_validity_fixed_epsilon_geometry_scan,scripts/analysis/thickness_mismatch/audits/audit_eb_validity_fixed_epsilon_geometry_scan.py,resolved
scripts/analysis/thickness_mismatch/audits/run_eb_epsilon_apriori_pilot.py,scripts.analysis.thickness_mismatch.audits.audit_eb_validity_vs_timoshenko_stage1,scripts/analysis/thickness_mismatch/audits/audit_eb_validity_vs_timoshenko_stage1.py,resolved
scripts/analysis/thickness_mismatch/audits/run_eb_epsilon_apriori_pilot.py,scripts.analysis.thickness_mismatch.postprocess.analyze_eb_safe_prefix_certification,scripts/analysis/thickness_mismatch/postprocess/analyze_eb_safe_prefix_certification.py,resolved
scripts/analysis/thickness_mismatch/audits/run_eb_epsilon_apriori_pilot.py,scripts.lib.branch_informed_spectrum_continuation,scripts/lib/branch_informed_spectrum_continuation.py,resolved
scripts/analysis/thickness_mismatch/audits/run_eb_epsilon_apriori_pilot.py,scripts.lib.general_spectrum_completeness,scripts/lib/general_spectrum_completeness.py,resolved
scripts/analysis/thickness_mismatch/audits/run_eb_epsilon_apriori_pilot.py,sys,,external
scripts/analysis/thickness_mismatch/audits/run_eb_epsilon_apriori_pilot.py,time,,external
scripts/analysis/thickness_mismatch/audits/run_eb_epsilon_apriori_pilot.py,typing.Mapping,,external
scripts/analysis/thickness_mismatch/audits/run_eb_epsilon_apriori_pilot.py,typing.Sequence,,external
scripts/analysis/thickness_mismatch/audits/run_full_spectrum_3d_fem_smoke_case.py,__future__.annotations,,external
scripts/analysis/thickness_mismatch/audits/run_full_spectrum_3d_fem_smoke_case.py,argparse,,external
scripts/analysis/thickness_mismatch/audits/run_full_spectrum_3d_fem_smoke_case.py,csv,,external
scripts/analysis/thickness_mismatch/audits/run_full_spectrum_3d_fem_smoke_case.py,importlib.util,,external
scripts/analysis/thickness_mismatch/audits/run_full_spectrum_3d_fem_smoke_case.py,math,,external
scripts/analysis/thickness_mismatch/audits/run_full_spectrum_3d_fem_smoke_case.py,my_project.analytic.formulas_thickness_mismatch.find_first_n_roots_eta,src/my_project/analytic/formulas_thickness_mismatch.py,resolved
scripts/analysis/thickness_mismatch/audits/run_full_spectrum_3d_fem_smoke_case.py,my_project.analytic.solvers_out_of_plane.find_first_n_roots_out_of_plane_with_warnings,src/my_project/analytic/solvers_out_of_plane.py,resolved
scripts/analysis/thickness_mismatch/audits/run_full_spectrum_3d_fem_smoke_case.py,pathlib.Path,,external
scripts/analysis/thickness_mismatch/audits/run_full_spectrum_3d_fem_smoke_case.py,sys,,external
scripts/analysis/thickness_mismatch/audits/run_full_spectrum_3d_fem_smoke_case.py,types.ModuleType,,external
scripts/analysis/thickness_mismatch/audits/run_full_spectrum_3d_fem_smoke_case.py,typing.Sequence,,external
scripts/analysis/thickness_mismatch/audits/run_straight_uniform_3d_mesh_convergence.py,__future__.annotations,,external
scripts/analysis/thickness_mismatch/audits/run_straight_uniform_3d_mesh_convergence.py,argparse,,external
scripts/analysis/thickness_mismatch/audits/run_straight_uniform_3d_mesh_convergence.py,csv,,external
scripts/analysis/thickness_mismatch/audits/run_straight_uniform_3d_mesh_convergence.py,importlib.util,,external
scripts/analysis/thickness_mismatch/audits/run_straight_uniform_3d_mesh_convergence.py,math,,external
scripts/analysis/thickness_mismatch/audits/run_straight_uniform_3d_mesh_convergence.py,pathlib.Path,,external
scripts/analysis/thickness_mismatch/audits/run_straight_uniform_3d_mesh_convergence.py,re,,external
scripts/analysis/thickness_mismatch/audits/run_straight_uniform_3d_mesh_convergence.py,sys,,external
scripts/analysis/thickness_mismatch/audits/run_straight_uniform_3d_mesh_convergence.py,types.ModuleType,,external
scripts/analysis/thickness_mismatch/audits/run_straight_uniform_3d_mesh_convergence.py,typing.Sequence,,external
scripts/analysis/thickness_mismatch/audits/validate_eb_timo_3d_beta0_stepped.py,__future__.annotations,,external
scripts/analysis/thickness_mismatch/audits/validate_eb_timo_3d_beta0_stepped.py,argparse,,external
scripts/analysis/thickness_mismatch/audits/validate_eb_timo_3d_beta0_stepped.py,csv,,external
scripts/analysis/thickness_mismatch/audits/validate_eb_timo_3d_beta0_stepped.py,dataclasses.dataclass,,external
scripts/analysis/thickness_mismatch/audits/validate_eb_timo_3d_beta0_stepped.py,importlib.util,,external
scripts/analysis/thickness_mismatch/audits/validate_eb_timo_3d_beta0_stepped.py,math,,external
scripts/analysis/thickness_mismatch/audits/validate_eb_timo_3d_beta0_stepped.py,matplotlib,,external
scripts/analysis/thickness_mismatch/audits/validate_eb_timo_3d_beta0_stepped.py,matplotlib.pyplot,,external
scripts/analysis/thickness_mismatch/audits/validate_eb_timo_3d_beta0_stepped.py,os,,external
scripts/analysis/thickness_mismatch/audits/validate_eb_timo_3d_beta0_stepped.py,pathlib.Path,,external
scripts/analysis/thickness_mismatch/audits/validate_eb_timo_3d_beta0_stepped.py,shutil,,external
scripts/analysis/thickness_mismatch/audits/validate_eb_timo_3d_beta0_stepped.py,subprocess,,external
scripts/analysis/thickness_mismatch/audits/validate_eb_timo_3d_beta0_stepped.py,sys,,external
scripts/analysis/thickness_mismatch/audits/validate_eb_timo_3d_beta0_stepped.py,types.ModuleType,,external
scripts/analysis/thickness_mismatch/audits/validate_eb_timo_3d_beta0_stepped.py,typing.Sequence,,external
scripts/analysis/thickness_mismatch/audits/validate_eb_timo_3d_beta0_uniform_eps0p05.py,__future__.annotations,,external
scripts/analysis/thickness_mismatch/audits/validate_eb_timo_3d_beta0_uniform_eps0p05.py,argparse,,external
scripts/analysis/thickness_mismatch/audits/validate_eb_timo_3d_beta0_uniform_eps0p05.py,csv,,external
scripts/analysis/thickness_mismatch/audits/validate_eb_timo_3d_beta0_uniform_eps0p05.py,dataclasses.dataclass,,external
scripts/analysis/thickness_mismatch/audits/validate_eb_timo_3d_beta0_uniform_eps0p05.py,importlib.util,,external
scripts/analysis/thickness_mismatch/audits/validate_eb_timo_3d_beta0_uniform_eps0p05.py,math,,external
scripts/analysis/thickness_mismatch/audits/validate_eb_timo_3d_beta0_uniform_eps0p05.py,matplotlib,,external
scripts/analysis/thickness_mismatch/audits/validate_eb_timo_3d_beta0_uniform_eps0p05.py,matplotlib.pyplot,,external
scripts/analysis/thickness_mismatch/audits/validate_eb_timo_3d_beta0_uniform_eps0p05.py,pathlib.Path,,external
scripts/analysis/thickness_mismatch/audits/validate_eb_timo_3d_beta0_uniform_eps0p05.py,sys,,external
scripts/analysis/thickness_mismatch/audits/validate_eb_timo_3d_beta0_uniform_eps0p05.py,types.ModuleType,,external
scripts/analysis/thickness_mismatch/audits/validate_eb_timo_3d_beta0_uniform_eps0p05.py,typing.Sequence,,external
scripts/analysis/thickness_mismatch/benchmarks/benchmark_rule_s_cost_break_even.py,__future__.annotations,,external
scripts/analysis/thickness_mismatch/benchmarks/benchmark_rule_s_cost_break_even.py,argparse,,external
scripts/analysis/thickness_mismatch/benchmarks/benchmark_rule_s_cost_break_even.py,contextlib.contextmanager,,external
scripts/analysis/thickness_mismatch/benchmarks/benchmark_rule_s_cost_break_even.py,csv,,external
scripts/analysis/thickness_mismatch/benchmarks/benchmark_rule_s_cost_break_even.py,dataclasses.asdict,,external
scripts/analysis/thickness_mismatch/benchmarks/benchmark_rule_s_cost_break_even.py,dataclasses.dataclass,,external
scripts/analysis/thickness_mismatch/benchmarks/benchmark_rule_s_cost_break_even.py,hashlib,,external
scripts/analysis/thickness_mismatch/benchmarks/benchmark_rule_s_cost_break_even.py,json,,external
scripts/analysis/thickness_mismatch/benchmarks/benchmark_rule_s_cost_break_even.py,math,,external
scripts/analysis/thickness_mismatch/benchmarks/benchmark_rule_s_cost_break_even.py,matplotlib,,external
scripts/analysis/thickness_mismatch/benchmarks/benchmark_rule_s_cost_break_even.py,matplotlib.pyplot,,external
scripts/analysis/thickness_mismatch/benchmarks/benchmark_rule_s_cost_break_even.py,numpy,,external
scripts/analysis/thickness_mismatch/benchmarks/benchmark_rule_s_cost_break_even.py,pathlib.Path,,external
scripts/analysis/thickness_mismatch/benchmarks/benchmark_rule_s_cost_break_even.py,scripts.analysis.thickness_mismatch.audits.audit_eb_validity_fixed_epsilon_geometry_scan,scripts/analysis/thickness_mismatch/audits/audit_eb_validity_fixed_epsilon_geometry_scan.py,resolved
scripts/analysis/thickness_mismatch/benchmarks/benchmark_rule_s_cost_break_even.py,scripts.analysis.thickness_mismatch.maps.plot_eb_vs_timoshenko_lambda_beta_cases,scripts/analysis/thickness_mismatch/maps/plot_eb_vs_timoshenko_lambda_beta_cases.py,resolved
scripts/analysis/thickness_mismatch/benchmarks/benchmark_rule_s_cost_break_even.py,scripts.analysis.thickness_mismatch.postprocess.analyze_eb_safe_prefix_certification,scripts/analysis/thickness_mismatch/postprocess/analyze_eb_safe_prefix_certification.py,resolved
scripts/analysis/thickness_mismatch/benchmarks/benchmark_rule_s_cost_break_even.py,scripts.lib.variable_length_timoshenko,scripts/lib/variable_length_timoshenko.py,resolved
scripts/analysis/thickness_mismatch/benchmarks/benchmark_rule_s_cost_break_even.py,statistics,,external
scripts/analysis/thickness_mismatch/benchmarks/benchmark_rule_s_cost_break_even.py,sys,,external
scripts/analysis/thickness_mismatch/benchmarks/benchmark_rule_s_cost_break_even.py,time,,external
scripts/analysis/thickness_mismatch/benchmarks/benchmark_rule_s_cost_break_even.py,typing.Iterator,,external
scripts/analysis/thickness_mismatch/benchmarks/benchmark_rule_s_cost_break_even.py,typing.Mapping,,external
scripts/analysis/thickness_mismatch/benchmarks/benchmark_rule_s_cost_break_even.py,typing.Sequence,,external
scripts/analysis/thickness_mismatch/maps/plot_counterexample_dimensional_frequency_beta.py,__future__.annotations,,external
scripts/analysis/thickness_mismatch/maps/plot_counterexample_dimensional_frequency_beta.py,argparse,,external
scripts/analysis/thickness_mismatch/maps/plot_counterexample_dimensional_frequency_beta.py,concurrent.futures.ProcessPoolExecutor,,external
scripts/analysis/thickness_mismatch/maps/plot_counterexample_dimensional_frequency_beta.py,concurrent.futures.as_completed,,external
scripts/analysis/thickness_mismatch/maps/plot_counterexample_dimensional_frequency_beta.py,csv,,external
scripts/analysis/thickness_mismatch/maps/plot_counterexample_dimensional_frequency_beta.py,dataclasses.dataclass,,external
scripts/analysis/thickness_mismatch/maps/plot_counterexample_dimensional_frequency_beta.py,dataclasses.replace,,external
scripts/analysis/thickness_mismatch/maps/plot_counterexample_dimensional_frequency_beta.py,json,,external
scripts/analysis/thickness_mismatch/maps/plot_counterexample_dimensional_frequency_beta.py,math,,external
scripts/analysis/thickness_mismatch/maps/plot_counterexample_dimensional_frequency_beta.py,matplotlib,,external
scripts/analysis/thickness_mismatch/maps/plot_counterexample_dimensional_frequency_beta.py,matplotlib.pyplot,,external
scripts/analysis/thickness_mismatch/maps/plot_counterexample_dimensional_frequency_beta.py,my_project.analytic.formulas.BeamParams,src/my_project/analytic/formulas.py,resolved
scripts/analysis/thickness_mismatch/maps/plot_counterexample_dimensional_frequency_beta.py,my_project.analytic.formulas.frequency_scale,src/my_project/analytic/formulas.py,resolved
scripts/analysis/thickness_mismatch/maps/plot_counterexample_dimensional_frequency_beta.py,my_project.analytic.formulas.lambdas_to_frequencies,src/my_project/analytic/formulas.py,resolved
scripts/analysis/thickness_mismatch/maps/plot_counterexample_dimensional_frequency_beta.py,numpy,,external
scripts/analysis/thickness_mismatch/maps/plot_counterexample_dimensional_frequency_beta.py,pathlib.Path,,external
scripts/analysis/thickness_mismatch/maps/plot_counterexample_dimensional_frequency_beta.py,scripts.lib.branch_informed_spectrum_continuation,scripts/lib/branch_informed_spectrum_continuation.py,resolved
scripts/analysis/thickness_mismatch/maps/plot_counterexample_dimensional_frequency_beta.py,scripts.lib.general_spectrum_completeness,scripts/lib/general_spectrum_completeness.py,resolved
scripts/analysis/thickness_mismatch/maps/plot_counterexample_dimensional_frequency_beta.py,sys,,external
scripts/analysis/thickness_mismatch/maps/plot_counterexample_dimensional_frequency_beta.py,typing.Callable,,external
scripts/analysis/thickness_mismatch/maps/plot_counterexample_dimensional_frequency_beta.py,typing.Mapping,,external
scripts/analysis/thickness_mismatch/maps/plot_counterexample_dimensional_frequency_beta.py,typing.Sequence,,external
scripts/analysis/thickness_mismatch/maps/plot_eb_vs_timoshenko_lambda_beta_cases.py,__future__.annotations,,external
scripts/analysis/thickness_mismatch/maps/plot_eb_vs_timoshenko_lambda_beta_cases.py,argparse,,external
scripts/analysis/thickness_mismatch/maps/plot_eb_vs_timoshenko_lambda_beta_cases.py,collections.Counter,,external
scripts/analysis/thickness_mismatch/maps/plot_eb_vs_timoshenko_lambda_beta_cases.py,csv,,external
scripts/analysis/thickness_mismatch/maps/plot_eb_vs_timoshenko_lambda_beta_cases.py,dataclasses.dataclass,,external
scripts/analysis/thickness_mismatch/maps/plot_eb_vs_timoshenko_lambda_beta_cases.py,datetime.datetime,,external
scripts/analysis/thickness_mismatch/maps/plot_eb_vs_timoshenko_lambda_beta_cases.py,datetime.timezone,,external
scripts/analysis/thickness_mismatch/maps/plot_eb_vs_timoshenko_lambda_beta_cases.py,hashlib,,external
scripts/analysis/thickness_mismatch/maps/plot_eb_vs_timoshenko_lambda_beta_cases.py,json,,external
scripts/analysis/thickness_mismatch/maps/plot_eb_vs_timoshenko_lambda_beta_cases.py,math.isfinite,,external
scripts/analysis/thickness_mismatch/maps/plot_eb_vs_timoshenko_lambda_beta_cases.py,matplotlib,,external
scripts/analysis/thickness_mismatch/maps/plot_eb_vs_timoshenko_lambda_beta_cases.py,matplotlib.lines.Line2D,,external
scripts/analysis/thickness_mismatch/maps/plot_eb_vs_timoshenko_lambda_beta_cases.py,matplotlib.pyplot,,external
scripts/analysis/thickness_mismatch/maps/plot_eb_vs_timoshenko_lambda_beta_cases.py,my_project.analytic.formulas_thickness_mismatch.assemble_clamped_coupled_matrix_eta,src/my_project/analytic/formulas_thickness_mismatch.py,resolved
scripts/analysis/thickness_mismatch/maps/plot_eb_vs_timoshenko_lambda_beta_cases.py,my_project.analytic.formulas_thickness_mismatch.find_roots_scan_bisect_eta,src/my_project/analytic/formulas_thickness_mismatch.py,resolved
scripts/analysis/thickness_mismatch/maps/plot_eb_vs_timoshenko_lambda_beta_cases.py,my_project.analytic.formulas_thickness_mismatch.thickness_mismatch_factors,src/my_project/analytic/formulas_thickness_mismatch.py,resolved
scripts/analysis/thickness_mismatch/maps/plot_eb_vs_timoshenko_lambda_beta_cases.py,numpy,,external
scripts/analysis/thickness_mismatch/maps/plot_eb_vs_timoshenko_lambda_beta_cases.py,pathlib.Path,,external
scripts/analysis/thickness_mismatch/maps/plot_eb_vs_timoshenko_lambda_beta_cases.py,scripts.lib.variable_length_timoshenko,scripts/lib/variable_length_timoshenko.py,resolved
scripts/analysis/thickness_mismatch/maps/plot_eb_vs_timoshenko_lambda_beta_cases.py,sys,,external
scripts/analysis/thickness_mismatch/maps/plot_eb_vs_timoshenko_lambda_beta_cases.py,time,,external
scripts/analysis/thickness_mismatch/maps/plot_eb_vs_timoshenko_lambda_beta_cases.py,typing.Sequence,,external
scripts/analysis/thickness_mismatch/maps/plot_eb_vs_timoshenko_lambda_mu_cases.py,__future__.annotations,,external
scripts/analysis/thickness_mismatch/maps/plot_eb_vs_timoshenko_lambda_mu_cases.py,argparse,,external
scripts/analysis/thickness_mismatch/maps/plot_eb_vs_timoshenko_lambda_mu_cases.py,collections.Counter,,external
scripts/analysis/thickness_mismatch/maps/plot_eb_vs_timoshenko_lambda_mu_cases.py,csv,,external
scripts/analysis/thickness_mismatch/maps/plot_eb_vs_timoshenko_lambda_mu_cases.py,dataclasses.dataclass,,external
scripts/analysis/thickness_mismatch/maps/plot_eb_vs_timoshenko_lambda_mu_cases.py,datetime.datetime,,external
scripts/analysis/thickness_mismatch/maps/plot_eb_vs_timoshenko_lambda_mu_cases.py,datetime.timezone,,external
scripts/analysis/thickness_mismatch/maps/plot_eb_vs_timoshenko_lambda_mu_cases.py,hashlib,,external
scripts/analysis/thickness_mismatch/maps/plot_eb_vs_timoshenko_lambda_mu_cases.py,json,,external
scripts/analysis/thickness_mismatch/maps/plot_eb_vs_timoshenko_lambda_mu_cases.py,math.isfinite,,external
scripts/analysis/thickness_mismatch/maps/plot_eb_vs_timoshenko_lambda_mu_cases.py,matplotlib,,external
scripts/analysis/thickness_mismatch/maps/plot_eb_vs_timoshenko_lambda_mu_cases.py,matplotlib.lines.Line2D,,external
scripts/analysis/thickness_mismatch/maps/plot_eb_vs_timoshenko_lambda_mu_cases.py,matplotlib.pyplot,,external
scripts/analysis/thickness_mismatch/maps/plot_eb_vs_timoshenko_lambda_mu_cases.py,my_project.analytic.formulas_thickness_mismatch.thickness_mismatch_factors,src/my_project/analytic/formulas_thickness_mismatch.py,resolved
scripts/analysis/thickness_mismatch/maps/plot_eb_vs_timoshenko_lambda_mu_cases.py,numpy,,external
scripts/analysis/thickness_mismatch/maps/plot_eb_vs_timoshenko_lambda_mu_cases.py,pathlib.Path,,external
scripts/analysis/thickness_mismatch/maps/plot_eb_vs_timoshenko_lambda_mu_cases.py,plot_eb_vs_timoshenko_lambda_beta_cases,scripts/analysis/thickness_mismatch/maps/plot_eb_vs_timoshenko_lambda_beta_cases.py,resolved
scripts/analysis/thickness_mismatch/maps/plot_eb_vs_timoshenko_lambda_mu_cases.py,scripts.analysis.thickness_mismatch.maps.plot_eb_vs_timoshenko_lambda_beta_cases,scripts/analysis/thickness_mismatch/maps/plot_eb_vs_timoshenko_lambda_beta_cases.py,resolved
scripts/analysis/thickness_mismatch/maps/plot_eb_vs_timoshenko_lambda_mu_cases.py,scripts.lib.variable_length_timoshenko,scripts/lib/variable_length_timoshenko.py,resolved
scripts/analysis/thickness_mismatch/maps/plot_eb_vs_timoshenko_lambda_mu_cases.py,sys,,external
scripts/analysis/thickness_mismatch/maps/plot_eb_vs_timoshenko_lambda_mu_cases.py,time,,external
scripts/analysis/thickness_mismatch/maps/plot_eb_vs_timoshenko_lambda_mu_cases.py,typing.Sequence,,external
scripts/analysis/thickness_mismatch/maps/plot_in_plane_vs_out_of_plane_lambda_beta.py,__future__.annotations,,external
scripts/analysis/thickness_mismatch/maps/plot_in_plane_vs_out_of_plane_lambda_beta.py,argparse,,external
scripts/analysis/thickness_mismatch/maps/plot_in_plane_vs_out_of_plane_lambda_beta.py,csv,,external
scripts/analysis/thickness_mismatch/maps/plot_in_plane_vs_out_of_plane_lambda_beta.py,dataclasses.dataclass,,external
scripts/analysis/thickness_mismatch/maps/plot_in_plane_vs_out_of_plane_lambda_beta.py,math.isfinite,,external
scripts/analysis/thickness_mismatch/maps/plot_in_plane_vs_out_of_plane_lambda_beta.py,matplotlib,,external
scripts/analysis/thickness_mismatch/maps/plot_in_plane_vs_out_of_plane_lambda_beta.py,matplotlib.lines.Line2D,,external
scripts/analysis/thickness_mismatch/maps/plot_in_plane_vs_out_of_plane_lambda_beta.py,matplotlib.pyplot,,external
scripts/analysis/thickness_mismatch/maps/plot_in_plane_vs_out_of_plane_lambda_beta.py,my_project.analytic.formulas_thickness_mismatch.find_roots_scan_bisect_eta,src/my_project/analytic/formulas_thickness_mismatch.py,resolved
scripts/analysis/thickness_mismatch/maps/plot_in_plane_vs_out_of_plane_lambda_beta.py,my_project.analytic.formulas_thickness_mismatch.thickness_mismatch_factors,src/my_project/analytic/formulas_thickness_mismatch.py,resolved
scripts/analysis/thickness_mismatch/maps/plot_in_plane_vs_out_of_plane_lambda_beta.py,my_project.analytic.solvers_out_of_plane.find_first_n_roots_out_of_plane_with_warnings,src/my_project/analytic/solvers_out_of_plane.py,resolved
scripts/analysis/thickness_mismatch/maps/plot_in_plane_vs_out_of_plane_lambda_beta.py,numpy,,external
scripts/analysis/thickness_mismatch/maps/plot_in_plane_vs_out_of_plane_lambda_beta.py,pathlib.Path,,external
scripts/analysis/thickness_mismatch/maps/plot_in_plane_vs_out_of_plane_lambda_beta.py,sys,,external
scripts/analysis/thickness_mismatch/maps/plot_in_plane_vs_out_of_plane_lambda_beta.py,typing.Sequence,,external
scripts/analysis/thickness_mismatch/maps/plot_lambda_eta_beta90_mu_scan_with_single_rod_refs.py,__future__.annotations,,external
scripts/analysis/thickness_mismatch/maps/plot_lambda_eta_beta90_mu_scan_with_single_rod_refs.py,argparse,,external
scripts/analysis/thickness_mismatch/maps/plot_lambda_eta_beta90_mu_scan_with_single_rod_refs.py,collections.Counter,,external
scripts/analysis/thickness_mismatch/maps/plot_lambda_eta_beta90_mu_scan_with_single_rod_refs.py,csv,,external
scripts/analysis/thickness_mismatch/maps/plot_lambda_eta_beta90_mu_scan_with_single_rod_refs.py,dataclasses.dataclass,,external
scripts/analysis/thickness_mismatch/maps/plot_lambda_eta_beta90_mu_scan_with_single_rod_refs.py,math.isfinite,,external
scripts/analysis/thickness_mismatch/maps/plot_lambda_eta_beta90_mu_scan_with_single_rod_refs.py,matplotlib,,external
scripts/analysis/thickness_mismatch/maps/plot_lambda_eta_beta90_mu_scan_with_single_rod_refs.py,matplotlib.lines.Line2D,,external
scripts/analysis/thickness_mismatch/maps/plot_lambda_eta_beta90_mu_scan_with_single_rod_refs.py,matplotlib.pyplot,,external
scripts/analysis/thickness_mismatch/maps/plot_lambda_eta_beta90_mu_scan_with_single_rod_refs.py,my_project.analytic.formulas_thickness_mismatch.find_first_n_roots_eta,src/my_project/analytic/formulas_thickness_mismatch.py,resolved
scripts/analysis/thickness_mismatch/maps/plot_lambda_eta_beta90_mu_scan_with_single_rod_refs.py,my_project.analytic.formulas_thickness_mismatch.thickness_mismatch_factors,src/my_project/analytic/formulas_thickness_mismatch.py,resolved
scripts/analysis/thickness_mismatch/maps/plot_lambda_eta_beta90_mu_scan_with_single_rod_refs.py,numpy,,external
scripts/analysis/thickness_mismatch/maps/plot_lambda_eta_beta90_mu_scan_with_single_rod_refs.py,pathlib.Path,,external
scripts/analysis/thickness_mismatch/maps/plot_lambda_eta_beta90_mu_scan_with_single_rod_refs.py,plot_lambda_mu_beta90_eta0p1_with_single_rod_refs,scripts/analysis/thickness_mismatch/maps/plot_lambda_mu_beta90_eta0p1_with_single_rod_refs.py,resolved
scripts/analysis/thickness_mismatch/maps/plot_lambda_eta_beta90_mu_scan_with_single_rod_refs.py,sys,,external
scripts/analysis/thickness_mismatch/maps/plot_lambda_eta_beta90_mu_scan_with_single_rod_refs.py,typing.Sequence,,external
scripts/analysis/thickness_mismatch/maps/plot_lambda_mu_beta90_eta0p1_with_single_rod_refs.py,__future__.annotations,,external
scripts/analysis/thickness_mismatch/maps/plot_lambda_mu_beta90_eta0p1_with_single_rod_refs.py,argparse,,external
scripts/analysis/thickness_mismatch/maps/plot_lambda_mu_beta90_eta0p1_with_single_rod_refs.py,collections.Counter,,external
scripts/analysis/thickness_mismatch/maps/plot_lambda_mu_beta90_eta0p1_with_single_rod_refs.py,csv,,external
scripts/analysis/thickness_mismatch/maps/plot_lambda_mu_beta90_eta0p1_with_single_rod_refs.py,dataclasses.dataclass,,external
scripts/analysis/thickness_mismatch/maps/plot_lambda_mu_beta90_eta0p1_with_single_rod_refs.py,math.isfinite,,external
scripts/analysis/thickness_mismatch/maps/plot_lambda_mu_beta90_eta0p1_with_single_rod_refs.py,matplotlib,,external
scripts/analysis/thickness_mismatch/maps/plot_lambda_mu_beta90_eta0p1_with_single_rod_refs.py,matplotlib.lines.Line2D,,external
scripts/analysis/thickness_mismatch/maps/plot_lambda_mu_beta90_eta0p1_with_single_rod_refs.py,matplotlib.pyplot,,external
scripts/analysis/thickness_mismatch/maps/plot_lambda_mu_beta90_eta0p1_with_single_rod_refs.py,my_project.analytic.FreqMuNet.roots_clamped_supported,src/my_project/analytic/FreqMuNet.py,resolved
scripts/analysis/thickness_mismatch/maps/plot_lambda_mu_beta90_eta0p1_with_single_rod_refs.py,my_project.analytic.formulas_thickness_mismatch.find_first_n_roots_eta,src/my_project/analytic/formulas_thickness_mismatch.py,resolved
scripts/analysis/thickness_mismatch/maps/plot_lambda_mu_beta90_eta0p1_with_single_rod_refs.py,my_project.analytic.formulas_thickness_mismatch.thickness_mismatch_factors,src/my_project/analytic/formulas_thickness_mismatch.py,resolved
scripts/analysis/thickness_mismatch/maps/plot_lambda_mu_beta90_eta0p1_with_single_rod_refs.py,my_project.analytic.solvers.fixed_fixed_lambdas,src/my_project/analytic/solvers.py,resolved
scripts/analysis/thickness_mismatch/maps/plot_lambda_mu_beta90_eta0p1_with_single_rod_refs.py,numpy,,external
scripts/analysis/thickness_mismatch/maps/plot_lambda_mu_beta90_eta0p1_with_single_rod_refs.py,pathlib.Path,,external
scripts/analysis/thickness_mismatch/maps/plot_lambda_mu_beta90_eta0p1_with_single_rod_refs.py,sys,,external
scripts/analysis/thickness_mismatch/maps/plot_lambda_mu_beta90_eta0p1_with_single_rod_refs.py,typing.Sequence,,external
scripts/analysis/thickness_mismatch/maps/plot_lambda_mu_beta90_eta_scan_with_single_rod_refs.py,__future__.annotations,,external
scripts/analysis/thickness_mismatch/maps/plot_lambda_mu_beta90_eta_scan_with_single_rod_refs.py,argparse,,external
scripts/analysis/thickness_mismatch/maps/plot_lambda_mu_beta90_eta_scan_with_single_rod_refs.py,csv,,external
scripts/analysis/thickness_mismatch/maps/plot_lambda_mu_beta90_eta_scan_with_single_rod_refs.py,dataclasses.dataclass,,external
scripts/analysis/thickness_mismatch/maps/plot_lambda_mu_beta90_eta_scan_with_single_rod_refs.py,math.isfinite,,external
scripts/analysis/thickness_mismatch/maps/plot_lambda_mu_beta90_eta_scan_with_single_rod_refs.py,matplotlib,,external
scripts/analysis/thickness_mismatch/maps/plot_lambda_mu_beta90_eta_scan_with_single_rod_refs.py,matplotlib.lines.Line2D,,external
scripts/analysis/thickness_mismatch/maps/plot_lambda_mu_beta90_eta_scan_with_single_rod_refs.py,matplotlib.pyplot,,external
scripts/analysis/thickness_mismatch/maps/plot_lambda_mu_beta90_eta_scan_with_single_rod_refs.py,numpy,,external
scripts/analysis/thickness_mismatch/maps/plot_lambda_mu_beta90_eta_scan_with_single_rod_refs.py,pathlib.Path,,external
scripts/analysis/thickness_mismatch/maps/plot_lambda_mu_beta90_eta_scan_with_single_rod_refs.py,plot_lambda_mu_beta90_eta0p1_with_single_rod_refs,scripts/analysis/thickness_mismatch/maps/plot_lambda_mu_beta90_eta0p1_with_single_rod_refs.py,resolved
scripts/analysis/thickness_mismatch/maps/plot_lambda_mu_beta90_eta_scan_with_single_rod_refs.py,sys,,external
scripts/analysis/thickness_mismatch/maps/plot_lambda_mu_beta90_eta_scan_with_single_rod_refs.py,typing.Sequence,,external
scripts/analysis/thickness_mismatch/maps/plot_out_of_plane_lambda_beta_mu_eta.py,__future__.annotations,,external
scripts/analysis/thickness_mismatch/maps/plot_out_of_plane_lambda_beta_mu_eta.py,argparse,,external
scripts/analysis/thickness_mismatch/maps/plot_out_of_plane_lambda_beta_mu_eta.py,csv,,external
scripts/analysis/thickness_mismatch/maps/plot_out_of_plane_lambda_beta_mu_eta.py,dataclasses.dataclass,,external
scripts/analysis/thickness_mismatch/maps/plot_out_of_plane_lambda_beta_mu_eta.py,math.isfinite,,external
scripts/analysis/thickness_mismatch/maps/plot_out_of_plane_lambda_beta_mu_eta.py,matplotlib,,external
scripts/analysis/thickness_mismatch/maps/plot_out_of_plane_lambda_beta_mu_eta.py,matplotlib.pyplot,,external
scripts/analysis/thickness_mismatch/maps/plot_out_of_plane_lambda_beta_mu_eta.py,my_project.analytic.formulas_out_of_plane.torsion_roots_uniform_eta0_beta0,src/my_project/analytic/formulas_out_of_plane.py,resolved
scripts/analysis/thickness_mismatch/maps/plot_out_of_plane_lambda_beta_mu_eta.py,my_project.analytic.formulas_thickness_mismatch.thickness_mismatch_factors,src/my_project/analytic/formulas_thickness_mismatch.py,resolved
scripts/analysis/thickness_mismatch/maps/plot_out_of_plane_lambda_beta_mu_eta.py,my_project.analytic.solvers_out_of_plane.find_first_n_roots_out_of_plane_with_warnings,src/my_project/analytic/solvers_out_of_plane.py,resolved
scripts/analysis/thickness_mismatch/maps/plot_out_of_plane_lambda_beta_mu_eta.py,numpy,,external
scripts/analysis/thickness_mismatch/maps/plot_out_of_plane_lambda_beta_mu_eta.py,pathlib.Path,,external
scripts/analysis/thickness_mismatch/maps/plot_out_of_plane_lambda_beta_mu_eta.py,sys,,external
scripts/analysis/thickness_mismatch/maps/plot_out_of_plane_mode_character_beta.py,__future__.annotations,,external
scripts/analysis/thickness_mismatch/maps/plot_out_of_plane_mode_character_beta.py,argparse,,external
scripts/analysis/thickness_mismatch/maps/plot_out_of_plane_mode_character_beta.py,csv,,external
scripts/analysis/thickness_mismatch/maps/plot_out_of_plane_mode_character_beta.py,dataclasses.dataclass,,external
scripts/analysis/thickness_mismatch/maps/plot_out_of_plane_mode_character_beta.py,math.isfinite,,external
scripts/analysis/thickness_mismatch/maps/plot_out_of_plane_mode_character_beta.py,matplotlib,,external
scripts/analysis/thickness_mismatch/maps/plot_out_of_plane_mode_character_beta.py,matplotlib.pyplot,,external
scripts/analysis/thickness_mismatch/maps/plot_out_of_plane_mode_character_beta.py,my_project.analytic.formulas_thickness_mismatch.thickness_mismatch_factors,src/my_project/analytic/formulas_thickness_mismatch.py,resolved
scripts/analysis/thickness_mismatch/maps/plot_out_of_plane_mode_character_beta.py,my_project.analytic.out_of_plane_fem_1d.solve_out_of_plane_fem_1d_modes,src/my_project/analytic/out_of_plane_fem_1d.py,resolved
scripts/analysis/thickness_mismatch/maps/plot_out_of_plane_mode_character_beta.py,my_project.analytic.solvers_out_of_plane.find_first_n_roots_out_of_plane_with_warnings,src/my_project/analytic/solvers_out_of_plane.py,resolved
scripts/analysis/thickness_mismatch/maps/plot_out_of_plane_mode_character_beta.py,numpy,,external
scripts/analysis/thickness_mismatch/maps/plot_out_of_plane_mode_character_beta.py,pathlib.Path,,external
scripts/analysis/thickness_mismatch/maps/plot_out_of_plane_mode_character_beta.py,sys,,external
scripts/analysis/thickness_mismatch/postprocess/analyze_eb_epsilon_apriori_pilot.py,__future__.annotations,,external
scripts/analysis/thickness_mismatch/postprocess/analyze_eb_epsilon_apriori_pilot.py,argparse,,external
scripts/analysis/thickness_mismatch/postprocess/analyze_eb_epsilon_apriori_pilot.py,collections.defaultdict,,external
scripts/analysis/thickness_mismatch/postprocess/analyze_eb_epsilon_apriori_pilot.py,csv,,external
scripts/analysis/thickness_mismatch/postprocess/analyze_eb_epsilon_apriori_pilot.py,dataclasses.dataclass,,external
scripts/analysis/thickness_mismatch/postprocess/analyze_eb_epsilon_apriori_pilot.py,json,,external
scripts/analysis/thickness_mismatch/postprocess/analyze_eb_epsilon_apriori_pilot.py,math,,external
scripts/analysis/thickness_mismatch/postprocess/analyze_eb_epsilon_apriori_pilot.py,math.isfinite,,external
scripts/analysis/thickness_mismatch/postprocess/analyze_eb_epsilon_apriori_pilot.py,matplotlib,,external
scripts/analysis/thickness_mismatch/postprocess/analyze_eb_epsilon_apriori_pilot.py,matplotlib.pyplot,,external
scripts/analysis/thickness_mismatch/postprocess/analyze_eb_epsilon_apriori_pilot.py,numpy,,external
scripts/analysis/thickness_mismatch/postprocess/analyze_eb_epsilon_apriori_pilot.py,pathlib.Path,,external
scripts/analysis/thickness_mismatch/postprocess/analyze_eb_epsilon_apriori_pilot.py,scripts.analysis.thickness_mismatch.postprocess.analyze_eb_safe_prefix_certification,scripts/analysis/thickness_mismatch/postprocess/analyze_eb_safe_prefix_certification.py,resolved
scripts/analysis/thickness_mismatch/postprocess/analyze_eb_epsilon_apriori_pilot.py,statistics,,external
scripts/analysis/thickness_mismatch/postprocess/analyze_eb_epsilon_apriori_pilot.py,sys,,external
scripts/analysis/thickness_mismatch/postprocess/analyze_eb_epsilon_apriori_pilot.py,typing.Mapping,,external
scripts/analysis/thickness_mismatch/postprocess/analyze_eb_epsilon_apriori_pilot.py,typing.Sequence,,external
scripts/analysis/thickness_mismatch/postprocess/analyze_eb_rule_ab_exact_pareto.py,__future__.annotations,,external
scripts/analysis/thickness_mismatch/postprocess/analyze_eb_rule_ab_exact_pareto.py,argparse,,external
scripts/analysis/thickness_mismatch/postprocess/analyze_eb_rule_ab_exact_pareto.py,collections.defaultdict,,external
scripts/analysis/thickness_mismatch/postprocess/analyze_eb_rule_ab_exact_pareto.py,csv,,external
scripts/analysis/thickness_mismatch/postprocess/analyze_eb_rule_ab_exact_pareto.py,dataclasses.dataclass,,external
scripts/analysis/thickness_mismatch/postprocess/analyze_eb_rule_ab_exact_pareto.py,dataclasses.field,,external
scripts/analysis/thickness_mismatch/postprocess/analyze_eb_rule_ab_exact_pareto.py,hashlib,,external
scripts/analysis/thickness_mismatch/postprocess/analyze_eb_rule_ab_exact_pareto.py,json,,external
scripts/analysis/thickness_mismatch/postprocess/analyze_eb_rule_ab_exact_pareto.py,math,,external
scripts/analysis/thickness_mismatch/postprocess/analyze_eb_rule_ab_exact_pareto.py,matplotlib,,external
scripts/analysis/thickness_mismatch/postprocess/analyze_eb_rule_ab_exact_pareto.py,matplotlib.pyplot,,external
scripts/analysis/thickness_mismatch/postprocess/analyze_eb_rule_ab_exact_pareto.py,numpy,,external
scripts/analysis/thickness_mismatch/postprocess/analyze_eb_rule_ab_exact_pareto.py,pathlib.Path,,external
scripts/analysis/thickness_mismatch/postprocess/analyze_eb_rule_ab_exact_pareto.py,scripts.analysis.thickness_mismatch.postprocess.analyze_eb_safe_prefix_certification,scripts/analysis/thickness_mismatch/postprocess/analyze_eb_safe_prefix_certification.py,resolved
scripts/analysis/thickness_mismatch/postprocess/analyze_eb_rule_ab_exact_pareto.py,sys,,external
scripts/analysis/thickness_mismatch/postprocess/analyze_eb_rule_ab_exact_pareto.py,typing.Iterable,,external
scripts/analysis/thickness_mismatch/postprocess/analyze_eb_rule_ab_exact_pareto.py,typing.Mapping,,external
scripts/analysis/thickness_mismatch/postprocess/analyze_eb_rule_ab_exact_pareto.py,typing.Sequence,,external
scripts/analysis/thickness_mismatch/postprocess/analyze_eb_safe_prefix_certification.py,__future__.annotations,,external
scripts/analysis/thickness_mismatch/postprocess/analyze_eb_safe_prefix_certification.py,argparse,,external
scripts/analysis/thickness_mismatch/postprocess/analyze_eb_safe_prefix_certification.py,collections.Counter,,external
scripts/analysis/thickness_mismatch/postprocess/analyze_eb_safe_prefix_certification.py,collections.defaultdict,,external
scripts/analysis/thickness_mismatch/postprocess/analyze_eb_safe_prefix_certification.py,csv,,external
scripts/analysis/thickness_mismatch/postprocess/analyze_eb_safe_prefix_certification.py,dataclasses.dataclass,,external
scripts/analysis/thickness_mismatch/postprocess/analyze_eb_safe_prefix_certification.py,dataclasses.field,,external
scripts/analysis/thickness_mismatch/postprocess/analyze_eb_safe_prefix_certification.py,hashlib,,external
scripts/analysis/thickness_mismatch/postprocess/analyze_eb_safe_prefix_certification.py,itertools,,external
scripts/analysis/thickness_mismatch/postprocess/analyze_eb_safe_prefix_certification.py,json,,external
scripts/analysis/thickness_mismatch/postprocess/analyze_eb_safe_prefix_certification.py,math,,external
scripts/analysis/thickness_mismatch/postprocess/analyze_eb_safe_prefix_certification.py,math.isfinite,,external
scripts/analysis/thickness_mismatch/postprocess/analyze_eb_safe_prefix_certification.py,numpy,,external
scripts/analysis/thickness_mismatch/postprocess/analyze_eb_safe_prefix_certification.py,pathlib.Path,,external
scripts/analysis/thickness_mismatch/postprocess/analyze_eb_safe_prefix_certification.py,scripts.analysis.thickness_mismatch.audits.audit_eb_validity_fixed_epsilon_geometry_scan,scripts/analysis/thickness_mismatch/audits/audit_eb_validity_fixed_epsilon_geometry_scan.py,resolved
scripts/analysis/thickness_mismatch/postprocess/analyze_eb_safe_prefix_certification.py,scripts.analysis.thickness_mismatch.audits.audit_eb_validity_vs_timoshenko_stage1,scripts/analysis/thickness_mismatch/audits/audit_eb_validity_vs_timoshenko_stage1.py,resolved
scripts/analysis/thickness_mismatch/postprocess/analyze_eb_safe_prefix_certification.py,sys,,external
scripts/analysis/thickness_mismatch/postprocess/analyze_eb_safe_prefix_certification.py,typing.Mapping,,external
scripts/analysis/thickness_mismatch/postprocess/analyze_eb_safe_prefix_certification.py,typing.Sequence,,external
scripts/analysis/thickness_mismatch/shapes/plot_eb_timo_full_mode_shapes_eps0p03_beta45_eta0_modes4_6.py,__future__.annotations,,external
scripts/analysis/thickness_mismatch/shapes/plot_eb_timo_full_mode_shapes_eps0p03_beta45_eta0_modes4_6.py,argparse,,external
scripts/analysis/thickness_mismatch/shapes/plot_eb_timo_full_mode_shapes_eps0p03_beta45_eta0_modes4_6.py,csv,,external
scripts/analysis/thickness_mismatch/shapes/plot_eb_timo_full_mode_shapes_eps0p03_beta45_eta0_modes4_6.py,dataclasses.dataclass,,external
scripts/analysis/thickness_mismatch/shapes/plot_eb_timo_full_mode_shapes_eps0p03_beta45_eta0_modes4_6.py,dataclasses.replace,,external
scripts/analysis/thickness_mismatch/shapes/plot_eb_timo_full_mode_shapes_eps0p03_beta45_eta0_modes4_6.py,math.isfinite,,external
scripts/analysis/thickness_mismatch/shapes/plot_eb_timo_full_mode_shapes_eps0p03_beta45_eta0_modes4_6.py,matplotlib,,external
scripts/analysis/thickness_mismatch/shapes/plot_eb_timo_full_mode_shapes_eps0p03_beta45_eta0_modes4_6.py,matplotlib.lines.Line2D,,external
scripts/analysis/thickness_mismatch/shapes/plot_eb_timo_full_mode_shapes_eps0p03_beta45_eta0_modes4_6.py,matplotlib.pyplot,,external
scripts/analysis/thickness_mismatch/shapes/plot_eb_timo_full_mode_shapes_eps0p03_beta45_eta0_modes4_6.py,numpy,,external
scripts/analysis/thickness_mismatch/shapes/plot_eb_timo_full_mode_shapes_eps0p03_beta45_eta0_modes4_6.py,pathlib.Path,,external
scripts/analysis/thickness_mismatch/shapes/plot_eb_timo_full_mode_shapes_eps0p03_beta45_eta0_modes4_6.py,scripts.analysis.thickness_mismatch.audits.audit_timoshenko_shape_construction,scripts/analysis/thickness_mismatch/audits/audit_timoshenko_shape_construction.py,resolved
scripts/analysis/thickness_mismatch/shapes/plot_eb_timo_full_mode_shapes_eps0p03_beta45_eta0_modes4_6.py,scripts.lib.in_plane_shape_geometry,scripts/lib/in_plane_shape_geometry.py,resolved
scripts/analysis/thickness_mismatch/shapes/plot_eb_timo_full_mode_shapes_eps0p03_beta45_eta0_modes4_6.py,sys,,external
scripts/analysis/thickness_mismatch/shapes/plot_eb_timo_full_mode_shapes_eps0p03_beta45_eta0_modes4_6.py,typing.Sequence,,external
scripts/analysis/thickness_mismatch/shapes/plot_in_plane_mode_shapes_beta90_mu0p3_eta0p1_first6.py,__future__.annotations,,external
scripts/analysis/thickness_mismatch/shapes/plot_in_plane_mode_shapes_beta90_mu0p3_eta0p1_first6.py,argparse,,external
scripts/analysis/thickness_mismatch/shapes/plot_in_plane_mode_shapes_beta90_mu0p3_eta0p1_first6.py,csv,,external
scripts/analysis/thickness_mismatch/shapes/plot_in_plane_mode_shapes_beta90_mu0p3_eta0p1_first6.py,dataclasses.dataclass,,external
scripts/analysis/thickness_mismatch/shapes/plot_in_plane_mode_shapes_beta90_mu0p3_eta0p1_first6.py,math.isfinite,,external
scripts/analysis/thickness_mismatch/shapes/plot_in_plane_mode_shapes_beta90_mu0p3_eta0p1_first6.py,matplotlib,,external
scripts/analysis/thickness_mismatch/shapes/plot_in_plane_mode_shapes_beta90_mu0p3_eta0p1_first6.py,matplotlib.lines.Line2D,,external
scripts/analysis/thickness_mismatch/shapes/plot_in_plane_mode_shapes_beta90_mu0p3_eta0p1_first6.py,matplotlib.pyplot,,external
scripts/analysis/thickness_mismatch/shapes/plot_in_plane_mode_shapes_beta90_mu0p3_eta0p1_first6.py,my_project.analytic.formulas_thickness_mismatch.assemble_clamped_coupled_matrix_eta,src/my_project/analytic/formulas_thickness_mismatch.py,resolved
scripts/analysis/thickness_mismatch/shapes/plot_in_plane_mode_shapes_beta90_mu0p3_eta0p1_first6.py,my_project.analytic.formulas_thickness_mismatch.find_first_n_roots_eta,src/my_project/analytic/formulas_thickness_mismatch.py,resolved
scripts/analysis/thickness_mismatch/shapes/plot_in_plane_mode_shapes_beta90_mu0p3_eta0p1_first6.py,my_project.analytic.formulas_thickness_mismatch.thickness_to_length_ratios,src/my_project/analytic/formulas_thickness_mismatch.py,resolved
scripts/analysis/thickness_mismatch/shapes/plot_in_plane_mode_shapes_beta90_mu0p3_eta0p1_first6.py,numpy,,external
scripts/analysis/thickness_mismatch/shapes/plot_in_plane_mode_shapes_beta90_mu0p3_eta0p1_first6.py,pathlib.Path,,external
scripts/analysis/thickness_mismatch/shapes/plot_in_plane_mode_shapes_beta90_mu0p3_eta0p1_first6.py,scripts.analysis.plot_mode_shapes_eta_beta_scan,scripts/analysis/plot_mode_shapes_eta_beta_scan.py,resolved
scripts/analysis/thickness_mismatch/shapes/plot_in_plane_mode_shapes_beta90_mu0p3_eta0p1_first6.py,scripts.lib.analytic_coupled_rods_shapes.analytic_null_vector,scripts/lib/analytic_coupled_rods_shapes.py,resolved
scripts/analysis/thickness_mismatch/shapes/plot_in_plane_mode_shapes_beta90_mu0p3_eta0p1_first6.py,scripts.lib.in_plane_shape_geometry,scripts/lib/in_plane_shape_geometry.py,resolved
scripts/analysis/thickness_mismatch/shapes/plot_in_plane_mode_shapes_beta90_mu0p3_eta0p1_first6.py,scripts.lib.thickness_mismatch_mac_tracking.reconstruct_components_eta,scripts/lib/thickness_mismatch_mac_tracking.py,resolved
scripts/analysis/thickness_mismatch/shapes/plot_in_plane_mode_shapes_beta90_mu0p3_eta0p1_first6.py,sys,,external
scripts/analysis/thickness_mismatch/shapes/plot_in_plane_mode_shapes_beta90_mu0p3_eta0p1_first6.py,typing.Sequence,,external
scripts/analysis/track_lambda_eta_thickness_mismatch.py,__future__.annotations,,external
scripts/analysis/track_lambda_eta_thickness_mismatch.py,csv,,external
scripts/analysis/track_lambda_eta_thickness_mismatch.py,dataclasses.dataclass,,external
scripts/analysis/track_lambda_eta_thickness_mismatch.py,matplotlib,,external
scripts/analysis/track_lambda_eta_thickness_mismatch.py,matplotlib.pyplot,,external
scripts/analysis/track_lambda_eta_thickness_mismatch.py,my_project.analytic.formulas_thickness_mismatch.find_first_n_roots_eta,src/my_project/analytic/formulas_thickness_mismatch.py,resolved
scripts/analysis/track_lambda_eta_thickness_mismatch.py,numpy,,external
scripts/analysis/track_lambda_eta_thickness_mismatch.py,pathlib.Path,,external
scripts/analysis/track_lambda_eta_thickness_mismatch.py,sys,,external
scripts/analysis/track_lambda_eta_thickness_mismatch.py,typing.Iterable,,external
scripts/analysis/track_lambda_eta_thickness_mismatch.py,typing.Sequence,,external
scripts/analysis/track_lambda_mu_thickness_mismatch_eta_sweep.py,__future__.annotations,,external
scripts/analysis/track_lambda_mu_thickness_mismatch_eta_sweep.py,matplotlib,,external
scripts/analysis/track_lambda_mu_thickness_mismatch_eta_sweep.py,matplotlib.pyplot,,external
scripts/analysis/track_lambda_mu_thickness_mismatch_eta_sweep.py,my_project.analytic.formulas_thickness_mismatch.find_first_n_roots_eta,src/my_project/analytic/formulas_thickness_mismatch.py,resolved
scripts/analysis/track_lambda_mu_thickness_mismatch_eta_sweep.py,my_project.analytic.solvers.find_first_n_roots,src/my_project/analytic/solvers.py,resolved
scripts/analysis/track_lambda_mu_thickness_mismatch_eta_sweep.py,numpy,,external
scripts/analysis/track_lambda_mu_thickness_mismatch_eta_sweep.py,pathlib.Path,,external
scripts/analysis/track_lambda_mu_thickness_mismatch_eta_sweep.py,scripts.analysis.track_lambda_eta_thickness_mismatch.write_csv,scripts/analysis/track_lambda_eta_thickness_mismatch.py,resolved
scripts/analysis/track_lambda_mu_thickness_mismatch_eta_sweep.py,scripts.lib.thickness_mismatch_mac_tracking.track_mu_branches_shape_mac,scripts/lib/thickness_mismatch_mac_tracking.py,resolved
scripts/analysis/track_lambda_mu_thickness_mismatch_eta_sweep.py,sys,,external
scripts/analysis/track_lambda_mu_thickness_mismatch_eta_sweep.py,typing.Sequence,,external
scripts/analysis/validate_article_shape_cases_beta15.py,__future__.annotations,,external
scripts/analysis/validate_article_shape_cases_beta15.py,argparse,,external
scripts/analysis/validate_article_shape_cases_beta15.py,csv,,external
scripts/analysis/validate_article_shape_cases_beta15.py,numpy,,external
scripts/analysis/validate_article_shape_cases_beta15.py,pathlib.Path,,external
scripts/analysis/validate_article_shape_cases_beta15.py,scripts.analysis.compare_analytic_fem_tracked_descendant_shape.filename_number_token,scripts/analysis/compare_analytic_fem_tracked_descendant_shape.py,resolved
scripts/analysis/validate_article_shape_cases_beta15.py,scripts.analysis.compare_analytic_fem_tracked_descendant_shape.main,scripts/analysis/compare_analytic_fem_tracked_descendant_shape.py,resolved
scripts/analysis/validate_article_shape_cases_beta15.py,sys,,external
scripts/analysis/validate_article_shape_cases_beta15.py,typing.Sequence,,external
scripts/analyze_branchwise_fem_spectrum.py,__future__.annotations,,external
scripts/analyze_branchwise_fem_spectrum.py,csv,,external
scripts/analyze_branchwise_fem_spectrum.py,math.ceil,,external
scripts/analyze_branchwise_fem_spectrum.py,matplotlib,,external
scripts/analyze_branchwise_fem_spectrum.py,matplotlib.colors.LogNorm,,external
scripts/analyze_branchwise_fem_spectrum.py,matplotlib.pyplot,,external
scripts/analyze_branchwise_fem_spectrum.py,my_project.fem.python_fem,src/my_project/fem/python_fem.py,resolved
scripts/analyze_branchwise_fem_spectrum.py,numpy,,external
scripts/analyze_branchwise_fem_spectrum.py,pathlib.Path,,external
scripts/analyze_branchwise_fem_spectrum.py,scipy.optimize.linear_sum_assignment,,external
scripts/analyze_branchwise_fem_spectrum.py,scripts.compare_beta0_analytic_vs_fem.BASE_PARAMS,scripts/compare_beta0_analytic_vs_fem.py,resolved
scripts/analyze_branchwise_fem_spectrum.py,scripts.compare_beta0_analytic_vs_fem.fem_axial_fractions,scripts/compare_beta0_analytic_vs_fem.py,resolved
scripts/analyze_branchwise_fem_spectrum.py,scripts.compare_beta0_analytic_vs_fem.fem_parameter_override,scripts/compare_beta0_analytic_vs_fem.py,resolved
scripts/analyze_branchwise_fem_spectrum.py,scripts.sweep_grid_policy.ANALYSIS_BETA_STEP,scripts/sweep_grid_policy.py,resolved
scripts/analyze_branchwise_fem_spectrum.py,scripts.sweep_grid_policy.ANALYSIS_MU_STEP,scripts/sweep_grid_policy.py,resolved
scripts/analyze_branchwise_fem_spectrum.py,scripts.sweep_grid_policy.analysis_beta_grid,scripts/sweep_grid_policy.py,resolved
scripts/analyze_branchwise_fem_spectrum.py,scripts.sweep_grid_policy.analysis_mu_grid,scripts/sweep_grid_policy.py,resolved
scripts/analyze_branchwise_fem_spectrum.py,sys,,external
scripts/analyze_flat_mu_bending_energy.py,__future__.annotations,,external
scripts/analyze_flat_mu_bending_energy.py,collections.defaultdict,,external
scripts/analyze_flat_mu_bending_energy.py,csv,,external
scripts/analyze_flat_mu_bending_energy.py,matplotlib,,external
scripts/analyze_flat_mu_bending_energy.py,matplotlib.lines.Line2D,,external
scripts/analyze_flat_mu_bending_energy.py,matplotlib.pyplot,,external
scripts/analyze_flat_mu_bending_energy.py,my_project.fem.python_fem,src/my_project/fem/python_fem.py,resolved
scripts/analyze_flat_mu_bending_energy.py,numpy,,external
scripts/analyze_flat_mu_bending_energy.py,pathlib.Path,,external
scripts/analyze_flat_mu_bending_energy.py,scipy.optimize.linear_sum_assignment,,external
scripts/analyze_flat_mu_bending_energy.py,scripts.compare_beta0_analytic_vs_fem.build_params,scripts/compare_beta0_analytic_vs_fem.py,resolved
scripts/analyze_flat_mu_bending_energy.py,scripts.compare_beta0_analytic_vs_fem.fem_axial_fractions,scripts/compare_beta0_analytic_vs_fem.py,resolved
scripts/analyze_flat_mu_bending_energy.py,scripts.compare_beta0_analytic_vs_fem.fem_parameter_override,scripts/compare_beta0_analytic_vs_fem.py,resolved
scripts/analyze_flat_mu_bending_energy.py,scripts.sweep_grid_policy.ANALYSIS_BETA_STEP,scripts/sweep_grid_policy.py,resolved
scripts/analyze_flat_mu_bending_energy.py,scripts.sweep_grid_policy.ANALYSIS_MU_STEP,scripts/sweep_grid_policy.py,resolved
scripts/analyze_flat_mu_bending_energy.py,scripts.sweep_grid_policy.analysis_beta_grid,scripts/sweep_grid_policy.py,resolved
scripts/analyze_flat_mu_bending_energy.py,scripts.sweep_grid_policy.analysis_mu_grid,scripts/sweep_grid_policy.py,resolved
scripts/analyze_flat_mu_bending_energy.py,sys,,external
scripts/analyze_flat_mu_branches.py,__future__.annotations,,external
scripts/analyze_flat_mu_branches.py,collections.Counter,,external
scripts/analyze_flat_mu_branches.py,collections.defaultdict,,external
scripts/analyze_flat_mu_branches.py,csv,,external
scripts/analyze_flat_mu_branches.py,matplotlib,,external
scripts/analyze_flat_mu_branches.py,matplotlib.pyplot,,external
scripts/analyze_flat_mu_branches.py,my_project.fem.python_fem,src/my_project/fem/python_fem.py,resolved
scripts/analyze_flat_mu_branches.py,numpy,,external
scripts/analyze_flat_mu_branches.py,pathlib.Path,,external
scripts/analyze_flat_mu_branches.py,scipy.optimize.linear_sum_assignment,,external
scripts/analyze_flat_mu_branches.py,scripts.compare_beta0_analytic_vs_fem.build_params,scripts/compare_beta0_analytic_vs_fem.py,resolved
scripts/analyze_flat_mu_branches.py,scripts.compare_beta0_analytic_vs_fem.fem_axial_fractions,scripts/compare_beta0_analytic_vs_fem.py,resolved
scripts/analyze_flat_mu_branches.py,scripts.compare_beta0_analytic_vs_fem.fem_parameter_override,scripts/compare_beta0_analytic_vs_fem.py,resolved
scripts/analyze_flat_mu_branches.py,scripts.sweep_grid_policy.ANALYSIS_MU_STEP,scripts/sweep_grid_policy.py,resolved
scripts/analyze_flat_mu_branches.py,scripts.sweep_grid_policy.analysis_mu_grid,scripts/sweep_grid_policy.py,resolved
scripts/analyze_flat_mu_branches.py,sys,,external
scripts/analyze_target_descendants_beta15_r5.py,__future__.annotations,,external
scripts/analyze_target_descendants_beta15_r5.py,csv,,external
scripts/analyze_target_descendants_beta15_r5.py,dataclasses.dataclass,,external
scripts/analyze_target_descendants_beta15_r5.py,matplotlib,,external
scripts/analyze_target_descendants_beta15_r5.py,matplotlib.lines.Line2D,,external
scripts/analyze_target_descendants_beta15_r5.py,matplotlib.pyplot,,external
scripts/analyze_target_descendants_beta15_r5.py,my_project.analytic.FreqMuNet.roots_clamped_supported,src/my_project/analytic/FreqMuNet.py,resolved
scripts/analyze_target_descendants_beta15_r5.py,my_project.analytic.formulas.frequency_scale,src/my_project/analytic/formulas.py,resolved
scripts/analyze_target_descendants_beta15_r5.py,my_project.fem.python_fem,src/my_project/fem/python_fem.py,resolved
scripts/analyze_target_descendants_beta15_r5.py,numpy,,external
scripts/analyze_target_descendants_beta15_r5.py,pathlib.Path,,external
scripts/analyze_target_descendants_beta15_r5.py,scripts.analyze_flat_mu_bending_energy.MODE_SHAPE_SCALE,scripts/analyze_flat_mu_bending_energy.py,resolved
scripts/analyze_target_descendants_beta15_r5.py,scripts.analyze_flat_mu_bending_energy.N_SOLVE,scripts/analyze_flat_mu_bending_energy.py,resolved
scripts/analyze_target_descendants_beta15_r5.py,scripts.analyze_flat_mu_bending_energy.N_TRACK,scripts/analyze_flat_mu_bending_energy.py,resolved
scripts/analyze_target_descendants_beta15_r5.py,scripts.analyze_flat_mu_bending_energy.RESULTS_DIR,scripts/analyze_flat_mu_bending_energy.py,resolved
scripts/analyze_target_descendants_beta15_r5.py,scripts.analyze_flat_mu_bending_energy.assign_by_mac_and_frequency,scripts/analyze_flat_mu_bending_energy.py,resolved
scripts/analyze_target_descendants_beta15_r5.py,scripts.analyze_flat_mu_bending_energy.build_branch_metadata,scripts/analyze_flat_mu_bending_energy.py,resolved
scripts/analyze_target_descendants_beta15_r5.py,scripts.analyze_flat_mu_bending_energy.build_params,scripts/analyze_flat_mu_bending_energy.py,resolved
scripts/analyze_target_descendants_beta15_r5.py,scripts.analyze_flat_mu_bending_energy.expand_full_vector,scripts/analyze_flat_mu_bending_energy.py,resolved
scripts/analyze_target_descendants_beta15_r5.py,scripts.analyze_flat_mu_bending_energy.solve_fem_modes,scripts/analyze_flat_mu_bending_energy.py,resolved
scripts/analyze_target_descendants_beta15_r5.py,scripts.compare_beta0_analytic_vs_fem.fem_axial_fractions,scripts/compare_beta0_analytic_vs_fem.py,resolved
scripts/analyze_target_descendants_beta15_r5.py,scripts.sweep_grid_policy.ANALYSIS_BETA_STEP,scripts/sweep_grid_policy.py,resolved
scripts/analyze_target_descendants_beta15_r5.py,scripts.sweep_grid_policy.ANALYSIS_MU_STEP,scripts/sweep_grid_policy.py,resolved
scripts/analyze_target_descendants_beta15_r5.py,scripts.sweep_grid_policy.LOCAL_MU_REFINEMENT_STEP,scripts/sweep_grid_policy.py,resolved
scripts/analyze_target_descendants_beta15_r5.py,scripts.sweep_grid_policy.analysis_beta_grid,scripts/sweep_grid_policy.py,resolved
scripts/analyze_target_descendants_beta15_r5.py,scripts.sweep_grid_policy.analysis_mu_grid,scripts/sweep_grid_policy.py,resolved
scripts/analyze_target_descendants_beta15_r5.py,sys,,external
scripts/compare_beta0_analytic_vs_fem.py,__future__.annotations,,external
scripts/compare_beta0_analytic_vs_fem.py,contextlib.contextmanager,,external
scripts/compare_beta0_analytic_vs_fem.py,csv,,external
scripts/compare_beta0_analytic_vs_fem.py,matplotlib,,external
scripts/compare_beta0_analytic_vs_fem.py,matplotlib.lines.Line2D,,external
scripts/compare_beta0_analytic_vs_fem.py,matplotlib.pyplot,,external
scripts/compare_beta0_analytic_vs_fem.py,my_project.analytic.FreqFromMu.BeamParams,src/my_project/analytic/FreqFromMu.py,resolved
scripts/compare_beta0_analytic_vs_fem.py,my_project.analytic.formulas.lambdas_to_frequencies,src/my_project/analytic/formulas.py,resolved
scripts/compare_beta0_analytic_vs_fem.py,my_project.analytic.solvers.find_first_n_roots,src/my_project/analytic/solvers.py,resolved
scripts/compare_beta0_analytic_vs_fem.py,my_project.analytic.solvers.tracked_lambdas_vs_mu,src/my_project/analytic/solvers.py,resolved
scripts/compare_beta0_analytic_vs_fem.py,my_project.fem.python_fem,src/my_project/fem/python_fem.py,resolved
scripts/compare_beta0_analytic_vs_fem.py,numpy,,external
scripts/compare_beta0_analytic_vs_fem.py,pathlib.Path,,external
scripts/compare_beta0_analytic_vs_fem.py,scripts.sweep_grid_policy.ANALYSIS_MU_STEP,scripts/sweep_grid_policy.py,resolved
scripts/compare_beta0_analytic_vs_fem.py,scripts.sweep_grid_policy.analysis_mu_grid,scripts/sweep_grid_policy.py,resolved
scripts/compare_beta0_analytic_vs_fem.py,sys,,external
scripts/compare_beta_positive_type_aware.py,__future__.annotations,,external
scripts/compare_beta_positive_type_aware.py,csv,,external
scripts/compare_beta_positive_type_aware.py,math.ceil,,external
scripts/compare_beta_positive_type_aware.py,matplotlib,,external
scripts/compare_beta_positive_type_aware.py,matplotlib.lines.Line2D,,external
scripts/compare_beta_positive_type_aware.py,matplotlib.pyplot,,external
scripts/compare_beta_positive_type_aware.py,my_project.analytic.formulas.lambdas_to_frequencies,src/my_project/analytic/formulas.py,resolved
scripts/compare_beta_positive_type_aware.py,my_project.analytic.solvers.find_first_n_roots,src/my_project/analytic/solvers.py,resolved
scripts/compare_beta_positive_type_aware.py,my_project.analytic.solvers.find_roots_scan_bisect,src/my_project/analytic/solvers.py,resolved
scripts/compare_beta_positive_type_aware.py,my_project.fem.python_fem,src/my_project/fem/python_fem.py,resolved
scripts/compare_beta_positive_type_aware.py,numpy,,external
scripts/compare_beta_positive_type_aware.py,pathlib.Path,,external
scripts/compare_beta_positive_type_aware.py,scipy.optimize.linear_sum_assignment,,external
scripts/compare_beta_positive_type_aware.py,scripts.compare_beta0_analytic_vs_fem.BASE_PARAMS,scripts/compare_beta0_analytic_vs_fem.py,resolved
scripts/compare_beta_positive_type_aware.py,scripts.compare_beta0_analytic_vs_fem.N_BENDING,scripts/compare_beta0_analytic_vs_fem.py,resolved
scripts/compare_beta_positive_type_aware.py,scripts.compare_beta0_analytic_vs_fem.N_FEM_TYPED,scripts/compare_beta0_analytic_vs_fem.py,resolved
scripts/compare_beta_positive_type_aware.py,scripts.compare_beta0_analytic_vs_fem.fem_axial_fractions,scripts/compare_beta0_analytic_vs_fem.py,resolved
scripts/compare_beta_positive_type_aware.py,scripts.compare_beta0_analytic_vs_fem.fem_parameter_override,scripts/compare_beta0_analytic_vs_fem.py,resolved
scripts/compare_beta_positive_type_aware.py,scripts.compare_beta0_analytic_vs_fem.first_axial_seed_from_mu0,scripts/compare_beta0_analytic_vs_fem.py,resolved
scripts/compare_beta_positive_type_aware.py,scripts.compare_beta0_analytic_vs_fem.relative_error,scripts/compare_beta0_analytic_vs_fem.py,resolved
scripts/compare_beta_positive_type_aware.py,scripts.sweep_grid_policy.ANALYSIS_MU_STEP,scripts/sweep_grid_policy.py,resolved
scripts/compare_beta_positive_type_aware.py,scripts.sweep_grid_policy.analysis_mu_grid,scripts/sweep_grid_policy.py,resolved
scripts/compare_beta_positive_type_aware.py,sys,,external
scripts/lib/analytic_branch_tracking.py,__future__.annotations,,external
scripts/lib/analytic_branch_tracking.py,csv,,external
scripts/lib/analytic_branch_tracking.py,dataclasses.dataclass,,external
scripts/lib/analytic_branch_tracking.py,dataclasses.field,,external
scripts/lib/analytic_branch_tracking.py,my_project.analytic.formulas.assemble_clamped_coupled_matrix,src/my_project/analytic/formulas.py,resolved
scripts/lib/analytic_branch_tracking.py,my_project.analytic.solvers.find_first_n_roots,src/my_project/analytic/solvers.py,resolved
scripts/lib/analytic_branch_tracking.py,numpy,,external
scripts/lib/analytic_branch_tracking.py,pathlib.Path,,external
scripts/lib/analytic_branch_tracking.py,re,,external
scripts/lib/analytic_branch_tracking.py,scipy.optimize.linear_sum_assignment,,external
scripts/lib/analytic_branch_tracking.py,scipy.optimize.minimize_scalar,,external
scripts/lib/analytic_branch_tracking.py,scripts.lib.analytic_coupled_rods_shapes.NEAR_ZERO_NORM,scripts/lib/analytic_coupled_rods_shapes.py,resolved
scripts/lib/analytic_branch_tracking.py,scripts.lib.analytic_coupled_rods_shapes.analytic_null_vector,scripts/lib/analytic_coupled_rods_shapes.py,resolved
scripts/lib/analytic_branch_tracking.py,scripts.lib.analytic_coupled_rods_shapes.concatenate_components,scripts/lib/analytic_coupled_rods_shapes.py,resolved
scripts/lib/analytic_branch_tracking.py,scripts.lib.analytic_coupled_rods_shapes.normalize_components,scripts/lib/analytic_coupled_rods_shapes.py,resolved
scripts/lib/analytic_branch_tracking.py,scripts.lib.analytic_coupled_rods_shapes.reconstruct_analytic_components,scripts/lib/analytic_coupled_rods_shapes.py,resolved
scripts/lib/analytic_branch_tracking.py,scripts.lib.analytic_coupled_rods_shapes.unique_sorted_roots,scripts/lib/analytic_coupled_rods_shapes.py,resolved
scripts/lib/analytic_branch_tracking.py,typing.Iterable,,external
scripts/lib/analytic_branch_tracking.py,typing.Sequence,,external
scripts/lib/analytic_branch_tracking.py,warnings,,external
scripts/lib/analytic_coupled_rods_shapes.py,__future__.annotations,,external
scripts/lib/analytic_coupled_rods_shapes.py,numpy,,external
scripts/lib/analytic_coupled_rods_shapes.py,typing.Sequence,,external
scripts/lib/branch_informed_spectrum_continuation.py,__future__.annotations,,external
scripts/lib/branch_informed_spectrum_continuation.py,dataclasses.asdict,,external
scripts/lib/branch_informed_spectrum_continuation.py,dataclasses.dataclass,,external
scripts/lib/branch_informed_spectrum_continuation.py,dataclasses.field,,external
scripts/lib/branch_informed_spectrum_continuation.py,dataclasses.replace,,external
scripts/lib/branch_informed_spectrum_continuation.py,hashlib,,external
scripts/lib/branch_informed_spectrum_continuation.py,json,,external
scripts/lib/branch_informed_spectrum_continuation.py,math,,external
scripts/lib/branch_informed_spectrum_continuation.py,numpy,,external
scripts/lib/branch_informed_spectrum_continuation.py,pathlib.Path,,external
scripts/lib/branch_informed_spectrum_continuation.py,scipy.optimize.brentq,,external
scripts/lib/branch_informed_spectrum_continuation.py,scipy.optimize.linear_sum_assignment,,external
scripts/lib/branch_informed_spectrum_continuation.py,scipy.optimize.minimize_scalar,,external
scripts/lib/branch_informed_spectrum_continuation.py,scripts.lib.general_spectrum_completeness,scripts/lib/general_spectrum_completeness.py,resolved
scripts/lib/branch_informed_spectrum_continuation.py,typing.Mapping,,external
scripts/lib/branch_informed_spectrum_continuation.py,typing.Sequence,,external
scripts/lib/diagnostic_common.py,__future__.annotations,,external
scripts/lib/diagnostic_common.py,csv,,external
scripts/lib/diagnostic_common.py,numpy,,external
scripts/lib/diagnostic_common.py,pathlib.Path,,external
scripts/lib/diagnostic_common.py,typing.Iterable,,external
scripts/lib/diagnostic_common.py,typing.Mapping,,external
scripts/lib/diagnostic_common.py,typing.Sequence,,external
scripts/lib/epsilon_lower_envelope_metrics.py,__future__.annotations,,external
scripts/lib/epsilon_lower_envelope_metrics.py,dataclasses.dataclass,,external
scripts/lib/epsilon_lower_envelope_metrics.py,math,,external
scripts/lib/epsilon_lower_envelope_metrics.py,typing.Mapping,,external
scripts/lib/epsilon_lower_envelope_metrics.py,typing.Sequence,,external
scripts/lib/general_spectrum_completeness.py,__future__.annotations,,external
scripts/lib/general_spectrum_completeness.py,dataclasses.asdict,,external
scripts/lib/general_spectrum_completeness.py,dataclasses.dataclass,,external
scripts/lib/general_spectrum_completeness.py,dataclasses.field,,external
scripts/lib/general_spectrum_completeness.py,dataclasses.replace,,external
scripts/lib/general_spectrum_completeness.py,hashlib,,external
scripts/lib/general_spectrum_completeness.py,json,,external
scripts/lib/general_spectrum_completeness.py,math,,external
scripts/lib/general_spectrum_completeness.py,numpy,,external
scripts/lib/general_spectrum_completeness.py,pathlib.Path,,external
scripts/lib/general_spectrum_completeness.py,scipy.optimize.brentq,,external
scripts/lib/general_spectrum_completeness.py,scipy.optimize.minimize_scalar,,external
scripts/lib/general_spectrum_completeness.py,scripts.analysis.compare_single_rod_eb_timoshenko.fixed_fixed_eb_roots,scripts/analysis/compare_single_rod_eb_timoshenko.py,resolved
scripts/lib/general_spectrum_completeness.py,scripts.lib.straight_rod_factorized_spectrum,scripts/lib/straight_rod_factorized_spectrum.py,resolved
scripts/lib/general_spectrum_completeness.py,scripts.lib.variable_length_timoshenko,scripts/lib/variable_length_timoshenko.py,resolved
scripts/lib/general_spectrum_completeness.py,src.my_project.analytic.formulas_thickness_mismatch.assemble_clamped_coupled_matrix_eta,,external
scripts/lib/general_spectrum_completeness.py,typing.Callable,,external
scripts/lib/general_spectrum_completeness.py,typing.Mapping,,external
scripts/lib/general_spectrum_completeness.py,typing.Sequence,,external
scripts/lib/in_plane_shape_geometry.py,__future__.annotations,,external
scripts/lib/in_plane_shape_geometry.py,dataclasses.dataclass,,external
scripts/lib/in_plane_shape_geometry.py,math,,external
scripts/lib/in_plane_shape_geometry.py,numpy,,external
scripts/lib/straight_rod_factorized_spectrum.py,__future__.annotations,,external
scripts/lib/straight_rod_factorized_spectrum.py,dataclasses.dataclass,,external
scripts/lib/straight_rod_factorized_spectrum.py,dataclasses.replace,,external
scripts/lib/straight_rod_factorized_spectrum.py,hashlib,,external
scripts/lib/straight_rod_factorized_spectrum.py,json,,external
scripts/lib/straight_rod_factorized_spectrum.py,math,,external
scripts/lib/straight_rod_factorized_spectrum.py,numpy,,external
scripts/lib/straight_rod_factorized_spectrum.py,pathlib.Path,,external
scripts/lib/straight_rod_factorized_spectrum.py,scipy.optimize.brentq,,external
scripts/lib/straight_rod_factorized_spectrum.py,scipy.optimize.minimize_scalar,,external
scripts/lib/straight_rod_factorized_spectrum.py,scripts.lib.variable_length_timoshenko,scripts/lib/variable_length_timoshenko.py,resolved
scripts/lib/straight_rod_factorized_spectrum.py,typing.Callable,,external
scripts/lib/straight_rod_factorized_spectrum.py,typing.Sequence,,external
scripts/lib/thickness_mismatch_diagnostic_helpers.py,__future__.annotations,,external
scripts/lib/thickness_mismatch_diagnostic_helpers.py,dataclasses.dataclass,,external
scripts/lib/thickness_mismatch_diagnostic_helpers.py,matplotlib.pyplot,,external
scripts/lib/thickness_mismatch_diagnostic_helpers.py,my_project.analytic.FreqMuNet.roots_clamped_supported,src/my_project/analytic/FreqMuNet.py,resolved
scripts/lib/thickness_mismatch_diagnostic_helpers.py,my_project.analytic.FreqMuNet.single_lambda,src/my_project/analytic/FreqMuNet.py,resolved
scripts/lib/thickness_mismatch_diagnostic_helpers.py,my_project.analytic.formulas_thickness_mismatch.find_first_n_roots_eta,src/my_project/analytic/formulas_thickness_mismatch.py,resolved
scripts/lib/thickness_mismatch_diagnostic_helpers.py,my_project.analytic.formulas_thickness_mismatch.thickness_mismatch_factors,src/my_project/analytic/formulas_thickness_mismatch.py,resolved
scripts/lib/thickness_mismatch_diagnostic_helpers.py,my_project.analytic.formulas_thickness_mismatch.thickness_to_length_ratios,src/my_project/analytic/formulas_thickness_mismatch.py,resolved
scripts/lib/thickness_mismatch_diagnostic_helpers.py,my_project.analytic.formulas_thickness_mismatch.thin_rod_validity,src/my_project/analytic/formulas_thickness_mismatch.py,resolved
scripts/lib/thickness_mismatch_diagnostic_helpers.py,numpy,,external
scripts/lib/thickness_mismatch_diagnostic_helpers.py,scripts.lib.thickness_mismatch_mac_tracking.ShapeMacTrackingResult,scripts/lib/thickness_mismatch_mac_tracking.py,resolved
scripts/lib/thickness_mismatch_diagnostic_helpers.py,scripts.lib.thickness_mismatch_mac_tracking.track_mu_branches_shape_mac,scripts/lib/thickness_mismatch_mac_tracking.py,resolved
scripts/lib/thickness_mismatch_diagnostic_helpers.py,typing.Mapping,,external
scripts/lib/thickness_mismatch_diagnostic_helpers.py,typing.Sequence,,external
scripts/lib/thickness_mismatch_mac_tracking.py,__future__.annotations,,external
scripts/lib/thickness_mismatch_mac_tracking.py,dataclasses.dataclass,,external
scripts/lib/thickness_mismatch_mac_tracking.py,my_project.analytic.formulas_thickness_mismatch.assemble_clamped_coupled_matrix_eta,src/my_project/analytic/formulas_thickness_mismatch.py,resolved
scripts/lib/thickness_mismatch_mac_tracking.py,my_project.analytic.formulas_thickness_mismatch.thickness_mismatch_factors,src/my_project/analytic/formulas_thickness_mismatch.py,resolved
scripts/lib/thickness_mismatch_mac_tracking.py,numpy,,external
scripts/lib/thickness_mismatch_mac_tracking.py,scipy.optimize.linear_sum_assignment,,external
scripts/lib/thickness_mismatch_mac_tracking.py,typing.Mapping,,external
scripts/lib/thickness_mismatch_mac_tracking.py,typing.Sequence,,external
scripts/lib/tracked_bending_descendant_shapes.py,__future__.annotations,,external
scripts/lib/tracked_bending_descendant_shapes.py,matplotlib,,external
scripts/lib/tracked_bending_descendant_shapes.py,matplotlib.axes.Axes,,external
scripts/lib/tracked_bending_descendant_shapes.py,matplotlib.lines.Line2D,,external
scripts/lib/tracked_bending_descendant_shapes.py,matplotlib.pyplot,,external
scripts/lib/tracked_bending_descendant_shapes.py,my_project.analytic.formulas.frequency_scale,src/my_project/analytic/formulas.py,resolved
scripts/lib/tracked_bending_descendant_shapes.py,my_project.fem.python_fem,src/my_project/fem/python_fem.py,resolved
scripts/lib/tracked_bending_descendant_shapes.py,numpy,,external
scripts/lib/tracked_bending_descendant_shapes.py,pathlib.Path,,external
scripts/lib/tracked_bending_descendant_shapes.py,scripts.analyze_flat_mu_bending_energy.MODE_SHAPE_SCALE,scripts/analyze_flat_mu_bending_energy.py,resolved
scripts/lib/tracked_bending_descendant_shapes.py,scripts.analyze_flat_mu_bending_energy.N_SOLVE,scripts/analyze_flat_mu_bending_energy.py,resolved
scripts/lib/tracked_bending_descendant_shapes.py,scripts.analyze_flat_mu_bending_energy.N_TRACK,scripts/analyze_flat_mu_bending_energy.py,resolved
scripts/lib/tracked_bending_descendant_shapes.py,scripts.analyze_flat_mu_bending_energy.RESULTS_DIR,scripts/analyze_flat_mu_bending_energy.py,resolved
scripts/lib/tracked_bending_descendant_shapes.py,scripts.analyze_flat_mu_bending_energy.TARGET_RADII,scripts/analyze_flat_mu_bending_energy.py,resolved
scripts/lib/tracked_bending_descendant_shapes.py,scripts.analyze_flat_mu_bending_energy.assign_by_mac_and_frequency,scripts/analyze_flat_mu_bending_energy.py,resolved
scripts/lib/tracked_bending_descendant_shapes.py,scripts.analyze_flat_mu_bending_energy.build_branch_metadata,scripts/analyze_flat_mu_bending_energy.py,resolved
scripts/lib/tracked_bending_descendant_shapes.py,scripts.analyze_flat_mu_bending_energy.build_node_coordinates,scripts/analyze_flat_mu_bending_energy.py,resolved
scripts/lib/tracked_bending_descendant_shapes.py,scripts.analyze_flat_mu_bending_energy.build_params,scripts/analyze_flat_mu_bending_energy.py,resolved
scripts/lib/tracked_bending_descendant_shapes.py,scripts.analyze_flat_mu_bending_energy.element_bending_stiffness,scripts/analyze_flat_mu_bending_energy.py,resolved
scripts/lib/tracked_bending_descendant_shapes.py,scripts.analyze_flat_mu_bending_energy.expand_full_vector,scripts/analyze_flat_mu_bending_energy.py,resolved
scripts/lib/tracked_bending_descendant_shapes.py,scripts.analyze_flat_mu_bending_energy.mu_key,scripts/analyze_flat_mu_bending_energy.py,resolved
scripts/lib/tracked_bending_descendant_shapes.py,scripts.analyze_flat_mu_bending_energy.solve_fem_modes,scripts/analyze_flat_mu_bending_energy.py,resolved
scripts/lib/tracked_bending_descendant_shapes.py,scripts.compare_beta0_analytic_vs_fem.fem_axial_fractions,scripts/compare_beta0_analytic_vs_fem.py,resolved
scripts/lib/tracked_bending_descendant_shapes.py,scripts.sweep_grid_policy.ANALYSIS_BETA_STEP,scripts/sweep_grid_policy.py,resolved
scripts/lib/tracked_bending_descendant_shapes.py,scripts.sweep_grid_policy.ANALYSIS_MU_STEP,scripts/sweep_grid_policy.py,resolved
scripts/lib/tracked_bending_descendant_shapes.py,scripts.sweep_grid_policy.analysis_beta_grid,scripts/sweep_grid_policy.py,resolved
scripts/lib/tracked_bending_descendant_shapes.py,scripts.sweep_grid_policy.analysis_mu_grid,scripts/sweep_grid_policy.py,resolved
scripts/lib/tracked_bending_descendant_shapes.py,sys,,external
scripts/lib/tracked_bending_descendant_shapes.py,typing.Sequence,,external
scripts/lib/variable_length_timoshenko.py,__future__.annotations,,external
scripts/lib/variable_length_timoshenko.py,dataclasses.dataclass,,external
scripts/lib/variable_length_timoshenko.py,math,,external
scripts/lib/variable_length_timoshenko.py,numpy,,external
scripts/lib/variable_length_timoshenko.py,scipy.optimize.brentq,,external
scripts/lib/variable_length_timoshenko.py,typing.Callable,,external
scripts/plot_beta_sweep_mu0_compare.py,__future__.annotations,,external
scripts/plot_beta_sweep_mu0_compare.py,contextlib.contextmanager,,external
scripts/plot_beta_sweep_mu0_compare.py,csv,,external
scripts/plot_beta_sweep_mu0_compare.py,matplotlib,,external
scripts/plot_beta_sweep_mu0_compare.py,matplotlib.lines.Line2D,,external
scripts/plot_beta_sweep_mu0_compare.py,matplotlib.pyplot,,external
scripts/plot_beta_sweep_mu0_compare.py,my_project.analytic.formulas.BeamParams,src/my_project/analytic/formulas.py,resolved
scripts/plot_beta_sweep_mu0_compare.py,my_project.analytic.formulas.lambdas_to_frequencies,src/my_project/analytic/formulas.py,resolved
scripts/plot_beta_sweep_mu0_compare.py,my_project.analytic.solvers.find_first_n_roots,src/my_project/analytic/solvers.py,resolved
scripts/plot_beta_sweep_mu0_compare.py,my_project.analytic.solvers.find_roots_scan_bisect,src/my_project/analytic/solvers.py,resolved
scripts/plot_beta_sweep_mu0_compare.py,my_project.fem.python_fem,src/my_project/fem/python_fem.py,resolved
scripts/plot_beta_sweep_mu0_compare.py,numpy,,external
scripts/plot_beta_sweep_mu0_compare.py,pathlib.Path,,external
scripts/plot_beta_sweep_mu0_compare.py,scipy.optimize.linear_sum_assignment,,external
scripts/plot_beta_sweep_mu0_compare.py,scripts.sweep_grid_policy.LOCAL_BETA_REFINEMENT_STEP,scripts/sweep_grid_policy.py,resolved
scripts/plot_beta_sweep_mu0_compare.py,scripts.sweep_grid_policy.PRESENTATION_BETA_STEP,scripts/sweep_grid_policy.py,resolved
scripts/plot_beta_sweep_mu0_compare.py,scripts.sweep_grid_policy.nominal_step,scripts/sweep_grid_policy.py,resolved
scripts/plot_beta_sweep_mu0_compare.py,scripts.sweep_grid_policy.presentation_beta_grid,scripts/sweep_grid_policy.py,resolved
scripts/plot_beta_sweep_mu0_compare.py,sys,,external
scripts/plot_beta_sweep_mu0_four_radii_compare.py,__future__.annotations,,external
scripts/plot_beta_sweep_mu0_four_radii_compare.py,csv,,external
scripts/plot_beta_sweep_mu0_four_radii_compare.py,matplotlib,,external
scripts/plot_beta_sweep_mu0_four_radii_compare.py,matplotlib.lines.Line2D,,external
scripts/plot_beta_sweep_mu0_four_radii_compare.py,matplotlib.pyplot,,external
scripts/plot_beta_sweep_mu0_four_radii_compare.py,numpy,,external
scripts/plot_beta_sweep_mu0_four_radii_compare.py,pathlib.Path,,external
scripts/plot_beta_sweep_mu0_four_radii_compare.py,scripts.plot_beta_sweep_mu0_compare.N_BRANCHES,scripts/plot_beta_sweep_mu0_compare.py,resolved
scripts/plot_beta_sweep_mu0_four_radii_compare.py,scripts.plot_beta_sweep_mu0_compare.N_FEM_SOLVE,scripts/plot_beta_sweep_mu0_compare.py,resolved
scripts/plot_beta_sweep_mu0_four_radii_compare.py,scripts.plot_beta_sweep_mu0_compare.build_params,scripts/plot_beta_sweep_mu0_compare.py,resolved
scripts/plot_beta_sweep_mu0_four_radii_compare.py,scripts.plot_beta_sweep_mu0_compare.build_rows,scripts/plot_beta_sweep_mu0_compare.py,resolved
scripts/plot_beta_sweep_mu0_four_radii_compare.py,scripts.plot_beta_sweep_mu0_compare.compute_analytic_branches,scripts/plot_beta_sweep_mu0_compare.py,resolved
scripts/plot_beta_sweep_mu0_four_radii_compare.py,scripts.plot_beta_sweep_mu0_compare.compute_fem_branches,scripts/plot_beta_sweep_mu0_compare.py,resolved
scripts/plot_beta_sweep_mu0_four_radii_compare.py,scripts.plot_beta_sweep_mu0_compare.presentation_beta_grid,scripts/plot_beta_sweep_mu0_compare.py,resolved
scripts/plot_beta_sweep_mu0_four_radii_compare.py,scripts.plot_beta_sweep_mu0_compare.resolve_beta_grid,scripts/plot_beta_sweep_mu0_compare.py,resolved
scripts/plot_beta_sweep_mu0_four_radii_compare.py,scripts.plot_beta_sweep_mu0_compare.write_csv_rows,scripts/plot_beta_sweep_mu0_compare.py,resolved
scripts/plot_beta_sweep_mu0_four_radii_compare.py,sys,,external
scripts/plot_flat_mu_bending_desc_01_mu0_0p1_0p2_ru.py,__future__.annotations,,external
scripts/plot_flat_mu_bending_desc_01_mu0_0p1_0p2_ru.py,pathlib.Path,,external
scripts/plot_flat_mu_bending_desc_01_mu0_0p1_0p2_ru.py,scripts.plot_tracked_bending_descendant_shapes_ru.main,scripts/plot_tracked_bending_descendant_shapes_ru.py,resolved
scripts/plot_flat_mu_bending_desc_01_mu0_0p1_0p2_ru.py,sys,,external
scripts/plot_flat_mu_bending_desc_02_mu0_0p1_0p2_ru.py,__future__.annotations,,external
scripts/plot_flat_mu_bending_desc_02_mu0_0p1_0p2_ru.py,pathlib.Path,,external
scripts/plot_flat_mu_bending_desc_02_mu0_0p1_0p2_ru.py,scripts.plot_tracked_bending_descendant_shapes_ru.main,scripts/plot_tracked_bending_descendant_shapes_ru.py,resolved
scripts/plot_flat_mu_bending_desc_02_mu0_0p1_0p2_ru.py,sys,,external
scripts/plot_flat_mu_bending_desc_04_mu0_0p1_0p2_ru.py,__future__.annotations,,external
scripts/plot_flat_mu_bending_desc_04_mu0_0p1_0p2_ru.py,pathlib.Path,,external
scripts/plot_flat_mu_bending_desc_04_mu0_0p1_0p2_ru.py,scripts.plot_tracked_bending_descendant_shapes_ru.main,scripts/plot_tracked_bending_descendant_shapes_ru.py,resolved
scripts/plot_flat_mu_bending_desc_04_mu0_0p1_0p2_ru.py,sys,,external
scripts/plot_flat_mu_bending_desc_06_clean_ru.py,__future__.annotations,,external
scripts/plot_flat_mu_bending_desc_06_clean_ru.py,pathlib.Path,,external
scripts/plot_flat_mu_bending_desc_06_clean_ru.py,scripts.plot_tracked_bending_descendant_shapes_ru.main,scripts/plot_tracked_bending_descendant_shapes_ru.py,resolved
scripts/plot_flat_mu_bending_desc_06_clean_ru.py,sys,,external
scripts/plot_flat_mu_bending_desc_06_mu0_0p1_0p2_ru.py,__future__.annotations,,external
scripts/plot_flat_mu_bending_desc_06_mu0_0p1_0p2_ru.py,pathlib.Path,,external
scripts/plot_flat_mu_bending_desc_06_mu0_0p1_0p2_ru.py,scripts.plot_tracked_bending_descendant_shapes_ru.main,scripts/plot_tracked_bending_descendant_shapes_ru.py,resolved
scripts/plot_flat_mu_bending_desc_06_mu0_0p1_0p2_ru.py,sys,,external
scripts/plot_freq_mu_vs_fem.py,matplotlib.lines.Line2D,,external
scripts/plot_freq_mu_vs_fem.py,matplotlib.pyplot,,external
scripts/plot_freq_mu_vs_fem.py,my_project.analytic.FreqFromMu.BeamParams,src/my_project/analytic/FreqFromMu.py,resolved
scripts/plot_freq_mu_vs_fem.py,my_project.analytic.formulas.lambdas_to_frequencies,src/my_project/analytic/formulas.py,resolved
scripts/plot_freq_mu_vs_fem.py,my_project.analytic.solvers.tracked_lambdas_vs_mu,src/my_project/analytic/solvers.py,resolved
scripts/plot_freq_mu_vs_fem.py,numpy,,external
scripts/plot_freq_mu_vs_fem.py,pathlib.Path,,external
scripts/plot_freq_mu_vs_fem.py,sys,,external
scripts/plot_mu_sweep_beta0_four_radii_compare.py,__future__.annotations,,external
scripts/plot_mu_sweep_beta0_four_radii_compare.py,csv,,external
scripts/plot_mu_sweep_beta0_four_radii_compare.py,matplotlib,,external
scripts/plot_mu_sweep_beta0_four_radii_compare.py,matplotlib.colors.to_rgba,,external
scripts/plot_mu_sweep_beta0_four_radii_compare.py,matplotlib.lines.Line2D,,external
scripts/plot_mu_sweep_beta0_four_radii_compare.py,matplotlib.pyplot,,external
scripts/plot_mu_sweep_beta0_four_radii_compare.py,my_project.analytic.FreqMuNet.roots_clamped_supported,src/my_project/analytic/FreqMuNet.py,resolved
scripts/plot_mu_sweep_beta0_four_radii_compare.py,my_project.analytic.FreqMuNet.single_lambda,src/my_project/analytic/FreqMuNet.py,resolved
scripts/plot_mu_sweep_beta0_four_radii_compare.py,my_project.analytic.formulas.BeamParams,src/my_project/analytic/formulas.py,resolved
scripts/plot_mu_sweep_beta0_four_radii_compare.py,my_project.analytic.formulas.frequency_scale,src/my_project/analytic/formulas.py,resolved
scripts/plot_mu_sweep_beta0_four_radii_compare.py,numpy,,external
scripts/plot_mu_sweep_beta0_four_radii_compare.py,pathlib.Path,,external
scripts/plot_mu_sweep_beta0_four_radii_compare.py,scripts.compare_beta0_analytic_vs_fem.N_BENDING,scripts/compare_beta0_analytic_vs_fem.py,resolved
scripts/plot_mu_sweep_beta0_four_radii_compare.py,scripts.compare_beta0_analytic_vs_fem.N_FEM_TYPED,scripts/compare_beta0_analytic_vs_fem.py,resolved
scripts/plot_mu_sweep_beta0_four_radii_compare.py,scripts.compare_beta0_analytic_vs_fem.analytic_bending_mu_sweep,scripts/compare_beta0_analytic_vs_fem.py,resolved
scripts/plot_mu_sweep_beta0_four_radii_compare.py,scripts.compare_beta0_analytic_vs_fem.build_params,scripts/compare_beta0_analytic_vs_fem.py,resolved
scripts/plot_mu_sweep_beta0_four_radii_compare.py,scripts.compare_beta0_analytic_vs_fem.fem_mode_rows,scripts/compare_beta0_analytic_vs_fem.py,resolved
scripts/plot_mu_sweep_beta0_four_radii_compare.py,scripts.compare_beta0_analytic_vs_fem.relative_error,scripts/compare_beta0_analytic_vs_fem.py,resolved
scripts/plot_mu_sweep_beta0_four_radii_compare.py,scripts.compare_beta0_analytic_vs_fem.select_mode_rows,scripts/compare_beta0_analytic_vs_fem.py,resolved
scripts/plot_mu_sweep_beta0_four_radii_compare.py,scripts.sweep_grid_policy.PRESENTATION_MU_STEP,scripts/sweep_grid_policy.py,resolved
scripts/plot_mu_sweep_beta0_four_radii_compare.py,scripts.sweep_grid_policy.presentation_mu_grid,scripts/sweep_grid_policy.py,resolved
scripts/plot_mu_sweep_beta0_four_radii_compare.py,sys,,external
scripts/plot_mu_sweep_beta_fixed_four_radii_compare.py,__future__.annotations,,external
scripts/plot_mu_sweep_beta_fixed_four_radii_compare.py,matplotlib,,external
scripts/plot_mu_sweep_beta_fixed_four_radii_compare.py,matplotlib.lines.Line2D,,external
scripts/plot_mu_sweep_beta_fixed_four_radii_compare.py,matplotlib.pyplot,,external
scripts/plot_mu_sweep_beta_fixed_four_radii_compare.py,my_project.analytic.formulas.BeamParams,src/my_project/analytic/formulas.py,resolved
scripts/plot_mu_sweep_beta_fixed_four_radii_compare.py,my_project.analytic.formulas.lambdas_to_frequencies,src/my_project/analytic/formulas.py,resolved
scripts/plot_mu_sweep_beta_fixed_four_radii_compare.py,my_project.analytic.solvers.find_first_n_roots,src/my_project/analytic/solvers.py,resolved
scripts/plot_mu_sweep_beta_fixed_four_radii_compare.py,my_project.fem.python_fem,src/my_project/fem/python_fem.py,resolved
scripts/plot_mu_sweep_beta_fixed_four_radii_compare.py,numpy,,external
scripts/plot_mu_sweep_beta_fixed_four_radii_compare.py,pathlib.Path,,external
scripts/plot_mu_sweep_beta_fixed_four_radii_compare.py,scripts.compare_beta0_analytic_vs_fem.N_BENDING,scripts/compare_beta0_analytic_vs_fem.py,resolved
scripts/plot_mu_sweep_beta_fixed_four_radii_compare.py,scripts.compare_beta0_analytic_vs_fem.N_FEM_TYPED,scripts/compare_beta0_analytic_vs_fem.py,resolved
scripts/plot_mu_sweep_beta_fixed_four_radii_compare.py,scripts.compare_beta0_analytic_vs_fem.build_params,scripts/compare_beta0_analytic_vs_fem.py,resolved
scripts/plot_mu_sweep_beta_fixed_four_radii_compare.py,scripts.compare_beta0_analytic_vs_fem.fem_axial_fractions,scripts/compare_beta0_analytic_vs_fem.py,resolved
scripts/plot_mu_sweep_beta_fixed_four_radii_compare.py,scripts.compare_beta0_analytic_vs_fem.fem_parameter_override,scripts/compare_beta0_analytic_vs_fem.py,resolved
scripts/plot_mu_sweep_beta_fixed_four_radii_compare.py,scripts.compare_beta0_analytic_vs_fem.relative_error,scripts/compare_beta0_analytic_vs_fem.py,resolved
scripts/plot_mu_sweep_beta_fixed_four_radii_compare.py,scripts.plot_mu_sweep_beta0_four_radii_compare.RADIUS_VALUES,scripts/plot_mu_sweep_beta0_four_radii_compare.py,resolved
scripts/plot_mu_sweep_beta_fixed_four_radii_compare.py,scripts.plot_mu_sweep_beta0_four_radii_compare.build_combined_rows,scripts/plot_mu_sweep_beta0_four_radii_compare.py,resolved
scripts/plot_mu_sweep_beta_fixed_four_radii_compare.py,scripts.plot_mu_sweep_beta0_four_radii_compare.frequencies_to_lambdas,scripts/plot_mu_sweep_beta0_four_radii_compare.py,resolved
scripts/plot_mu_sweep_beta_fixed_four_radii_compare.py,scripts.plot_mu_sweep_beta0_four_radii_compare.load_csv_rows,scripts/plot_mu_sweep_beta0_four_radii_compare.py,resolved
scripts/plot_mu_sweep_beta_fixed_four_radii_compare.py,scripts.plot_mu_sweep_beta0_four_radii_compare.plot_reference_curves,scripts/plot_mu_sweep_beta0_four_radii_compare.py,resolved
scripts/plot_mu_sweep_beta_fixed_four_radii_compare.py,scripts.plot_mu_sweep_beta0_four_radii_compare.radius_key,scripts/plot_mu_sweep_beta0_four_radii_compare.py,resolved
scripts/plot_mu_sweep_beta_fixed_four_radii_compare.py,scripts.plot_mu_sweep_beta0_four_radii_compare.rows_to_case_data,scripts/plot_mu_sweep_beta0_four_radii_compare.py,resolved
scripts/plot_mu_sweep_beta_fixed_four_radii_compare.py,scripts.plot_mu_sweep_beta0_four_radii_compare.write_csv_rows,scripts/plot_mu_sweep_beta0_four_radii_compare.py,resolved
scripts/plot_mu_sweep_beta_fixed_four_radii_compare.py,scripts.sweep_grid_policy.PRESENTATION_MU_STEP,scripts/sweep_grid_policy.py,resolved
scripts/plot_mu_sweep_beta_fixed_four_radii_compare.py,scripts.sweep_grid_policy.presentation_mu_grid,scripts/sweep_grid_policy.py,resolved
scripts/plot_mu_sweep_beta_fixed_four_radii_compare.py,sys,,external
scripts/plot_mu_sweep_radius_fixed_four_betas_analytic.py,__future__.annotations,,external
scripts/plot_mu_sweep_radius_fixed_four_betas_analytic.py,argparse,,external
scripts/plot_mu_sweep_radius_fixed_four_betas_analytic.py,math,,external
scripts/plot_mu_sweep_radius_fixed_four_betas_analytic.py,matplotlib,,external
scripts/plot_mu_sweep_radius_fixed_four_betas_analytic.py,matplotlib.lines.Line2D,,external
scripts/plot_mu_sweep_radius_fixed_four_betas_analytic.py,matplotlib.pyplot,,external
scripts/plot_mu_sweep_radius_fixed_four_betas_analytic.py,my_project.analytic.formulas.BeamParams,src/my_project/analytic/formulas.py,resolved
scripts/plot_mu_sweep_radius_fixed_four_betas_analytic.py,my_project.analytic.formulas.lambdas_to_frequencies,src/my_project/analytic/formulas.py,resolved
scripts/plot_mu_sweep_radius_fixed_four_betas_analytic.py,my_project.analytic.solvers.find_first_n_roots,src/my_project/analytic/solvers.py,resolved
scripts/plot_mu_sweep_radius_fixed_four_betas_analytic.py,numpy,,external
scripts/plot_mu_sweep_radius_fixed_four_betas_analytic.py,pathlib.Path,,external
scripts/plot_mu_sweep_radius_fixed_four_betas_analytic.py,scripts.compare_beta0_analytic_vs_fem.N_BENDING,scripts/compare_beta0_analytic_vs_fem.py,resolved
scripts/plot_mu_sweep_radius_fixed_four_betas_analytic.py,scripts.compare_beta0_analytic_vs_fem.build_params,scripts/compare_beta0_analytic_vs_fem.py,resolved
scripts/plot_mu_sweep_radius_fixed_four_betas_analytic.py,scripts.plot_mu_sweep_beta0_four_radii_compare.branch_sort_key,scripts/plot_mu_sweep_beta0_four_radii_compare.py,resolved
scripts/plot_mu_sweep_radius_fixed_four_betas_analytic.py,scripts.plot_mu_sweep_beta0_four_radii_compare.build_combined_rows,scripts/plot_mu_sweep_beta0_four_radii_compare.py,resolved
scripts/plot_mu_sweep_radius_fixed_four_betas_analytic.py,scripts.plot_mu_sweep_beta0_four_radii_compare.build_reference_curves,scripts/plot_mu_sweep_beta0_four_radii_compare.py,resolved
scripts/plot_mu_sweep_radius_fixed_four_betas_analytic.py,scripts.plot_mu_sweep_beta0_four_radii_compare.load_csv_rows,scripts/plot_mu_sweep_beta0_four_radii_compare.py,resolved
scripts/plot_mu_sweep_radius_fixed_four_betas_analytic.py,scripts.plot_mu_sweep_beta0_four_radii_compare.plot_reference_curves,scripts/plot_mu_sweep_beta0_four_radii_compare.py,resolved
scripts/plot_mu_sweep_radius_fixed_four_betas_analytic.py,scripts.plot_mu_sweep_beta0_four_radii_compare.write_csv_rows,scripts/plot_mu_sweep_beta0_four_radii_compare.py,resolved
scripts/plot_mu_sweep_radius_fixed_four_betas_analytic.py,scripts.sweep_grid_policy.PRESENTATION_MU_STEP,scripts/sweep_grid_policy.py,resolved
scripts/plot_mu_sweep_radius_fixed_four_betas_analytic.py,scripts.sweep_grid_policy.presentation_mu_grid,scripts/sweep_grid_policy.py,resolved
scripts/plot_mu_sweep_radius_fixed_four_betas_analytic.py,sys,,external
scripts/plot_tracked_bending_descendant_shapes_ru.py,__future__.annotations,,external
scripts/plot_tracked_bending_descendant_shapes_ru.py,argparse,,external
scripts/plot_tracked_bending_descendant_shapes_ru.py,matplotlib,,external
scripts/plot_tracked_bending_descendant_shapes_ru.py,matplotlib.pyplot,,external
scripts/plot_tracked_bending_descendant_shapes_ru.py,pathlib.Path,,external
scripts/plot_tracked_bending_descendant_shapes_ru.py,scripts.lib.tracked_bending_descendant_shapes.ANALYSIS_BETA_STEP,scripts/lib/tracked_bending_descendant_shapes.py,resolved
scripts/plot_tracked_bending_descendant_shapes_ru.py,scripts.lib.tracked_bending_descendant_shapes.ANALYSIS_MU_STEP,scripts/lib/tracked_bending_descendant_shapes.py,resolved
scripts/plot_tracked_bending_descendant_shapes_ru.py,scripts.lib.tracked_bending_descendant_shapes.DEFAULT_BETA_DEG,scripts/lib/tracked_bending_descendant_shapes.py,resolved
scripts/plot_tracked_bending_descendant_shapes_ru.py,scripts.lib.tracked_bending_descendant_shapes.DEFAULT_BRANCH_ID,scripts/lib/tracked_bending_descendant_shapes.py,resolved
scripts/plot_tracked_bending_descendant_shapes_ru.py,scripts.lib.tracked_bending_descendant_shapes.DEFAULT_TARGET_MUS,scripts/lib/tracked_bending_descendant_shapes.py,resolved
scripts/plot_tracked_bending_descendant_shapes_ru.py,scripts.lib.tracked_bending_descendant_shapes.DEFAULT_TARGET_RADII,scripts/lib/tracked_bending_descendant_shapes.py,resolved
scripts/plot_tracked_bending_descendant_shapes_ru.py,scripts.lib.tracked_bending_descendant_shapes.build_single_shape_plot,scripts/lib/tracked_bending_descendant_shapes.py,resolved
scripts/plot_tracked_bending_descendant_shapes_ru.py,scripts.lib.tracked_bending_descendant_shapes.collect_branch_rows,scripts/lib/tracked_bending_descendant_shapes.py,resolved
scripts/plot_tracked_bending_descendant_shapes_ru.py,scripts.lib.tracked_bending_descendant_shapes.collect_branch_shape_cases,scripts/lib/tracked_bending_descendant_shapes.py,resolved
scripts/plot_tracked_bending_descendant_shapes_ru.py,scripts.lib.tracked_bending_descendant_shapes.collect_single_branch_shape,scripts/lib/tracked_bending_descendant_shapes.py,resolved
scripts/plot_tracked_bending_descendant_shapes_ru.py,scripts.lib.tracked_bending_descendant_shapes.default_output_path,scripts/lib/tracked_bending_descendant_shapes.py,resolved
scripts/plot_tracked_bending_descendant_shapes_ru.py,scripts.lib.tracked_bending_descendant_shapes.default_single_output_path,scripts/lib/tracked_bending_descendant_shapes.py,resolved
scripts/plot_tracked_bending_descendant_shapes_ru.py,scripts.lib.tracked_bending_descendant_shapes.draw_shape_case,scripts/lib/tracked_bending_descendant_shapes.py,resolved
scripts/plot_tracked_bending_descendant_shapes_ru.py,scripts.lib.tracked_bending_descendant_shapes.filename_number_token,scripts/lib/tracked_bending_descendant_shapes.py,resolved
scripts/plot_tracked_bending_descendant_shapes_ru.py,scripts.lib.tracked_bending_descendant_shapes.infer_title_label,scripts/lib/tracked_bending_descendant_shapes.py,resolved
scripts/plot_tracked_bending_descendant_shapes_ru.py,scripts.lib.tracked_bending_descendant_shapes.lambda_from_frequency_hz,scripts/lib/tracked_bending_descendant_shapes.py,resolved
scripts/plot_tracked_bending_descendant_shapes_ru.py,scripts.lib.tracked_bending_descendant_shapes.mu_label,scripts/lib/tracked_bending_descendant_shapes.py,resolved
scripts/plot_tracked_bending_descendant_shapes_ru.py,scripts.lib.tracked_bending_descendant_shapes.radius_from_epsilon,scripts/lib/tracked_bending_descendant_shapes.py,resolved
scripts/plot_tracked_bending_descendant_shapes_ru.py,scripts.lib.tracked_bending_descendant_shapes.resolve_output_path,scripts/lib/tracked_bending_descendant_shapes.py,resolved
scripts/plot_tracked_bending_descendant_shapes_ru.py,scripts.lib.tracked_bending_descendant_shapes.resolve_single_output_path,scripts/lib/tracked_bending_descendant_shapes.py,resolved
scripts/plot_tracked_bending_descendant_shapes_ru.py,scripts.lib.tracked_bending_descendant_shapes.shape_axis_limits,scripts/lib/tracked_bending_descendant_shapes.py,resolved
scripts/plot_tracked_bending_descendant_shapes_ru.py,scripts.lib.tracked_bending_descendant_shapes.shape_case_from_tracking,scripts/lib/tracked_bending_descendant_shapes.py,resolved
scripts/plot_tracked_bending_descendant_shapes_ru.py,scripts.lib.tracked_bending_descendant_shapes.shape_legend_handles,scripts/lib/tracked_bending_descendant_shapes.py,resolved
scripts/plot_tracked_bending_descendant_shapes_ru.py,scripts.lib.tracked_bending_descendant_shapes.target_mus_token,scripts/lib/tracked_bending_descendant_shapes.py,resolved
scripts/plot_tracked_bending_descendant_shapes_ru.py,scripts.lib.tracked_bending_descendant_shapes.track_branch_family,scripts/lib/tracked_bending_descendant_shapes.py,resolved
scripts/plot_tracked_bending_descendant_shapes_ru.py,sys,,external
scripts/plot_tracked_bending_descendant_shapes_ru.py,typing.Sequence,,external
scripts/run/run_analytic_coupled_rods_mode_shape_ru.py,__future__.annotations,,external
scripts/run/run_analytic_coupled_rods_mode_shape_ru.py,argparse,,external
scripts/run/run_analytic_coupled_rods_mode_shape_ru.py,csv,,external
scripts/run/run_analytic_coupled_rods_mode_shape_ru.py,matplotlib,,external
scripts/run/run_analytic_coupled_rods_mode_shape_ru.py,matplotlib.pyplot,,external
scripts/run/run_analytic_coupled_rods_mode_shape_ru.py,my_project.analytic.formulas.assemble_clamped_coupled_matrix,src/my_project/analytic/formulas.py,resolved
scripts/run/run_analytic_coupled_rods_mode_shape_ru.py,my_project.analytic.solvers.find_first_n_roots,src/my_project/analytic/solvers.py,resolved
scripts/run/run_analytic_coupled_rods_mode_shape_ru.py,numpy,,external
scripts/run/run_analytic_coupled_rods_mode_shape_ru.py,pathlib.Path,,external
scripts/run/run_analytic_coupled_rods_mode_shape_ru.py,scripts.lib.analytic_coupled_rods_shapes.NEAR_ZERO_NORM,scripts/lib/analytic_coupled_rods_shapes.py,resolved
scripts/run/run_analytic_coupled_rods_mode_shape_ru.py,scripts.lib.analytic_coupled_rods_shapes.analytic_arm_energy_diagnostics,scripts/lib/analytic_coupled_rods_shapes.py,resolved
scripts/run/run_analytic_coupled_rods_mode_shape_ru.py,scripts.lib.analytic_coupled_rods_shapes.analytic_null_vector,scripts/lib/analytic_coupled_rods_shapes.py,resolved
scripts/run/run_analytic_coupled_rods_mode_shape_ru.py,scripts.lib.analytic_coupled_rods_shapes.endpoint_consistency_diagnostics,scripts/lib/analytic_coupled_rods_shapes.py,resolved
scripts/run/run_analytic_coupled_rods_mode_shape_ru.py,scripts.lib.analytic_coupled_rods_shapes.normalize_components,scripts/lib/analytic_coupled_rods_shapes.py,resolved
scripts/run/run_analytic_coupled_rods_mode_shape_ru.py,scripts.lib.analytic_coupled_rods_shapes.reconstruct_analytic_components,scripts/lib/analytic_coupled_rods_shapes.py,resolved
scripts/run/run_analytic_coupled_rods_mode_shape_ru.py,scripts.lib.analytic_coupled_rods_shapes.unique_sorted_roots,scripts/lib/analytic_coupled_rods_shapes.py,resolved
scripts/run/run_analytic_coupled_rods_mode_shape_ru.py,scripts.lib.in_plane_shape_geometry.eb_rod1_local_fields_to_display,scripts/lib/in_plane_shape_geometry.py,resolved
scripts/run/run_analytic_coupled_rods_mode_shape_ru.py,scripts.lib.in_plane_shape_geometry.eb_rod2_local_fields_to_display,scripts/lib/in_plane_shape_geometry.py,resolved
scripts/run/run_analytic_coupled_rods_mode_shape_ru.py,sys,,external
scripts/run/run_analytic_coupled_rods_mode_shape_ru.py,typing.Sequence,,external
scripts/run/run_analytic_coupled_rods_vibration_shapes_beta15_mu06_eps0025_001_ru.py,__future__.annotations,,external
scripts/run/run_analytic_coupled_rods_vibration_shapes_beta15_mu06_eps0025_001_ru.py,pathlib.Path,,external
scripts/run/run_analytic_coupled_rods_vibration_shapes_beta15_mu06_eps0025_001_ru.py,scripts.analysis.plot_desc05_full_shapes_beta15_eps_sweep.main,scripts/analysis/plot_desc05_full_shapes_beta15_eps_sweep.py,resolved
scripts/run/run_analytic_coupled_rods_vibration_shapes_beta15_mu06_eps0025_001_ru.py,sys,,external
scripts/run/run_beta_sweep_mu0_four_radii.py,__future__.annotations,,external
scripts/run/run_beta_sweep_mu0_four_radii.py,argparse,,external
scripts/run/run_beta_sweep_mu0_four_radii.py,pathlib.Path,,external
scripts/run/run_beta_sweep_mu0_four_radii.py,scripts.plot_beta_sweep_mu0_four_radii_compare.main,scripts/plot_beta_sweep_mu0_four_radii_compare.py,resolved
scripts/run/run_beta_sweep_mu0_four_radii.py,sys,,external
scripts/run/run_beta_sweep_mu0_four_radii.py,typing.Sequence,,external
scripts/run/run_branchwise_fem_audit.py,__future__.annotations,,external
scripts/run/run_branchwise_fem_audit.py,argparse,,external
scripts/run/run_branchwise_fem_audit.py,pathlib.Path,,external
scripts/run/run_branchwise_fem_audit.py,scripts.analyze_branchwise_fem_spectrum.main,scripts/analyze_branchwise_fem_spectrum.py,resolved
scripts/run/run_branchwise_fem_audit.py,sys,,external
scripts/run/run_branchwise_fem_audit.py,typing.Sequence,,external
scripts/run/run_lambda_mu_beta15_eps001_fixed_fixed_ref.py,__future__.annotations,,external
scripts/run/run_lambda_mu_beta15_eps001_fixed_fixed_ref.py,argparse,,external
scripts/run/run_lambda_mu_beta15_eps001_fixed_fixed_ref.py,csv,,external
scripts/run/run_lambda_mu_beta15_eps001_fixed_fixed_ref.py,matplotlib,,external
scripts/run/run_lambda_mu_beta15_eps001_fixed_fixed_ref.py,matplotlib.pyplot,,external
scripts/run/run_lambda_mu_beta15_eps001_fixed_fixed_ref.py,mpmath,,external
scripts/run/run_lambda_mu_beta15_eps001_fixed_fixed_ref.py,numpy,,external
scripts/run/run_lambda_mu_beta15_eps001_fixed_fixed_ref.py,pathlib.Path,,external
scripts/run/run_lambda_mu_beta15_eps001_fixed_fixed_ref.py,scripts.lib.analytic_branch_tracking.DEFAULT_MU_STEPS,scripts/lib/analytic_branch_tracking.py,resolved
scripts/run/run_lambda_mu_beta15_eps001_fixed_fixed_ref.py,scripts.lib.analytic_branch_tracking.DEFAULT_N_SOLVE,scripts/lib/analytic_branch_tracking.py,resolved
scripts/run/run_lambda_mu_beta15_eps001_fixed_fixed_ref.py,scripts.lib.analytic_branch_tracking.DEFAULT_N_TRACK,scripts/lib/analytic_branch_tracking.py,resolved
scripts/run/run_lambda_mu_beta15_eps001_fixed_fixed_ref.py,scripts.lib.analytic_branch_tracking.branch_id_from_base_sorted_index,scripts/lib/analytic_branch_tracking.py,resolved
scripts/run/run_lambda_mu_beta15_eps001_fixed_fixed_ref.py,scripts.lib.analytic_branch_tracking.dense_mu_values_for_targets,scripts/lib/analytic_branch_tracking.py,resolved
scripts/run/run_lambda_mu_beta15_eps001_fixed_fixed_ref.py,scripts.lib.analytic_branch_tracking.track_mu_sweep,scripts/lib/analytic_branch_tracking.py,resolved
scripts/run/run_lambda_mu_beta15_eps001_fixed_fixed_ref.py,sys,,external
scripts/run/run_lambda_mu_beta15_eps001_fixed_fixed_ref.py,typing.Sequence,,external
scripts/run/run_lambda_mu_fixed_beta_analytic.py,__future__.annotations,,external
scripts/run/run_lambda_mu_fixed_beta_analytic.py,argparse,,external
scripts/run/run_lambda_mu_fixed_beta_analytic.py,csv,,external
scripts/run/run_lambda_mu_fixed_beta_analytic.py,my_project.analytic.FreqMuNet.plot_combined,src/my_project/analytic/FreqMuNet.py,resolved
scripts/run/run_lambda_mu_fixed_beta_analytic.py,numpy,,external
scripts/run/run_lambda_mu_fixed_beta_analytic.py,pathlib.Path,,external
scripts/run/run_lambda_mu_fixed_beta_analytic.py,scripts.lib.analytic_branch_tracking.DEFAULT_MU_STEPS,scripts/lib/analytic_branch_tracking.py,resolved
scripts/run/run_lambda_mu_fixed_beta_analytic.py,scripts.lib.analytic_branch_tracking.DEFAULT_N_SOLVE,scripts/lib/analytic_branch_tracking.py,resolved
scripts/run/run_lambda_mu_fixed_beta_analytic.py,scripts.lib.analytic_branch_tracking.DEFAULT_N_TRACK,scripts/lib/analytic_branch_tracking.py,resolved
scripts/run/run_lambda_mu_fixed_beta_analytic.py,scripts.lib.analytic_branch_tracking.branch_id_from_base_sorted_index,scripts/lib/analytic_branch_tracking.py,resolved
scripts/run/run_lambda_mu_fixed_beta_analytic.py,scripts.lib.analytic_branch_tracking.dense_mu_values_for_targets,scripts/lib/analytic_branch_tracking.py,resolved
scripts/run/run_lambda_mu_fixed_beta_analytic.py,scripts.lib.analytic_branch_tracking.track_mu_sweep,scripts/lib/analytic_branch_tracking.py,resolved
scripts/run/run_lambda_mu_fixed_beta_analytic.py,sys,,external
scripts/run/run_lambda_mu_fixed_beta_analytic.py,typing.Sequence,,external
scripts/run/run_mu_sweep_beta0_four_radii.py,__future__.annotations,,external
scripts/run/run_mu_sweep_beta0_four_radii.py,argparse,,external
scripts/run/run_mu_sweep_beta0_four_radii.py,pathlib.Path,,external
scripts/run/run_mu_sweep_beta0_four_radii.py,scripts.plot_mu_sweep_beta0_four_radii_compare.main,scripts/plot_mu_sweep_beta0_four_radii_compare.py,resolved
scripts/run/run_mu_sweep_beta0_four_radii.py,sys,,external
scripts/run/run_mu_sweep_beta0_four_radii.py,typing.Sequence,,external
scripts/run/run_mu_sweep_fixed_beta_four_radii.py,__future__.annotations,,external
scripts/run/run_mu_sweep_fixed_beta_four_radii.py,argparse,,external
scripts/run/run_mu_sweep_fixed_beta_four_radii.py,pathlib.Path,,external
scripts/run/run_mu_sweep_fixed_beta_four_radii.py,scripts.plot_mu_sweep_beta_fixed_four_radii_compare.main,scripts/plot_mu_sweep_beta_fixed_four_radii_compare.py,resolved
scripts/run/run_mu_sweep_fixed_beta_four_radii.py,sys,,external
scripts/run/run_mu_sweep_fixed_beta_four_radii.py,typing.Sequence,,external
scripts/run/run_mu_sweep_four_betas_analytic.py,__future__.annotations,,external
scripts/run/run_mu_sweep_four_betas_analytic.py,pathlib.Path,,external
scripts/run/run_mu_sweep_four_betas_analytic.py,scripts.plot_mu_sweep_radius_fixed_four_betas_analytic.main,scripts/plot_mu_sweep_radius_fixed_four_betas_analytic.py,resolved
scripts/run/run_mu_sweep_four_betas_analytic.py,sys,,external
scripts/run/run_mu_sweep_four_betas_analytic.py,typing.Sequence,,external
scripts/run/run_tracked_bending_descendant_shape_ru.py,__future__.annotations,,external
scripts/run/run_tracked_bending_descendant_shape_ru.py,argparse,,external
scripts/run/run_tracked_bending_descendant_shape_ru.py,csv,,external
scripts/run/run_tracked_bending_descendant_shape_ru.py,pathlib.Path,,external
scripts/run/run_tracked_bending_descendant_shape_ru.py,scripts.lib.tracked_bending_descendant_shapes.ANALYSIS_BETA_STEP,scripts/lib/tracked_bending_descendant_shapes.py,resolved
scripts/run/run_tracked_bending_descendant_shape_ru.py,scripts.lib.tracked_bending_descendant_shapes.ANALYSIS_MU_STEP,scripts/lib/tracked_bending_descendant_shapes.py,resolved
scripts/run/run_tracked_bending_descendant_shape_ru.py,scripts.lib.tracked_bending_descendant_shapes.DIAGNOSTICS_LEVELS,scripts/lib/tracked_bending_descendant_shapes.py,resolved
scripts/run/run_tracked_bending_descendant_shape_ru.py,scripts.lib.tracked_bending_descendant_shapes.NEAR_ZERO_NORM,scripts/lib/tracked_bending_descendant_shapes.py,resolved
scripts/run/run_tracked_bending_descendant_shape_ru.py,scripts.lib.tracked_bending_descendant_shapes.NORMALIZE_KINDS,scripts/lib/tracked_bending_descendant_shapes.py,resolved
scripts/run/run_tracked_bending_descendant_shape_ru.py,scripts.lib.tracked_bending_descendant_shapes.PLOT_KINDS,scripts/lib/tracked_bending_descendant_shapes.py,resolved
scripts/run/run_tracked_bending_descendant_shape_ru.py,scripts.lib.tracked_bending_descendant_shapes.build_single_shape_plot,scripts/lib/tracked_bending_descendant_shapes.py,resolved
scripts/run/run_tracked_bending_descendant_shape_ru.py,scripts.lib.tracked_bending_descendant_shapes.collect_single_branch_shape,scripts/lib/tracked_bending_descendant_shapes.py,resolved
scripts/run/run_tracked_bending_descendant_shape_ru.py,scripts.lib.tracked_bending_descendant_shapes.infer_title_label,scripts/lib/tracked_bending_descendant_shapes.py,resolved
scripts/run/run_tracked_bending_descendant_shape_ru.py,scripts.lib.tracked_bending_descendant_shapes.radius_from_epsilon,scripts/lib/tracked_bending_descendant_shapes.py,resolved
scripts/run/run_tracked_bending_descendant_shape_ru.py,scripts.lib.tracked_bending_descendant_shapes.resolve_normalization,scripts/lib/tracked_bending_descendant_shapes.py,resolved
scripts/run/run_tracked_bending_descendant_shape_ru.py,scripts.lib.tracked_bending_descendant_shapes.resolve_single_output_path,scripts/lib/tracked_bending_descendant_shapes.py,resolved
scripts/run/run_tracked_bending_descendant_shape_ru.py,scripts.lib.tracked_bending_descendant_shapes.single_shape_diagnostics,scripts/lib/tracked_bending_descendant_shapes.py,resolved
scripts/run/run_tracked_bending_descendant_shape_ru.py,sys,,external
scripts/run/run_tracked_bending_descendant_shape_ru.py,typing.Sequence,,external
scripts/run/run_tracked_bending_descendant_shape_ru.py,warnings,,external
scripts/run/run_tracked_bending_descendant_shapes_ru.py,__future__.annotations,,external
scripts/run/run_tracked_bending_descendant_shapes_ru.py,pathlib.Path,,external
scripts/run/run_tracked_bending_descendant_shapes_ru.py,scripts.plot_tracked_bending_descendant_shapes_ru.main,scripts/plot_tracked_bending_descendant_shapes_ru.py,resolved
scripts/run/run_tracked_bending_descendant_shapes_ru.py,sys,,external
scripts/run/run_tracked_bending_descendant_shapes_ru.py,typing.Sequence,,external
scripts/sweep_grid_policy.py,__future__.annotations,,external
scripts/sweep_grid_policy.py,numpy,,external
src/my_project/analytic/FreqFromAngle.py,.formulas.BeamParams,src/my_project/analytic/formulas.py,resolved
src/my_project/analytic/FreqFromAngle.py,.formulas.det_clamped_coupled,src/my_project/analytic/formulas.py,resolved
src/my_project/analytic/FreqFromAngle.py,.formulas.lambdas_to_frequencies,src/my_project/analytic/formulas.py,resolved
src/my_project/analytic/FreqFromAngle.py,.formulas.segment_lengths,src/my_project/analytic/formulas.py,resolved
src/my_project/analytic/FreqFromAngle.py,.solvers.find_first_n_roots,src/my_project/analytic/solvers.py,resolved
src/my_project/analytic/FreqFromAngle.py,.solvers.find_roots_scan_bisect,src/my_project/analytic/solvers.py,resolved
src/my_project/analytic/FreqFromAngle.py,.solvers.fixed_fixed_lambdas,src/my_project/analytic/solvers.py,resolved
src/my_project/analytic/FreqFromAngle.py,.solvers.track_branches,src/my_project/analytic/solvers.py,resolved
src/my_project/analytic/FreqFromAngle.py,formulas.BeamParams,src/my_project/analytic/formulas.py,resolved
src/my_project/analytic/FreqFromAngle.py,formulas.det_clamped_coupled,src/my_project/analytic/formulas.py,resolved
src/my_project/analytic/FreqFromAngle.py,formulas.lambdas_to_frequencies,src/my_project/analytic/formulas.py,resolved
src/my_project/analytic/FreqFromAngle.py,formulas.segment_lengths,src/my_project/analytic/formulas.py,resolved
src/my_project/analytic/FreqFromAngle.py,matplotlib.pyplot,,external
src/my_project/analytic/FreqFromAngle.py,numpy,,external
src/my_project/analytic/FreqFromAngle.py,pathlib.Path,,external
src/my_project/analytic/FreqFromAngle.py,solvers.find_first_n_roots,src/my_project/analytic/solvers.py,resolved
src/my_project/analytic/FreqFromAngle.py,solvers.find_roots_scan_bisect,src/my_project/analytic/solvers.py,resolved
src/my_project/analytic/FreqFromAngle.py,solvers.fixed_fixed_lambdas,src/my_project/analytic/solvers.py,resolved
src/my_project/analytic/FreqFromAngle.py,solvers.track_branches,src/my_project/analytic/solvers.py,resolved
src/my_project/analytic/FreqFromAngle.py,sys,,external
src/my_project/analytic/FreqFromMu.py,.formulas.BeamParams,src/my_project/analytic/formulas.py,resolved
src/my_project/analytic/FreqFromMu.py,.formulas.det_clamped_coupled,src/my_project/analytic/formulas.py,resolved
src/my_project/analytic/FreqFromMu.py,.formulas.frequency_scale,src/my_project/analytic/formulas.py,resolved
src/my_project/analytic/FreqFromMu.py,.formulas.lambdas_to_frequencies,src/my_project/analytic/formulas.py,resolved
src/my_project/analytic/FreqFromMu.py,.solvers.find_close_pair_candidates,src/my_project/analytic/solvers.py,resolved
src/my_project/analytic/FreqFromMu.py,.solvers.find_first_n_roots,src/my_project/analytic/solvers.py,resolved
src/my_project/analytic/FreqFromMu.py,.solvers.find_roots_scan_bisect,src/my_project/analytic/solvers.py,resolved
src/my_project/analytic/FreqFromMu.py,.solvers.golden_minimize,src/my_project/analytic/solvers.py,resolved
src/my_project/analytic/FreqFromMu.py,.solvers.refine_tracked_pair,src/my_project/analytic/solvers.py,resolved
src/my_project/analytic/FreqFromMu.py,.solvers.root_by_min_abs_det,src/my_project/analytic/solvers.py,resolved
src/my_project/analytic/FreqFromMu.py,.solvers.track_branches,src/my_project/analytic/solvers.py,resolved
src/my_project/analytic/FreqFromMu.py,.solvers.tracked_lambdas_vs_mu,src/my_project/analytic/solvers.py,resolved
src/my_project/analytic/FreqFromMu.py,formulas.BeamParams,src/my_project/analytic/formulas.py,resolved
src/my_project/analytic/FreqFromMu.py,formulas.det_clamped_coupled,src/my_project/analytic/formulas.py,resolved
src/my_project/analytic/FreqFromMu.py,formulas.frequency_scale,src/my_project/analytic/formulas.py,resolved
src/my_project/analytic/FreqFromMu.py,formulas.lambdas_to_frequencies,src/my_project/analytic/formulas.py,resolved
src/my_project/analytic/FreqFromMu.py,matplotlib.pyplot,,external
src/my_project/analytic/FreqFromMu.py,numpy,,external
src/my_project/analytic/FreqFromMu.py,pathlib.Path,,external
src/my_project/analytic/FreqFromMu.py,solvers.find_close_pair_candidates,src/my_project/analytic/solvers.py,resolved
src/my_project/analytic/FreqFromMu.py,solvers.find_first_n_roots,src/my_project/analytic/solvers.py,resolved
src/my_project/analytic/FreqFromMu.py,solvers.find_roots_scan_bisect,src/my_project/analytic/solvers.py,resolved
src/my_project/analytic/FreqFromMu.py,solvers.golden_minimize,src/my_project/analytic/solvers.py,resolved
src/my_project/analytic/FreqFromMu.py,solvers.refine_tracked_pair,src/my_project/analytic/solvers.py,resolved
src/my_project/analytic/FreqFromMu.py,solvers.root_by_min_abs_det,src/my_project/analytic/solvers.py,resolved
src/my_project/analytic/FreqFromMu.py,solvers.track_branches,src/my_project/analytic/solvers.py,resolved
src/my_project/analytic/FreqFromMu.py,solvers.tracked_lambdas_vs_mu,src/my_project/analytic/solvers.py,resolved
src/my_project/analytic/FreqFromMu.py,sys,,external
src/my_project/analytic/FreqMuNet.py,.formulas.BeamParams,src/my_project/analytic/formulas.py,resolved
src/my_project/analytic/FreqMuNet.py,.formulas.det_clamped_coupled,src/my_project/analytic/formulas.py,resolved
src/my_project/analytic/FreqMuNet.py,.solvers.find_first_n_roots,src/my_project/analytic/solvers.py,resolved
src/my_project/analytic/FreqMuNet.py,.solvers.find_roots_scan_bisect,src/my_project/analytic/solvers.py,resolved
src/my_project/analytic/FreqMuNet.py,.solvers.track_branches,src/my_project/analytic/solvers.py,resolved
src/my_project/analytic/FreqMuNet.py,argparse,,external
src/my_project/analytic/FreqMuNet.py,formulas.BeamParams,src/my_project/analytic/formulas.py,resolved
src/my_project/analytic/FreqMuNet.py,formulas.det_clamped_coupled,src/my_project/analytic/formulas.py,resolved
src/my_project/analytic/FreqMuNet.py,inspect,,external
src/my_project/analytic/FreqMuNet.py,matplotlib,,external
src/my_project/analytic/FreqMuNet.py,matplotlib.colors.to_rgba,,external
src/my_project/analytic/FreqMuNet.py,matplotlib.lines.Line2D,,external
src/my_project/analytic/FreqMuNet.py,matplotlib.pyplot,,external
src/my_project/analytic/FreqMuNet.py,mpmath,,external
src/my_project/analytic/FreqMuNet.py,numpy,,external
src/my_project/analytic/FreqMuNet.py,pathlib.Path,,external
src/my_project/analytic/FreqMuNet.py,scripts.lib.analytic_branch_tracking.DEFAULT_MU_STEPS,scripts/lib/analytic_branch_tracking.py,resolved
src/my_project/analytic/FreqMuNet.py,scripts.lib.analytic_branch_tracking.DEFAULT_N_SOLVE,scripts/lib/analytic_branch_tracking.py,resolved
src/my_project/analytic/FreqMuNet.py,scripts.lib.analytic_branch_tracking.DEFAULT_N_TRACK,scripts/lib/analytic_branch_tracking.py,resolved
src/my_project/analytic/FreqMuNet.py,scripts.lib.analytic_branch_tracking.branch_id_from_base_sorted_index,scripts/lib/analytic_branch_tracking.py,resolved
src/my_project/analytic/FreqMuNet.py,scripts.lib.analytic_branch_tracking.dense_mu_values_for_targets,scripts/lib/analytic_branch_tracking.py,resolved
src/my_project/analytic/FreqMuNet.py,scripts.lib.analytic_branch_tracking.track_mu_sweep,scripts/lib/analytic_branch_tracking.py,resolved
src/my_project/analytic/FreqMuNet.py,solvers.find_first_n_roots,src/my_project/analytic/solvers.py,resolved
src/my_project/analytic/FreqMuNet.py,solvers.find_roots_scan_bisect,src/my_project/analytic/solvers.py,resolved
src/my_project/analytic/FreqMuNet.py,solvers.track_branches,src/my_project/analytic/solvers.py,resolved
src/my_project/analytic/FreqMuNet.py,sys,,external
src/my_project/analytic/__init__.py,.formulas.BeamParams,,unresolved
src/my_project/analytic/__init__.py,.formulas.assemble_clamped_coupled_matrix,,unresolved
src/my_project/analytic/__init__.py,.formulas.det_clamped_coupled,,unresolved
src/my_project/analytic/__init__.py,.formulas.frequency_scale,,unresolved
src/my_project/analytic/__init__.py,.formulas.lambdas_to_frequencies,,unresolved
src/my_project/analytic/__init__.py,.formulas.segment_lengths,,unresolved
src/my_project/analytic/__init__.py,.solvers.find_close_pair_candidates,,unresolved
src/my_project/analytic/__init__.py,.solvers.find_first_n_roots,,unresolved
src/my_project/analytic/__init__.py,.solvers.find_roots_scan_bisect,,unresolved
src/my_project/analytic/__init__.py,.solvers.fixed_fixed_lambdas,,unresolved
src/my_project/analytic/__init__.py,.solvers.golden_minimize,,unresolved
src/my_project/analytic/__init__.py,.solvers.refine_tracked_pair,,unresolved
src/my_project/analytic/__init__.py,.solvers.root_by_min_abs_det,,unresolved
src/my_project/analytic/__init__.py,.solvers.track_branches,,unresolved
src/my_project/analytic/formulas.py,dataclasses.dataclass,,external
src/my_project/analytic/formulas.py,numpy,,external
src/my_project/analytic/formulas_out_of_plane.py,.formulas_thickness_mismatch.thickness_mismatch_factors,src/my_project/analytic/formulas_thickness_mismatch.py,resolved
src/my_project/analytic/formulas_out_of_plane.py,__future__.annotations,,external
src/my_project/analytic/formulas_out_of_plane.py,dataclasses.dataclass,,external
src/my_project/analytic/formulas_out_of_plane.py,math.cos,,external
src/my_project/analytic/formulas_out_of_plane.py,math.isfinite,,external
src/my_project/analytic/formulas_out_of_plane.py,math.pi,,external
src/my_project/analytic/formulas_out_of_plane.py,math.sin,,external
src/my_project/analytic/formulas_out_of_plane.py,math.sqrt,,external
src/my_project/analytic/formulas_out_of_plane.py,numpy,,external
src/my_project/analytic/formulas_thickness_mismatch.py,__future__.annotations,,external
src/my_project/analytic/formulas_thickness_mismatch.py,dataclasses.dataclass,,external
src/my_project/analytic/formulas_thickness_mismatch.py,numpy,,external
src/my_project/analytic/out_of_plane_fem_1d.py,.formulas_thickness_mismatch.thickness_mismatch_factors,src/my_project/analytic/formulas_thickness_mismatch.py,resolved
src/my_project/analytic/out_of_plane_fem_1d.py,__future__.annotations,,external
src/my_project/analytic/out_of_plane_fem_1d.py,dataclasses.dataclass,,external
src/my_project/analytic/out_of_plane_fem_1d.py,math.cos,,external
src/my_project/analytic/out_of_plane_fem_1d.py,math.isfinite,,external
src/my_project/analytic/out_of_plane_fem_1d.py,math.sin,,external
src/my_project/analytic/out_of_plane_fem_1d.py,numpy,,external
src/my_project/analytic/out_of_plane_fem_1d.py,scipy.linalg.eigh,,external
src/my_project/analytic/solvers.py,.formulas.det_clamped_coupled,src/my_project/analytic/formulas.py,resolved
src/my_project/analytic/solvers.py,.formulas.frequency_scale,src/my_project/analytic/formulas.py,resolved
src/my_project/analytic/solvers.py,formulas.det_clamped_coupled,src/my_project/analytic/formulas.py,resolved
src/my_project/analytic/solvers.py,formulas.frequency_scale,src/my_project/analytic/formulas.py,resolved
src/my_project/analytic/solvers.py,mpmath,,external
src/my_project/analytic/solvers.py,numpy,,external
src/my_project/analytic/solvers.py,scipy.optimize.linear_sum_assignment,,external
src/my_project/analytic/solvers_out_of_plane.py,.formulas_out_of_plane.det_out_of_plane,src/my_project/analytic/formulas_out_of_plane.py,resolved
src/my_project/analytic/solvers_out_of_plane.py,__future__.annotations,,external
src/my_project/analytic/solvers_out_of_plane.py,dataclasses.dataclass,,external
src/my_project/analytic/solvers_out_of_plane.py,math.isfinite,,external
src/my_project/analytic/solvers_out_of_plane.py,numpy,,external
src/my_project/fem/python_fem.py,numpy,,external
src/my_project/fem/python_fem.py,pathlib.Path,,external
src/my_project/fem/python_fem.py,scipy.linalg.eigh,,external
src/my_project/fem/python_fem.py,scipy.optimize.linear_sum_assignment,,external
tests/test_analytic_branch_tracking_regression.py,numpy,,external
tests/test_analytic_branch_tracking_regression.py,pathlib.Path,,external
tests/test_analytic_branch_tracking_regression.py,scripts.lib.analytic_branch_tracking.branch_id_from_base_sorted_index,scripts/lib/analytic_branch_tracking.py,resolved
tests/test_analytic_branch_tracking_regression.py,scripts.lib.analytic_branch_tracking.dense_mu_values_for_targets,scripts/lib/analytic_branch_tracking.py,resolved
tests/test_analytic_branch_tracking_regression.py,scripts.lib.analytic_branch_tracking.track_mu_sweep,scripts/lib/analytic_branch_tracking.py,resolved
tests/test_analytic_branch_tracking_regression.py,sys,,external
tests/test_analytic_branch_tracking_regression.py,unittest,,external
tests/test_analytic_smoke.py,my_project.analytic.FreqFromAngle.BeamParams,src/my_project/analytic/FreqFromAngle.py,resolved
tests/test_analytic_smoke.py,my_project.analytic.FreqFromAngle.det_clamped_coupled,src/my_project/analytic/FreqFromAngle.py,resolved
tests/test_analytic_smoke.py,my_project.analytic.FreqFromAngle.find_first_n_roots,src/my_project/analytic/FreqFromAngle.py,resolved
tests/test_analytic_smoke.py,my_project.analytic.FreqFromAngle.fixed_fixed_lambdas,src/my_project/analytic/FreqFromAngle.py,resolved
tests/test_analytic_smoke.py,my_project.analytic.FreqFromMu.BeamParams,src/my_project/analytic/FreqFromMu.py,resolved
tests/test_analytic_smoke.py,my_project.analytic.FreqFromMu.det_clamped_coupled,src/my_project/analytic/FreqFromMu.py,resolved
tests/test_analytic_smoke.py,my_project.analytic.FreqFromMu.find_first_n_roots,src/my_project/analytic/FreqFromMu.py,resolved
tests/test_analytic_smoke.py,numpy,,external
tests/test_analytic_smoke.py,pathlib.Path,,external
tests/test_analytic_smoke.py,sys,,external
tests/test_analytic_smoke.py,unittest,,external
tests/test_diagnostic_common.py,csv,,external
tests/test_diagnostic_common.py,numpy,,external
tests/test_diagnostic_common.py,pathlib.Path,,external
tests/test_diagnostic_common.py,scripts.lib.diagnostic_common.inclusive_grid,scripts/lib/diagnostic_common.py,resolved
tests/test_diagnostic_common.py,scripts.lib.diagnostic_common.number_text,scripts/lib/diagnostic_common.py,resolved
tests/test_diagnostic_common.py,scripts.lib.diagnostic_common.number_token,scripts/lib/diagnostic_common.py,resolved
tests/test_diagnostic_common.py,scripts.lib.diagnostic_common.write_dict_rows_csv,scripts/lib/diagnostic_common.py,resolved
tests/test_diagnostic_common.py,sys,,external
tests/test_diagnostic_common.py,tempfile,,external
tests/test_diagnostic_common.py,unittest,,external
tests/test_diagnostic_script_imports.py,<dynamic>,,dynamic
tests/test_diagnostic_script_imports.py,importlib,,external
tests/test_diagnostic_script_imports.py,pathlib.Path,,external
tests/test_diagnostic_script_imports.py,sys,,external
tests/test_diagnostic_script_imports.py,unittest,,external
tests/test_eb_epsilon_apriori_pilot.py,csv,,external
tests/test_eb_epsilon_apriori_pilot.py,math,,external
tests/test_eb_epsilon_apriori_pilot.py,pathlib.Path,,external
tests/test_eb_epsilon_apriori_pilot.py,scripts.analysis.thickness_mismatch.audits.run_eb_epsilon_apriori_pilot,scripts/analysis/thickness_mismatch/audits/run_eb_epsilon_apriori_pilot.py,resolved
tests/test_eb_epsilon_apriori_pilot.py,scripts.analysis.thickness_mismatch.postprocess.analyze_eb_epsilon_apriori_pilot,scripts/analysis/thickness_mismatch/postprocess/analyze_eb_epsilon_apriori_pilot.py,resolved
tests/test_eb_epsilon_apriori_pilot.py,scripts.analysis.thickness_mismatch.postprocess.analyze_eb_safe_prefix_certification,scripts/analysis/thickness_mismatch/postprocess/analyze_eb_safe_prefix_certification.py,resolved
tests/test_eb_epsilon_apriori_pilot.py,sys,,external
tests/test_eb_epsilon_apriori_pilot.py,tempfile,,external
tests/test_eb_epsilon_apriori_pilot.py,unittest,,external
tests/test_eb_epsilon_apriori_pilot.py,unittest.mock,,external
tests/test_eb_epsilon_baseline_thresholds.py,csv,,external
tests/test_eb_epsilon_baseline_thresholds.py,math,,external
tests/test_eb_epsilon_baseline_thresholds.py,numpy,,external
tests/test_eb_epsilon_baseline_thresholds.py,pathlib.Path,,external
tests/test_eb_epsilon_baseline_thresholds.py,scripts.analysis.thickness_mismatch.audits.audit_eb_epsilon_baseline_thresholds,scripts/analysis/thickness_mismatch/audits/audit_eb_epsilon_baseline_thresholds.py,resolved
tests/test_eb_epsilon_baseline_thresholds.py,sys,,external
tests/test_eb_epsilon_baseline_thresholds.py,tempfile,,external
tests/test_eb_epsilon_baseline_thresholds.py,unittest,,external
tests/test_eb_epsilon_baseline_thresholds.py,unittest.mock,,external
tests/test_eb_epsilon_lower_envelope_step3a.py,__future__.annotations,,external
tests/test_eb_epsilon_lower_envelope_step3a.py,dataclasses.replace,,external
tests/test_eb_epsilon_lower_envelope_step3a.py,math,,external
tests/test_eb_epsilon_lower_envelope_step3a.py,pathlib.Path,,external
tests/test_eb_epsilon_lower_envelope_step3a.py,pytest,,external
tests/test_eb_epsilon_lower_envelope_step3a.py,scripts.analysis.thickness_mismatch.audits.audit_eb_epsilon_lower_envelope_step3a,scripts/analysis/thickness_mismatch/audits/audit_eb_epsilon_lower_envelope_step3a.py,resolved
tests/test_eb_epsilon_lower_envelope_step3a.py,scripts.lib.branch_informed_spectrum_continuation,scripts/lib/branch_informed_spectrum_continuation.py,resolved
tests/test_eb_epsilon_lower_envelope_step3a.py,scripts.lib.epsilon_lower_envelope_metrics,scripts/lib/epsilon_lower_envelope_metrics.py,resolved
tests/test_eb_epsilon_lower_envelope_step3a.py,scripts.lib.general_spectrum_completeness,scripts/lib/general_spectrum_completeness.py,resolved
tests/test_eb_rule_ab_exact_pareto.py,__future__.annotations,,external
tests/test_eb_rule_ab_exact_pareto.py,dataclasses.replace,,external
tests/test_eb_rule_ab_exact_pareto.py,hashlib,,external
tests/test_eb_rule_ab_exact_pareto.py,inspect,,external
tests/test_eb_rule_ab_exact_pareto.py,itertools,,external
tests/test_eb_rule_ab_exact_pareto.py,pathlib.Path,,external
tests/test_eb_rule_ab_exact_pareto.py,pytest,,external
tests/test_eb_rule_ab_exact_pareto.py,scripts.analysis.thickness_mismatch.benchmarks.benchmark_rule_s_cost_break_even,scripts/analysis/thickness_mismatch/benchmarks/benchmark_rule_s_cost_break_even.py,resolved
tests/test_eb_rule_ab_exact_pareto.py,scripts.analysis.thickness_mismatch.postprocess.analyze_eb_rule_ab_exact_pareto,scripts/analysis/thickness_mismatch/postprocess/analyze_eb_rule_ab_exact_pareto.py,resolved
tests/test_eb_rule_ab_exact_pareto.py,shutil,,external
tests/test_eb_safe_prefix_certification.py,csv,,external
tests/test_eb_safe_prefix_certification.py,math,,external
tests/test_eb_safe_prefix_certification.py,pathlib.Path,,external
tests/test_eb_safe_prefix_certification.py,scripts.analysis.thickness_mismatch.audits.audit_eb_validity_fixed_epsilon_geometry_scan,scripts/analysis/thickness_mismatch/audits/audit_eb_validity_fixed_epsilon_geometry_scan.py,resolved
tests/test_eb_safe_prefix_certification.py,scripts.analysis.thickness_mismatch.audits.audit_eb_validity_vs_timoshenko_stage1,scripts/analysis/thickness_mismatch/audits/audit_eb_validity_vs_timoshenko_stage1.py,resolved
tests/test_eb_safe_prefix_certification.py,scripts.analysis.thickness_mismatch.postprocess.analyze_eb_safe_prefix_certification,scripts/analysis/thickness_mismatch/postprocess/analyze_eb_safe_prefix_certification.py,resolved
tests/test_eb_safe_prefix_certification.py,sys,,external
tests/test_eb_safe_prefix_certification.py,tempfile,,external
tests/test_eb_safe_prefix_certification.py,unittest,,external
tests/test_eb_timo_branch_continuation_gateway.py,__future__.annotations,,external
tests/test_eb_timo_branch_continuation_gateway.py,dataclasses.replace,,external
tests/test_eb_timo_branch_continuation_gateway.py,inspect,,external
tests/test_eb_timo_branch_continuation_gateway.py,numpy,,external
tests/test_eb_timo_branch_continuation_gateway.py,pathlib.Path,,external
tests/test_eb_timo_branch_continuation_gateway.py,pytest,,external
tests/test_eb_timo_branch_continuation_gateway.py,scripts.analysis.thickness_mismatch.audits.audit_eb_timo_branch_continuation_gateway,scripts/analysis/thickness_mismatch/audits/audit_eb_timo_branch_continuation_gateway.py,resolved
tests/test_eb_timo_branch_continuation_gateway.py,scripts.analysis.thickness_mismatch.audits.run_eb_epsilon_apriori_pilot,scripts/analysis/thickness_mismatch/audits/run_eb_epsilon_apriori_pilot.py,resolved
tests/test_eb_timo_branch_continuation_gateway.py,scripts.lib.branch_informed_spectrum_continuation,scripts/lib/branch_informed_spectrum_continuation.py,resolved
tests/test_eb_timo_branch_continuation_gateway.py,scripts.lib.general_spectrum_completeness,scripts/lib/general_spectrum_completeness.py,resolved
tests/test_eb_timo_general_spectrum_completeness.py,json,,external
tests/test_eb_timo_general_spectrum_completeness.py,math,,external
tests/test_eb_timo_general_spectrum_completeness.py,numpy,,external
tests/test_eb_timo_general_spectrum_completeness.py,pathlib.Path,,external
tests/test_eb_timo_general_spectrum_completeness.py,scripts.analysis.thickness_mismatch.audits.audit_eb_timo_general_spectrum_completeness,scripts/analysis/thickness_mismatch/audits/audit_eb_timo_general_spectrum_completeness.py,resolved
tests/test_eb_timo_general_spectrum_completeness.py,scripts.analysis.thickness_mismatch.audits.run_eb_epsilon_apriori_pilot,scripts/analysis/thickness_mismatch/audits/run_eb_epsilon_apriori_pilot.py,resolved
tests/test_eb_timo_general_spectrum_completeness.py,scripts.lib.general_spectrum_completeness,scripts/lib/general_spectrum_completeness.py,resolved
tests/test_eb_timo_general_spectrum_completeness.py,sys,,external
tests/test_eb_timo_general_spectrum_completeness.py,tempfile,,external
tests/test_eb_timo_general_spectrum_completeness.py,unittest,,external
tests/test_eb_timo_general_spectrum_completeness.py,unittest.mock,,external
tests/test_eb_validity_fixed_epsilon_scan.py,numpy,,external
tests/test_eb_validity_fixed_epsilon_scan.py,pathlib.Path,,external
tests/test_eb_validity_fixed_epsilon_scan.py,scripts.analysis.thickness_mismatch.audits.audit_eb_validity_fixed_epsilon_geometry_scan,scripts/analysis/thickness_mismatch/audits/audit_eb_validity_fixed_epsilon_geometry_scan.py,resolved
tests/test_eb_validity_fixed_epsilon_scan.py,scripts.lib.variable_length_timoshenko,scripts/lib/variable_length_timoshenko.py,resolved
tests/test_eb_validity_fixed_epsilon_scan.py,sys,,external
tests/test_eb_validity_fixed_epsilon_scan.py,unittest,,external
tests/test_eb_validity_metrics.py,my_project.analytic.formulas_thickness_mismatch.thickness_mismatch_factors,src/my_project/analytic/formulas_thickness_mismatch.py,resolved
tests/test_eb_validity_metrics.py,pathlib.Path,,external
tests/test_eb_validity_metrics.py,scripts.analysis.thickness_mismatch.audits.audit_eb_validity_vs_timoshenko_stage1,scripts/analysis/thickness_mismatch/audits/audit_eb_validity_vs_timoshenko_stage1.py,resolved
tests/test_eb_validity_metrics.py,sys,,external
tests/test_eb_validity_metrics.py,unittest,,external
tests/test_fem_arm_energy_diagnostics.py,__future__.annotations,,external
tests/test_fem_arm_energy_diagnostics.py,scripts.lib.tracked_bending_descendant_shapes.arm_energy_diagnostics,scripts/lib/tracked_bending_descendant_shapes.py,resolved
tests/test_fem_arm_energy_diagnostics.py,scripts.lib.tracked_bending_descendant_shapes.collect_single_branch_shape,scripts/lib/tracked_bending_descendant_shapes.py,resolved
tests/test_fem_arm_energy_diagnostics.py,scripts.lib.tracked_bending_descendant_shapes.radius_from_epsilon,scripts/lib/tracked_bending_descendant_shapes.py,resolved
tests/test_fem_right_transform_convention.py,my_project.analytic.formulas.assemble_clamped_coupled_matrix,src/my_project/analytic/formulas.py,resolved
tests/test_fem_right_transform_convention.py,my_project.fem.python_fem,src/my_project/fem/python_fem.py,resolved
tests/test_fem_right_transform_convention.py,numpy,,external
tests/test_fem_right_transform_convention.py,pathlib.Path,,external
tests/test_fem_right_transform_convention.py,scripts.analysis.check_analytic_shape_in_fem_residual.analytic_local_fields,scripts/analysis/check_analytic_shape_in_fem_residual.py,resolved
tests/test_fem_right_transform_convention.py,scripts.analysis.check_analytic_shape_in_fem_residual.assemble_fem_matrices,scripts/analysis/check_analytic_shape_in_fem_residual.py,resolved
tests/test_fem_right_transform_convention.py,scripts.analysis.check_analytic_shape_in_fem_residual.build_analytic_global_q,scripts/analysis/check_analytic_shape_in_fem_residual.py,resolved
tests/test_fem_right_transform_convention.py,scripts.analysis.check_analytic_shape_in_fem_residual.build_params_for_case,scripts/analysis/check_analytic_shape_in_fem_residual.py,resolved
tests/test_fem_right_transform_convention.py,scripts.analysis.check_analytic_shape_in_fem_residual.residual_metrics,scripts/analysis/check_analytic_shape_in_fem_residual.py,resolved
tests/test_fem_right_transform_convention.py,scripts.analysis.check_analytic_shape_in_fem_residual.resolve_analytic_branch,scripts/analysis/check_analytic_shape_in_fem_residual.py,resolved
tests/test_fem_right_transform_convention.py,scripts.lib.analytic_coupled_rods_shapes.analytic_null_vector,scripts/lib/analytic_coupled_rods_shapes.py,resolved
tests/test_fem_right_transform_convention.py,sys,,external
tests/test_fem_right_transform_convention.py,unittest,,external
tests/test_full_spectrum_analytic_vs_3d_fem_helpers.py,importlib.util,,external
tests/test_full_spectrum_analytic_vs_3d_fem_helpers.py,numpy,,external
tests/test_full_spectrum_analytic_vs_3d_fem_helpers.py,pathlib.Path,,external
tests/test_full_spectrum_analytic_vs_3d_fem_helpers.py,sys,,external
tests/test_full_spectrum_analytic_vs_3d_fem_helpers.py,unittest,,external
tests/test_in_plane_shape_geometry.py,numpy,,external
tests/test_in_plane_shape_geometry.py,pathlib.Path,,external
tests/test_in_plane_shape_geometry.py,scripts.analysis.thickness_mismatch.audits.audit_timoshenko_shape_construction,scripts/analysis/thickness_mismatch/audits/audit_timoshenko_shape_construction.py,resolved
tests/test_in_plane_shape_geometry.py,scripts.lib.in_plane_shape_geometry,scripts/lib/in_plane_shape_geometry.py,resolved
tests/test_in_plane_shape_geometry.py,sys,,external
tests/test_in_plane_shape_geometry.py,unittest,,external
tests/test_out_of_plane_fem_1d.py,math,,external
tests/test_out_of_plane_fem_1d.py,my_project.analytic.formulas_out_of_plane.fixed_fixed_bending_roots_total_length_two,src/my_project/analytic/formulas_out_of_plane.py,resolved
tests/test_out_of_plane_fem_1d.py,my_project.analytic.formulas_out_of_plane.torsion_roots_uniform_eta0_beta0,src/my_project/analytic/formulas_out_of_plane.py,resolved
tests/test_out_of_plane_fem_1d.py,my_project.analytic.out_of_plane_fem_1d.assemble_out_of_plane_fem_1d_matrices,src/my_project/analytic/out_of_plane_fem_1d.py,resolved
tests/test_out_of_plane_fem_1d.py,my_project.analytic.out_of_plane_fem_1d.bending_element_matrices_phi,src/my_project/analytic/out_of_plane_fem_1d.py,resolved
tests/test_out_of_plane_fem_1d.py,my_project.analytic.out_of_plane_fem_1d.first_beta0_eta0_torsion_fem_root,src/my_project/analytic/out_of_plane_fem_1d.py,resolved
tests/test_out_of_plane_fem_1d.py,my_project.analytic.out_of_plane_fem_1d.solve_out_of_plane_fem_1d_frequencies,src/my_project/analytic/out_of_plane_fem_1d.py,resolved
tests/test_out_of_plane_fem_1d.py,my_project.analytic.out_of_plane_fem_1d.torsion_element_matrices,src/my_project/analytic/out_of_plane_fem_1d.py,resolved
tests/test_out_of_plane_fem_1d.py,my_project.analytic.solvers_out_of_plane.find_first_n_roots_out_of_plane,src/my_project/analytic/solvers_out_of_plane.py,resolved
tests/test_out_of_plane_fem_1d.py,numpy,,external
tests/test_out_of_plane_fem_1d.py,pathlib.Path,,external
tests/test_out_of_plane_fem_1d.py,sys,,external
tests/test_out_of_plane_fem_1d.py,unittest,,external
tests/test_out_of_plane_formulas.py,math,,external
tests/test_out_of_plane_formulas.py,my_project.analytic.formulas_out_of_plane.assemble_out_of_plane_beta0_blocks,src/my_project/analytic/formulas_out_of_plane.py,resolved
tests/test_out_of_plane_formulas.py,my_project.analytic.formulas_out_of_plane.assemble_out_of_plane_matrix,src/my_project/analytic/formulas_out_of_plane.py,resolved
tests/test_out_of_plane_formulas.py,my_project.analytic.formulas_out_of_plane.det_out_of_plane,src/my_project/analytic/formulas_out_of_plane.py,resolved
tests/test_out_of_plane_formulas.py,my_project.analytic.formulas_out_of_plane.fixed_fixed_bending_roots_total_length_two,src/my_project/analytic/formulas_out_of_plane.py,resolved
tests/test_out_of_plane_formulas.py,my_project.analytic.formulas_out_of_plane.out_of_plane_factors,src/my_project/analytic/formulas_out_of_plane.py,resolved
tests/test_out_of_plane_formulas.py,my_project.analytic.formulas_out_of_plane.torsion_roots_uniform_eta0_beta0,src/my_project/analytic/formulas_out_of_plane.py,resolved
tests/test_out_of_plane_formulas.py,numpy,,external
tests/test_out_of_plane_formulas.py,pathlib.Path,,external
tests/test_out_of_plane_formulas.py,sys,,external
tests/test_out_of_plane_formulas.py,unittest,,external
tests/test_plot_counterexample_dimensional_frequency_beta.py,__future__.annotations,,external
tests/test_plot_counterexample_dimensional_frequency_beta.py,math,,external
tests/test_plot_counterexample_dimensional_frequency_beta.py,matplotlib.pyplot,,external
tests/test_plot_counterexample_dimensional_frequency_beta.py,numpy,,external
tests/test_plot_counterexample_dimensional_frequency_beta.py,pathlib.Path,,external
tests/test_plot_counterexample_dimensional_frequency_beta.py,pytest,,external
tests/test_plot_counterexample_dimensional_frequency_beta.py,scripts.analysis.thickness_mismatch.maps.plot_counterexample_dimensional_frequency_beta,scripts/analysis/thickness_mismatch/maps/plot_counterexample_dimensional_frequency_beta.py,resolved
tests/test_plot_counterexample_dimensional_frequency_beta.py,scripts.lib.branch_informed_spectrum_continuation,scripts/lib/branch_informed_spectrum_continuation.py,resolved
tests/test_single_rod_reference_curves.py,__future__.annotations,,external
tests/test_single_rod_reference_curves.py,my_project.analytic.FreqMuNet.roots_clamped_supported,src/my_project/analytic/FreqMuNet.py,resolved
tests/test_single_rod_reference_curves.py,my_project.analytic.formulas_thickness_mismatch.thickness_mismatch_factors,src/my_project/analytic/formulas_thickness_mismatch.py,resolved
tests/test_single_rod_reference_curves.py,my_project.analytic.solvers.fixed_fixed_lambdas,src/my_project/analytic/solvers.py,resolved
tests/test_single_rod_reference_curves.py,numpy,,external
tests/test_single_rod_reference_curves.py,pathlib.Path,,external
tests/test_single_rod_reference_curves.py,sys,,external
tests/test_single_rod_reference_curves.py,unittest,,external
tests/test_thickness_mismatch_formulas.py,my_project.analytic.formulas.assemble_clamped_coupled_matrix,src/my_project/analytic/formulas.py,resolved
tests/test_thickness_mismatch_formulas.py,my_project.analytic.formulas.det_clamped_coupled,src/my_project/analytic/formulas.py,resolved
tests/test_thickness_mismatch_formulas.py,my_project.analytic.formulas_thickness_mismatch.assemble_clamped_coupled_matrix_eta,src/my_project/analytic/formulas_thickness_mismatch.py,resolved
tests/test_thickness_mismatch_formulas.py,my_project.analytic.formulas_thickness_mismatch.det_eta,src/my_project/analytic/formulas_thickness_mismatch.py,resolved
tests/test_thickness_mismatch_formulas.py,my_project.analytic.formulas_thickness_mismatch.local_epsilons,src/my_project/analytic/formulas_thickness_mismatch.py,resolved
tests/test_thickness_mismatch_formulas.py,my_project.analytic.formulas_thickness_mismatch.thickness_mismatch_factors,src/my_project/analytic/formulas_thickness_mismatch.py,resolved
tests/test_thickness_mismatch_formulas.py,numpy,,external
tests/test_thickness_mismatch_formulas.py,pathlib.Path,,external
tests/test_thickness_mismatch_formulas.py,sys,,external
tests/test_thickness_mismatch_formulas.py,unittest,,external
tests/test_tracked_bending_descendant_titles.py,pathlib.Path,,external
tests/test_tracked_bending_descendant_titles.py,scripts.lib.tracked_bending_descendant_shapes.infer_bending_descendant_title_label,scripts/lib/tracked_bending_descendant_shapes.py,resolved
tests/test_tracked_bending_descendant_titles.py,sys,,external
tests/test_tracked_bending_descendant_titles.py,unittest,,external
tests/test_universal_eb_validity_parameters.py,pathlib.Path,,external
tests/test_universal_eb_validity_parameters.py,scripts.analysis.thickness_mismatch.audits.analyze_universal_eb_validity_parameters_stage1,scripts/analysis/thickness_mismatch/audits/analyze_universal_eb_validity_parameters_stage1.py,resolved
tests/test_universal_eb_validity_parameters.py,sys,,external
tests/test_universal_eb_validity_parameters.py,unittest,,external
